usrid,separation,probability,ra,dec,err_ellipse_r0,err_ellipse_r1,err_ellipse_ang,name,targname,obsid,hard_hm,hard_hm_lolim,hard_hm_hilim,hard_hs,hard_hs_lolim,hard_hs_hilim,hard_ms,hard_ms_lolim,hard_ms_hilim,flux_powlaw,flux_powlaw_lolim,flux_powlaw_hilim,powlaw_gamma,powlaw_gamma_lolim,powlaw_gamma_hilim,powlaw_gamma_rhat,powlaw_nh,powlaw_nh_lolim,powlaw_nh_hilim,powlaw_nh_rhat,powlaw_ampl,powlaw_ampl_lolim,powlaw_ampl_hilim,powlaw_ampl_rhat,powlaw_stat,flux_bb,flux_bb_lolim,flux_bb_hilim,bb_kt,bb_kt_lolim,bb_kt_hilim,bb_kt_rhat,bb_nh,bb_nh_lolim,bb_nh_hilim,bb_nh_rhat,bb_ampl,bb_ampl_lolim,bb_ampl_hilim,bb_ampl_rhat,bb_stat,flux_brems,flux_brems_lolim,flux_brems_hilim,brems_kt,brems_kt_lolim,brems_kt_hilim,brems_kt_rhat,brems_nh,brems_nh_lolim,brems_nh_hilim,brems_nh_rhat,brems_norm,brems_norm_lolim,brems_norm_hilim,brems_norm_rhat,brems_stat,flux_apec,flux_apec_lolim,flux_apec_hilim,apec_kt,apec_kt_lolim,apec_kt_hilim,apec_kt_rhat,apec_abund,apec_abund_lolim,apec_abund_hilim,apec_abund_rhat,apec_z,apec_z_lolim,apec_z_hilim,apec_z_rhat,apec_nh,apec_nh_lolim,apec_nh_hilim,apec_nh_rhat,apec_norm,apec_norm_lolim,apec_norm_hilim,apec_norm_rhat,apec_stat,var_index_b,var_prob_b,ks_prob_b,kp_prob_b,var_sigma_b,var_mean_b,var_min_b,var_max_b,var_index_h,var_prob_h,ks_prob_h,kp_prob_h,var_sigma_h,var_mean_h,var_min_h,var_max_h,var_index_m,var_prob_m,ks_prob_m,kp_prob_m,var_sigma_m,var_mean_m,var_min_m,var_max_m,var_index_s,var_prob_s,ks_prob_s,kp_prob_s,var_sigma_s,var_mean_s,var_min_s,var_max_s,var_index_u,var_prob_u,ks_prob_u,kp_prob_u,var_sigma_u,var_mean_u,var_min_u,var_max_u,var_index_w,var_prob_w,ks_prob_w,kp_prob_w,var_sigma_w,var_mean_w,var_min_w,var_max_w,ra_decimal,dec_decimal,sep_gaia,dM2_xray,dM2_xray_F23,GaiaDR3_adopted,Notes,dM2_gaia_match
1A 0535+262,     0.10,     0.39, 05 38 54.58,+26 18 56.70,0.29,0.29,0.0,2CXO J053854.5+261856,           HD 245770, 8242,   0.5834,   0.5753,   0.5915,   0.7733,   0.7639,   0.7814,   0.3460,   0.3242,   0.3666,2.790e-12,2.754e-12,2.824e-12,    0.561,    0.527,    0.595,         ,    32.64,    30.03,    35.34,         ,0.0001694,0.0001615,0.0001777,         ,    1.067,2.630e-12,2.590e-12,2.665e-12,    1.597,    1.591,    1.621,         ,9.923e-07,         ,   0.3130,         ,5.877e-05,5.817e-05,6.118e-05,         ,    1.699,2.428e-12,2.402e-12,2.461e-12,    100.0,    98.45,         ,         ,    85.63,    83.17,    88.16,         , 0.001024, 0.001009, 0.001039,         ,    1.953,         ,         ,         ,         ,         ,         ,         ,         ,         ,         ,         ,         ,         ,         ,         ,         ,         ,         ,         ,         ,         ,         ,         ,         , 0,    0.078,    0.906,    0.956,0.0002434,   0.1629,   0.1627,   0.1632, 0,    0.021,    0.400,    0.251,2.302e-05,   0.1128,   0.1128,   0.1129, 6,    0.974,    1.000,    1.000, 0.002937,  0.03971,  0.03678,  0.04265, 2,    0.842,    0.996,    0.977, 0.001036,  0.01038, 0.009349,  0.01142, 0,    0.475,    0.713,    0.664,1.464e-05,0.0002342,0.0002283,0.0003516,  ,         ,         ,         ,         ,         ,         ,         ,84.72741666666666,26.31575,0.11984012015102717,1.022904962197922,1.022904985705606,3441207615229815040,"Gaia: XM=SIMBAD, F23 differs; CXO(2): XM=F23=SIMBAD; XMM: XM=F23=SIMBAD",4.2601822516364244e-07
1A 0535+262,     0.74,     0.15, 05 38 54.59,+26 18 56.07,1.25,1.25,0.0,2CXO J053854.5+261855X,           HD 245770, 8242,         ,         ,         ,         ,         ,         ,         ,         ,         ,         ,         ,         ,         ,         ,         ,         ,         ,         ,         ,         ,         ,         ,         ,         ,         ,         ,         ,         ,         ,         ,         ,         ,         ,         ,         ,         ,         ,         ,         ,         ,         ,         ,         ,         ,         ,         ,         ,         ,         ,         ,         ,         ,         ,         ,         ,         ,         ,         ,         ,         ,         ,         ,         ,         ,         ,         ,         ,         ,         ,         ,         ,         ,         ,         ,         ,         ,         ,         ,         ,         ,         ,  ,         ,         ,         ,         ,         ,         ,         ,  ,         ,         ,         ,         ,         ,         ,         ,  ,         ,         ,         ,         ,         ,         ,         ,  ,         ,         ,         ,         ,         ,         ,         ,  ,         ,         ,         ,         ,         ,         ,         ,  ,         ,         ,         ,         ,         ,         ,         ,84.72745833333332,26.315575,0.7515684915372701,2.165428882422689,2.165428884288691,3441207615229815040,"Gaia: XM=SIMBAD, F23 differs; CXO(2): XM=F23=SIMBAD; XMM: XM=F23=SIMBAD",4.2601822516364244e-07
1A 1118-615,     0.34,     0.01, 11 20 57.11,-61 55 00.15,0.31,0.3,37.8,2CXO J112057.1-615500,           A1118-616, 3819,   0.5059,   0.4916,   0.5203,   0.8495,   0.8376,   0.8588,   0.6009,   0.5753,   0.6265,2.760e-12,2.705e-12,2.824e-12,    1.502,    1.437,    1.569,         ,    105.5,    99.35,    112.0,         ,0.0006927,0.0006332,0.0007591,         ,    1.013,2.603e-12,2.544e-12,2.659e-12,    1.069,    1.045,    1.094,         ,    39.21,    36.10,    42.50,         ,0.0002388,0.0002205,0.0002587,         ,    1.035,2.693e-12,2.658e-12,2.729e-12,    13.58,    12.29,    21.93,         ,    102.8,    94.66,    106.2,         ,0.0009410,0.0009194,0.0009791,         ,    0.979,         ,         ,         ,         ,         ,         ,         ,         ,         ,         ,         ,         ,         ,         ,         ,         ,         ,         ,         ,         ,         ,         ,         ,         , 8,    1.000,    0.989,    1.000,  0.03006,   0.2060,   0.1691,   0.2528, 0,    0.039,    0.904,    0.989,0.0001001,   0.1287,   0.1286,   0.1288, 0,    0.275,    0.964,    0.986, 0.002157,  0.06370,  0.06097,  0.06688, 0,    0.128,    0.188,    0.512,0.0001150,  0.01266,  0.01254,  0.01277, 2,    0.863,    0.967,    0.836,0.0001751,0.0002772,0.0001021,0.0004523,  ,         ,         ,         ,         ,         ,         ,         ,170.23795833333332,-61.91670833333333,0.36303529907604515,8.415397513036975,8.415397545949157,5336957010898124160,Gaia: XM=F23=SIMBAD; CXO: XM=F23=SIMBAD; XMM: none,1.8790133661631643e-06
1FGL J1018.6-5856,     0.05,     0.68, 10 18 55.58,-58 56 45.94,0.29,0.29,91.2,2CXO J101855.6-585645,   0FGL J1018.2-5858,11831,   0.4085,   0.3704,   0.4466,   0.6858,   0.6390,   0.7277,   0.3823,   0.3067,   0.4553,9.149e-13,8.705e-13,9.613e-13,    1.527,    1.388,    1.673,         ,    74.11,    62.87,    86.78,         ,0.0002235,0.0001854,0.0002713,         ,    1.109,8.723e-13,8.190e-13,9.164e-13,    1.073,    1.015,    1.136,         ,    11.39,    5.093,    18.39,         ,7.474e-05,6.165e-05,9.077e-05,         ,    1.446,9.161e-13,8.497e-13,9.755e-13,    16.17,    10.22,    30.26,         ,    67.52,    58.72,    76.48,         ,0.0002977,0.0002821,0.0003153,         ,    1.097,9.114e-13,8.556e-13,9.625e-13,    14.40,    9.488,    25.74,         ,   0.8627,   0.4269,    1.852,         ,   0.3674,   0.3074,   0.4002,         ,    72.92,    62.55,    83.79,         , 0.001336, 0.001204, 0.001486,         ,    1.052, 0,    0.074,    0.458,    0.070,0.0001900,  0.06704,  0.06685,  0.06723, 0,    0.060,    0.599,    0.440,2.361e-05,  0.04019,  0.04016,  0.04021, 0,    0.099,    0.208,    0.482,0.0001077,  0.02198,  0.02188,  0.02209, 6,    0.947,    0.949,    0.830, 0.002926, 0.004877, 0.002470,  0.01489,  ,         ,         ,         ,         ,         ,         ,         ,  ,         ,         ,         ,         ,         ,         ,         ,154.73158333333333,-58.94609444444444,0.04469802235031833,0.1423008324172274,0.14230083310354424,5255509901121774976,Gaia: XM=F23=SIMBAD; CXO: XM=F23=SIMBAD; XMM: XM=F23=SIMBAD,1.0916421569703185e-06
1FGL J1018.6-5856,     0.05,     0.68, 10 18 55.58,-58 56 45.94,0.29,0.29,91.2,2CXO J101855.6-585645,   1FLG J1018.6-5856,14657,   0.4172,   0.3991,   0.4341,   0.7033,   0.6814,   0.7252,   0.4047,   0.3679,   0.4441,9.777e-13,9.540e-13,9.992e-13,    1.518,    1.443,    1.595,         ,    81.50,    74.73,    88.64,         ,0.0002374,0.0002142,0.0002635,         ,    1.036,9.223e-13,8.993e-13,9.434e-13,    1.083,    1.054,    1.112,         ,    12.16,    8.665,    15.83,         ,7.559e-05,6.885e-05,8.300e-05,         ,    1.437,9.717e-13,9.455e-13,9.921e-13,    17.96,    13.88,    24.99,         ,    73.40,    68.15,    78.78,         ,0.0003179,0.0003101,0.0003260,         ,    1.040,         ,         ,         ,         ,         ,         ,         ,         ,         ,         ,         ,         ,         ,         ,         ,         ,         ,         ,         ,         ,         ,         ,         ,         , 0,    0.000,    0.577,    0.872,1.984e-08,  0.06777,  0.06777,  0.06777, 0,    0.035,    0.573,    0.943,6.884e-05,  0.04226,  0.04216,  0.04232, 0,    0.000,    0.820,    0.455,3.648e-08,  0.02158,  0.02158,  0.02158, 0,    0.193,    0.966,    0.860,9.554e-05, 0.003944, 0.003828, 0.004046,  ,         ,         ,         ,         ,         ,         ,         ,  ,         ,         ,         ,         ,         ,         ,         ,154.73158333333333,-58.94609444444444,0.04469802235031833,0.1423008324172274,0.14230083310354424,5255509901121774976,Gaia: XM=F23=SIMBAD; CXO: XM=F23=SIMBAD; XMM: XM=F23=SIMBAD,1.0916421569703185e-06
1FGL J1018.6-5856,     0.05,     0.68, 10 18 55.58,-58 56 45.94,0.29,0.29,91.2,2CXO J101855.6-585645,   1FLG J1018.6-5856,16560,   0.3923,   0.3654,   0.4179,   0.6458,   0.6102,   0.6790,   0.3385,   0.2842,   0.3929,6.920e-13,6.674e-13,7.171e-13,    1.648,    1.537,    1.764,         ,    81.61,    71.71,    92.25,         ,0.0001993,0.0001713,0.0002328,         ,    0.833,6.593e-13,6.349e-13,6.819e-13,    1.037,   0.9980,    1.077,         ,    8.292,    3.334,    13.62,         ,6.281e-05,5.482e-05,7.207e-05,         ,    1.145,6.829e-13,6.502e-13,7.085e-13,    11.38,    8.646,    16.43,         ,    70.57,    63.50,    78.51,         ,0.0002274,0.0002166,0.0002413,         ,    0.829,4.915e-13,1.420e-13,2.048e-12,    10.18,    6.892,    24.10,         ,0.0001335,         ,         ,         , -0.08480,  -0.9075,    6.006,         ,    72.32,    56.91,    87.52,         ,0.0006299,0.0002645,  0.01448,         ,    0.845, 0,    0.048,    0.383,    0.628,5.822e-05,  0.05001,  0.04996,  0.05007, 0,    0.066,    0.234,    0.079,6.824e-05,  0.03014,  0.03008,  0.03021, 0,    0.061,    0.313,    0.748,2.168e-05,  0.01641,  0.01639,  0.01643, 0,    0.084,    0.171,    0.013,1.506e-05, 0.003462, 0.003442, 0.003481,  ,         ,         ,         ,         ,         ,         ,         ,  ,         ,         ,         ,         ,         ,         ,         ,154.73158333333333,-58.94609444444444,0.04469802235031833,0.1423008324172274,0.14230083310354424,5255509901121774976,Gaia: XM=F23=SIMBAD; CXO: XM=F23=SIMBAD; XMM: XM=F23=SIMBAD,1.0916421569703185e-06
2E 1145.5-6155,     0.08,     0.52, 11 48 00.01,-62 12 24.81,0.3,0.29,167.6,2CXO J114800.0-621224,         4U 1145-619, 3820,   0.4647,   0.4566,   0.4728,   0.5671,   0.5590,   0.5753,   0.1387,   0.1255,   0.1518,8.084e-12,8.002e-12,8.177e-12,    0.832,    0.809,    0.856,         ,    16.51,    15.36,    17.68,         ,0.0006801,0.0006606,0.0007004,         ,    1.216,7.123e-12,7.034e-12,7.209e-12,    1.114,    1.110,    1.125,         ,1.805e-07,         ,  0.03555,         ,0.0005077,0.0005030,0.0005175,         ,    1.955,7.129e-12,7.051e-12,7.204e-12,    100.0,    98.76,         ,         ,    33.66,    32.71,    34.63,         , 0.002639, 0.002607, 0.002670,         ,    1.941,         ,         ,         ,         ,         ,         ,         ,         ,         ,         ,         ,         ,         ,         ,         ,         ,         ,         ,         ,         ,         ,         ,         ,         , 8,    1.000,    1.000,    1.000,  0.03626,   0.6556,   0.6041,   0.6838, 8,    1.000,    1.000,    1.000,  0.09818,   0.3460,  0.09994,   0.5597, 8,    1.000,    1.000,    1.000,  0.01628,   0.1914,   0.1751,   0.2076, 0,    0.024,    0.664,    0.696,1.596e-05,   0.1181,   0.1180,   0.1181, 0,    0.420,    0.190,    0.529, 0.001509, 0.008188, 0.007036,  0.01591,  ,         ,         ,         ,         ,         ,         ,         ,177.00004166666668,-62.20689166666667,0.06961699542463468,0.3450869754381466,0.34508697975977176,5334823859608495104,Gaia: XM=F23=SIMBAD; CXO: XM=F23=SIMBAD; XMM: none,5.320034987658569e-07
3A 0656-072,     0.02,     0.89, 06 58 14.51,-07 12 44.96,0.3,0.3,4.5,2CXO J065814.5-071245,        MXB 0656-072,14635,  -0.5584,  -0.6640,  -0.4478,  -0.8670,  -0.9026,  -0.8276,  -0.5971,  -0.6440,  -0.5465,2.698e-13,2.466e-13,2.926e-13,    4.944,    4.438,    5.584,         ,    40.63,    31.58,    51.42,         ,0.0004198,0.0003124,0.0005875,         ,    1.115,2.437e-13,2.236e-13,2.618e-13,   0.2435,   0.2270,   0.2570,         ,2.450e-06,         ,    3.733,         , 0.008706, 0.006738,  0.01323,         ,    1.690,2.480e-13,1.820e-13,2.767e-13,   0.5837,   0.4709,   0.7076,         ,    11.33,    5.532,    18.45,         ,0.0006567,0.0004202, 0.001170,         ,    1.355,         ,         ,         ,         ,         ,         ,         ,         ,         ,         ,         ,         ,         ,         ,         ,         ,         ,         ,         ,         ,         ,         ,         ,         , 0,    0.347,    0.967,    0.857, 0.002323,  0.05649,  0.05417,  0.05881, 0,    0.261,    0.000,    0.002,0.0002132, 0.002883, 0.002711, 0.003789, 0,    0.346,    0.838,    0.701, 0.001058,  0.01469,  0.01370,  0.01599, 0,    0.107,    0.840,    0.518,0.0003580,  0.03879,  0.03839,  0.03919, 0,    0.362,    0.371,    0.217,0.0004196, 0.003511, 0.003185, 0.005607,  ,         ,         ,         ,         ,         ,         ,         ,104.56045833333333,-7.212488888888889,0.07238701767028165,0.3487431128836275,0.34874313893204606,3052677284433717504,"Gaia: XM only, F23+SIMBAD differ; CXO: XM=F23, SIMBAD absent; XMM: none",1.1422987228300497e-07
3A 0726-260,     0.00,     0.98, 07 28 53.58,-26 06 28.87,0.29,0.29,0.0,2CXO J072853.5-260629,          4U 0728-25,14636,   0.6521,   0.6427,   0.6627,   0.8869,   0.8788,   0.8951,   0.5572,   0.5303,   0.5853,1.895e-11,1.863e-11,1.930e-11,    0.516,    0.465,    0.568,         ,    60.10,    55.53,    64.92,         , 0.001131, 0.001053, 0.001217,         ,    1.006,1.796e-11,1.759e-11,1.828e-11,    1.711,    1.661,    1.765,         ,    19.99,    17.45,    22.66,         ,0.0003404,0.0003148,0.0003677,         ,    1.370,1.647e-11,1.616e-11,1.673e-11,    100.0,    96.69,         ,         ,    128.2,    123.8,    132.8,         , 0.007446, 0.007292, 0.007603,         ,    1.693,         ,         ,         ,         ,         ,         ,         ,         ,         ,         ,         ,         ,         ,         ,         ,         ,         ,         ,         ,         ,         ,         ,         ,         , 0,    0.000,    0.948,    0.999,1.585e-10,    1.075,    1.075,    1.075, 0,    0.000,    0.936,    0.984,3.582e-06,   0.7898,   0.7898,   0.7898, 0,    0.000,    0.983,    0.992,4.439e-06,   0.2394,   0.2394,   0.2394, 6,    0.949,    1.000,    0.996,  0.01808,  0.04548,  0.01879,  0.09238, 1,    0.509,    0.123,    0.261,0.0002023, 0.001579, 0.001462, 0.002793,  ,         ,         ,         ,         ,         ,         ,         ,112.22325,-26.108019444444444,0.029925746591703464,0.0637853308008628,0.06378533108854463,5613494119551805184,"Gaia: XM=F23=SIMBAD; CXO: XM=F23=SIMBAD; XMM: XM only, F23+SIMBAD absent",2.7290844541657424e-07
4U 1538-522,     0.17,     0.16, 15 42 23.37,-52 23 09.75,0.29,0.29,0.0,2CXO J154223.3-522309,          4U 1538-52,   90,   0.7670,   0.7539,   0.7801,   0.9432,   0.9338,   0.9513,   0.6359,   0.5853,   0.6852,1.818e-12,1.760e-12,1.870e-12,   -0.453,   -0.553,   -0.354,         ,    24.30,    17.54,    31.49,         ,2.426e-05,2.098e-05,2.801e-05,         ,    3.369,1.889e-12,1.539e-12,2.398e-12,    9.687,    6.819,    16.89,         ,    1.975,         ,    6.492,         ,1.427e-06,7.380e-07,2.249e-06,         ,    3.573,1.279e-12,1.240e-12,1.316e-12,    100.0,    94.23,         ,         ,    185.2,    174.4,    196.9,         ,0.0006225,0.0005995,0.0006461,         ,    5.272,         ,         ,         ,         ,         ,         ,         ,         ,         ,         ,         ,         ,         ,         ,         ,         ,         ,         ,         ,         ,         ,         ,         ,         , 9,    1.000,    1.000,    1.000,  0.02103,  0.09922,  0.05198,   0.1218, 8,    1.000,    1.000,    1.000,  0.01555,  0.08206,  0.05181,  0.09722, 9,    1.000,    1.000,    1.000, 0.005868,  0.01498, 0.001646,  0.01912, 6,    0.990,    0.963,    0.996, 0.001300, 0.002094,0.0003634, 0.005342,  ,         ,         ,         ,         ,         ,         ,         ,  ,         ,         ,         ,         ,         ,         ,         ,235.59737499999997,-52.386041666666664,0.19957548895681274,2.836907834050298,2.836907854433633,5886085557746480000,Gaia: XM=F23=SIMBAD; CXO: XM=F23=SIMBAD; XMM: XM=F23=SIMBAD,9.915204298365561e-08
4U 1901+03,     0.00,     1.00, 19 03 39.39,+03 12 15.69,0.29,0.29,0.0,2CXO J190339.3+031215,           4U1901+03,11066,         ,         ,         ,         ,         ,         ,         ,         ,         ,         ,         ,         ,         ,         ,         ,         ,         ,         ,         ,         ,         ,         ,         ,         ,         ,         ,         ,         ,         ,         ,         ,         ,         ,         ,         ,         ,         ,         ,         ,         ,         ,         ,         ,         ,         ,         ,         ,         ,         ,         ,         ,         ,         ,         ,         ,         ,         ,         ,         ,         ,         ,         ,         ,         ,         ,         ,         ,         ,         ,         ,         ,         ,         ,         ,         ,         ,         ,         ,         ,         ,         ,  ,         ,         ,         ,         ,         ,         ,         ,  ,         ,         ,         ,         ,         ,         ,         ,  ,         ,         ,         ,         ,         ,         ,         ,  ,         ,         ,         ,         ,         ,         ,         ,  ,         ,         ,         ,         ,         ,         ,         ,  ,         ,         ,         ,         ,         ,         ,         ,285.914125,3.2043583333333334,0.010989025367961557,0.008600982811151956,0.008600999593109606,4268774695647764352,"Gaia: XM=F23=SIMBAD; CXO(2): XM only, F23+SIMBAD absent; XMM: none",3.6532031294143316e-09
4U 1901+03,     0.00,     1.00, 19 03 39.39,+03 12 15.69,0.29,0.29,0.0,2CXO J190339.3+031215,          4U 1901+03,22285,   0.6908,   0.5803,   0.7914,   0.9994,   0.8351,   1.0000,   0.9994,   0.3379,   1.0000,         ,         ,         ,         ,         ,         ,         ,         ,         ,         ,         ,         ,         ,         ,         ,         ,         ,         ,         ,         ,         ,         ,         ,         ,         ,         ,         ,         ,         ,         ,         ,         ,         ,         ,         ,         ,         ,         ,         ,         ,         ,         ,         ,         ,         ,         ,         ,         ,         ,         ,         ,         ,         ,         ,         ,         ,         ,         ,         ,         ,         ,         ,         ,         ,         ,         ,         ,         ,         ,         ,         ,         , 1,    0.601,    0.271,    0.134, 0.001525, 0.005652, 0.004437,  0.01304, 2,    0.720,    0.052,    0.242, 0.001504, 0.004710, 0.003631,  0.01174, 0,    0.492,    0.786,    0.293,0.0001023,0.0009418,0.0008898, 0.001585,  ,         ,         ,         ,         ,         ,         ,         ,  ,         ,         ,         ,         ,         ,         ,         ,  ,         ,         ,         ,         ,         ,         ,         ,285.914125,3.2043583333333334,0.010989025367961557,0.008600982811151956,0.008600999593109606,4268774695647764352,"Gaia: XM=F23=SIMBAD; CXO(2): XM only, F23+SIMBAD absent; XMM: none",3.6532031294143316e-09
4U 1901+03,     0.00,     1.00, 19 03 39.39,+03 12 15.69,0.29,0.29,0.0,2CXO J190339.3+031215,          4U 1901+03,22134,         ,         ,         ,         ,         ,         ,         ,         ,         ,         ,         ,         ,         ,         ,         ,         ,         ,         ,         ,         ,         ,         ,         ,         ,         ,         ,         ,         ,         ,         ,         ,         ,         ,         ,         ,         ,         ,         ,         ,         ,         ,         ,         ,         ,         ,         ,         ,         ,         ,         ,         ,         ,         ,         ,         ,         ,         ,         ,         ,         ,         ,         ,         ,         ,         ,         ,         ,         ,         ,         ,         ,         ,         ,         ,         ,         ,         ,         ,         ,         ,         ,  ,         ,         ,         ,         ,         ,         ,         ,  ,         ,         ,         ,         ,         ,         ,         ,  ,         ,         ,         ,         ,         ,         ,         ,  ,         ,         ,         ,         ,         ,         ,         ,  ,         ,         ,         ,         ,         ,         ,         , 0,    0.050,    0.996,    1.000,  0.01112,    23.66,    23.65,    23.67,285.914125,3.2043583333333334,0.010989025367961557,0.008600982811151956,0.008600999593109606,4268774695647764352,"Gaia: XM=F23=SIMBAD; CXO(2): XM only, F23+SIMBAD absent; XMM: none",3.6532031294143316e-09
4U 1901+03,     0.86,     0.53, 19 03 39.45,+03 12 15.92,3.34,3.34,0.0,2CXO J190339.4+031215X,          4U 1901+03,22134,         ,         ,         ,         ,         ,         ,         ,         ,         ,         ,         ,         ,         ,         ,         ,         ,         ,         ,         ,         ,         ,         ,         ,         ,         ,         ,         ,         ,         ,         ,         ,         ,         ,         ,         ,         ,         ,         ,         ,         ,         ,         ,         ,         ,         ,         ,         ,         ,         ,         ,         ,         ,         ,         ,         ,         ,         ,         ,         ,         ,         ,         ,         ,         ,         ,         ,         ,         ,         ,         ,         ,         ,         ,         ,         ,         ,         ,         ,         ,         ,         ,  ,         ,         ,         ,         ,         ,         ,         ,  ,         ,         ,         ,         ,         ,         ,         ,  ,         ,         ,         ,         ,         ,         ,         ,  ,         ,         ,         ,         ,         ,         ,         ,  ,         ,         ,         ,         ,         ,         ,         ,  ,         ,         ,         ,         ,         ,         ,         ,285.914375,3.2044222222222225,0.9173260718258376,0.4518365439070014,0.45183655196444134,4268774695647764352,"Gaia: XM=F23=SIMBAD; CXO(2): XM only, F23+SIMBAD absent; XMM: none",3.6532031294143316e-09
4U 1954+319,     0.00,     1.00, 19 55 42.34,+32 05 48.95,0.38,0.34,130.8,2CXO J195542.3+320549,         4U 1954+319, 5456,         ,         ,         ,         ,         ,         ,         ,         ,         ,         ,         ,         ,         ,         ,         ,         ,         ,         ,         ,         ,         ,         ,         ,         ,         ,         ,         ,         ,         ,         ,         ,         ,         ,         ,         ,         ,         ,         ,         ,         ,         ,         ,         ,         ,         ,         ,         ,         ,         ,         ,         ,         ,         ,         ,         ,         ,         ,         ,         ,         ,         ,         ,         ,         ,         ,         ,         ,         ,         ,         ,         ,         ,         ,         ,         ,         ,         ,         ,         ,         ,         ,  ,         ,         ,         ,         ,         ,         ,         ,  ,         ,         ,         ,         ,         ,         ,         ,  ,         ,         ,         ,         ,         ,         ,         ,  ,         ,         ,         ,         ,         ,         ,         ,  ,         ,         ,         ,         ,         ,         ,         , 0,    0.356,    0.840,    0.471, 0.001575,  0.01360,  0.01195,  0.01620,298.9264166666666,32.09693055555556,0.05595473405545702,0.14890576287780652,0.14890576439149514,2034031438383765760,Gaia: XM=F23=SIMBAD; CXO: XM=F23=SIMBAD; XMM: none,6.765730702182592e-07
ATO J278.3657-10.5901,     0.05,     0.69, 18 33 27.77,-10 35 24.41,0.29,0.29,92.0,2CXO J183327.7-103524,"G21.5-0.9 [Chip S3, T=120, Offsets=-1,20,-4]", 1843,         ,         ,         ,         ,         ,         ,         ,         ,         ,         ,         ,         ,         ,         ,         ,         ,         ,         ,         ,         ,         ,         ,         ,         ,         ,         ,         ,         ,         ,         ,         ,         ,         ,         ,         ,         ,         ,         ,         ,         ,         ,         ,         ,         ,         ,         ,         ,         ,         ,         ,         ,         ,         ,         ,         ,         ,         ,         ,         ,         ,         ,         ,         ,         ,         ,         ,         ,         ,         ,         ,         ,         ,         ,         ,         ,         ,         ,         ,         ,         ,         ,  ,         ,         ,         ,         ,         ,         ,         ,  ,         ,         ,         ,         ,         ,         ,         ,  ,         ,         ,         ,         ,         ,         ,         ,  ,         ,         ,         ,         ,         ,         ,         ,  ,         ,         ,         ,         ,         ,         ,         ,  ,         ,         ,         ,         ,         ,         ,         ,278.3657083333333,-10.59011388888889,0.050078932005467786,0.17862413880740574,0.17862440095104246,4155000844481174656,"Gaia: XM=F23=SIMBAD; CXO: XM=F23, SIMBAD absent; XMM: XM=F23=SIMBAD",1.0764409040933146e-08
ATO J278.3657-10.5901,     0.05,     0.69, 18 33 27.77,-10 35 24.41,0.29,0.29,92.0,2CXO J183327.7-103524,"G21.5-0.9 [Chip S3, T=120, Offsets=-1,15,0]", 1842,         ,         ,         ,         ,         ,         ,         ,         ,         ,         ,         ,         ,         ,         ,         ,         ,         ,         ,         ,         ,         ,         ,         ,         ,         ,         ,         ,         ,         ,         ,         ,         ,         ,         ,         ,         ,         ,         ,         ,         ,         ,         ,         ,         ,         ,         ,         ,         ,         ,         ,         ,         ,         ,         ,         ,         ,         ,         ,         ,         ,         ,         ,         ,         ,         ,         ,         ,         ,         ,         ,         ,         ,         ,         ,         ,         ,         ,         ,         ,         ,         ,  ,         ,         ,         ,         ,         ,         ,         ,  ,         ,         ,         ,         ,         ,         ,         ,  ,         ,         ,         ,         ,         ,         ,         ,  ,         ,         ,         ,         ,         ,         ,         ,  ,         ,         ,         ,         ,         ,         ,         ,  ,         ,         ,         ,         ,         ,         ,         ,278.3657083333333,-10.59011388888889,0.050078932005467786,0.17862413880740574,0.17862440095104246,4155000844481174656,"Gaia: XM=F23=SIMBAD; CXO: XM=F23, SIMBAD absent; XMM: XM=F23=SIMBAD",1.0764409040933146e-08
ATO J278.3657-10.5901,     0.05,     0.69, 18 33 27.77,-10 35 24.41,0.29,0.29,92.0,2CXO J183327.7-103524,"G21.5-0.9 [Chip I3, T=120, Offsets=-1,10,5]", 1841,   0.3573,   0.1955,   0.5053,   0.5497,   0.3979,   0.6839,   0.2386,   0.0381,   0.4316,         ,         ,         ,         ,         ,         ,         ,         ,         ,         ,         ,         ,         ,         ,         ,         ,         ,         ,         ,         ,         ,         ,         ,         ,         ,         ,         ,         ,         ,         ,         ,         ,         ,         ,         ,         ,         ,         ,         ,         ,         ,         ,         ,         ,         ,         ,         ,         ,         ,         ,         ,         ,         ,         ,         ,         ,         ,         ,         ,         ,         ,         ,         ,         ,         ,         ,         ,         ,         ,         ,         ,         , 0,    0.168,    0.907,    0.929, 0.001008,  0.01112, 0.009806,  0.01391, 0,    0.236,    0.824,    0.757,0.0002708, 0.005309, 0.005020, 0.005708, 2,    0.695,    0.244,    0.609, 0.001265, 0.003952, 0.002899, 0.008112, 0,    0.366,    0.092,    0.176,0.0001815, 0.001852, 0.001737, 0.002814,  ,         ,         ,         ,         ,         ,         ,         ,  ,         ,         ,         ,         ,         ,         ,         ,278.3657083333333,-10.59011388888889,0.050078932005467786,0.17862413880740574,0.17862440095104246,4155000844481174656,"Gaia: XM=F23=SIMBAD; CXO: XM=F23, SIMBAD absent; XMM: XM=F23=SIMBAD",1.0764409040933146e-08
ATO J278.3657-10.5901,     0.05,     0.69, 18 33 27.77,-10 35 24.41,0.29,0.29,92.0,2CXO J183327.7-103524,"G21.5-0.9 [Chip I1, T=110, Offsets=-7,0,-1]", 1772,   0.4622,   0.3542,   0.5615,   0.7358,   0.6290,   0.8314,   0.4097,   0.2130,   0.5940,         ,         ,         ,         ,         ,         ,         ,         ,         ,         ,         ,         ,         ,         ,         ,         ,         ,         ,         ,         ,         ,         ,         ,         ,         ,         ,         ,         ,         ,         ,         ,         ,         ,         ,         ,         ,         ,         ,         ,         ,         ,         ,         ,         ,         ,         ,         ,         ,         ,         ,         ,         ,         ,         ,         ,         ,         ,         ,         ,         ,         ,         ,         ,         ,         ,         ,         ,         ,         ,         ,         ,         , 1,    0.573,    0.979,    0.933, 0.001613,  0.01270,  0.01094,  0.01463, 0,    0.208,    0.480,    0.394,0.0006719, 0.007653, 0.007076,  0.01083, 2,    0.717,    0.974,    0.911, 0.001185, 0.003963, 0.002937,  0.01062, 1,    0.512,    0.484,    0.756,0.0001294,0.0009567,0.0008730, 0.001551,  ,         ,         ,         ,         ,         ,         ,         ,  ,         ,         ,         ,         ,         ,         ,         ,278.3657083333333,-10.59011388888889,0.050078932005467786,0.17862413880740574,0.17862440095104246,4155000844481174656,"Gaia: XM=F23=SIMBAD; CXO: XM=F23, SIMBAD absent; XMM: XM=F23=SIMBAD",1.0764409040933146e-08
ATO J278.3657-10.5901,     0.05,     0.69, 18 33 27.77,-10 35 24.41,0.29,0.29,92.0,2CXO J183327.7-103524,"G21.5-0.9 [Chip S3, T=120, Offsets=-1,5,-4]", 1840,   0.4510,   0.3054,   0.5828,   0.7383,   0.6115,   0.8451,   0.4260,   0.2017,   0.6327,         ,         ,         ,         ,         ,         ,         ,         ,         ,         ,         ,         ,         ,         ,         ,         ,         ,         ,         ,         ,         ,         ,         ,         ,         ,         ,         ,         ,         ,         ,         ,         ,         ,         ,         ,         ,         ,         ,         ,         ,         ,         ,         ,         ,         ,         ,         ,         ,         ,         ,         ,         ,         ,         ,         ,         ,         ,         ,         ,         ,         ,         ,         ,         ,         ,         ,         ,         ,         ,         ,         ,         , 0,    0.112,    0.268,    0.705,0.0002985, 0.006705, 0.006449, 0.007928, 1,    0.637,    0.699,    0.948,0.0008685, 0.003739, 0.003170, 0.008227, 0,    0.289,    0.289,    0.099,0.0001604, 0.002192, 0.002087, 0.003101, 0,    0.433,    0.217,    0.106,5.934e-05,0.0007736,0.0007427, 0.001037,  ,         ,         ,         ,         ,         ,         ,         ,  ,         ,         ,         ,         ,         ,         ,         ,278.3657083333333,-10.59011388888889,0.050078932005467786,0.17862413880740574,0.17862440095104246,4155000844481174656,"Gaia: XM=F23=SIMBAD; CXO: XM=F23, SIMBAD absent; XMM: XM=F23=SIMBAD",1.0764409040933146e-08
ATO J278.3657-10.5901,     0.05,     0.69, 18 33 27.77,-10 35 24.41,0.29,0.29,92.0,2CXO J183327.7-103524,"G21.5-0.9 [Chip I1, T=110, Offsets=-5,0,-1]", 1773,   0.4897,   0.3929,   0.5815,   0.6296,   0.5228,   0.7252,   0.1949,   0.0181,   0.3654,         ,         ,         ,         ,         ,         ,         ,         ,         ,         ,         ,         ,         ,         ,         ,         ,         ,         ,         ,         ,         ,         ,         ,         ,         ,         ,         ,         ,         ,         ,         ,         ,         ,         ,         ,         ,         ,         ,         ,         ,         ,         ,         ,         ,         ,         ,         ,         ,         ,         ,         ,         ,         ,         ,         ,         ,         ,         ,         ,         ,         ,         ,         ,         ,         ,         ,         ,         ,         ,         ,         ,         , 0,    0.083,    0.534,    0.689,7.035e-05,  0.01508,  0.01499,  0.01516, 0,    0.190,    0.789,    0.790,0.0003341, 0.008941, 0.008476, 0.009403, 1,    0.611,    0.711,    0.761, 0.001053, 0.004329, 0.003535, 0.008865, 0,    0.344,    0.572,    0.622,0.0001746, 0.001815, 0.001679, 0.002405,  ,         ,         ,         ,         ,         ,         ,         ,  ,         ,         ,         ,         ,         ,         ,         ,278.3657083333333,-10.59011388888889,0.050078932005467786,0.17862413880740574,0.17862440095104246,4155000844481174656,"Gaia: XM=F23=SIMBAD; CXO: XM=F23, SIMBAD absent; XMM: XM=F23=SIMBAD",1.0764409040933146e-08
ATO J278.3657-10.5901,     0.05,     0.69, 18 33 27.77,-10 35 24.41,0.29,0.29,92.0,2CXO J183327.7-103524,"G21.5-0.9 [Chip I3, T=110, Offsets=-5,0,2]", 1777,   0.4185,   0.3167,   0.5141,   0.7408,   0.6402,   0.8289,   0.4635,   0.2879,   0.6252,         ,         ,         ,         ,         ,         ,         ,         ,         ,         ,         ,         ,         ,         ,         ,         ,         ,         ,         ,         ,         ,         ,         ,         ,         ,         ,         ,         ,         ,         ,         ,         ,         ,         ,         ,         ,         ,         ,         ,         ,         ,         ,         ,         ,         ,         ,         ,         ,         ,         ,         ,         ,         ,         ,         ,         ,         ,         ,         ,         ,         ,         ,         ,         ,         ,         ,         ,         ,         ,         ,         ,         , 1,    0.551,    0.975,    0.875, 0.001720,  0.01434,  0.01270,  0.01652, 0,    0.301,    0.877,    0.812,0.0006397, 0.008470, 0.007486, 0.009260, 2,    0.677,    0.754,    0.294, 0.001289, 0.004913, 0.003983,  0.01074, 2,    0.780,    0.921,    0.844,0.0005119, 0.001093,0.0005812, 0.001605,  ,         ,         ,         ,         ,         ,         ,         ,  ,         ,         ,         ,         ,         ,         ,         ,278.3657083333333,-10.59011388888889,0.050078932005467786,0.17862413880740574,0.17862440095104246,4155000844481174656,"Gaia: XM=F23=SIMBAD; CXO: XM=F23, SIMBAD absent; XMM: XM=F23=SIMBAD",1.0764409040933146e-08
ATO J278.3657-10.5901,     0.05,     0.69, 18 33 27.77,-10 35 24.41,0.29,0.29,92.0,2CXO J183327.7-103524,"G21.5-0.9 [Chip I1, T=110, Offsets=-4,0,-1]", 1774,   0.3210,   0.2230,   0.4141,   0.7008,   0.5978,   0.7964,   0.4872,   0.3329,   0.6352,         ,         ,         ,         ,         ,         ,         ,         ,         ,         ,         ,         ,         ,         ,         ,         ,         ,         ,         ,         ,         ,         ,         ,         ,         ,         ,         ,         ,         ,         ,         ,         ,         ,         ,         ,         ,         ,         ,         ,         ,         ,         ,         ,         ,         ,         ,         ,         ,         ,         ,         ,         ,         ,         ,         ,         ,         ,         ,         ,         ,         ,         ,         ,         ,         ,         ,         ,         ,         ,         ,         ,         , 0,    0.071,    0.729,    0.935,8.109e-05,  0.01577,  0.01564,  0.01586, 0,    0.107,    0.228,    0.230,5.006e-05, 0.008369, 0.008298, 0.008431, 0,    0.252,    0.901,    0.887,0.0006034, 0.006137, 0.005549, 0.008145, 0,    0.388,    0.356,    0.201,0.0001095, 0.001256, 0.001177, 0.001679,  ,         ,         ,         ,         ,         ,         ,         ,  ,         ,         ,         ,         ,         ,         ,         ,278.3657083333333,-10.59011388888889,0.050078932005467786,0.17862413880740574,0.17862440095104246,4155000844481174656,"Gaia: XM=F23=SIMBAD; CXO: XM=F23, SIMBAD absent; XMM: XM=F23=SIMBAD",1.0764409040933146e-08
ATO J278.3657-10.5901,     0.05,     0.69, 18 33 27.77,-10 35 24.41,0.29,0.29,92.0,2CXO J183327.7-103524,"G21.5-0.9 [Chip I3, T=110, Offsets=-4,0,2]", 1778,   0.3198,   0.2192,   0.4166,   0.6896,   0.5840,   0.7901,   0.4710,   0.3142,   0.6252,         ,         ,         ,         ,         ,         ,         ,         ,         ,         ,         ,         ,         ,         ,         ,         ,         ,         ,         ,         ,         ,         ,         ,         ,         ,         ,         ,         ,         ,         ,         ,         ,         ,         ,         ,         ,         ,         ,         ,         ,         ,         ,         ,         ,         ,         ,         ,         ,         ,         ,         ,         ,         ,         ,         ,         ,         ,         ,         ,         ,         ,         ,         ,         ,         ,         ,         ,         ,         ,         ,         ,         , 0,    0.128,    0.309,    0.632,0.0001205,  0.01517,  0.01505,  0.01529, 0,    0.213,    0.867,    0.905,0.0005960, 0.008067, 0.007225, 0.009440, 6,    0.974,    0.803,    0.890, 0.004406, 0.005968, 0.001644,  0.01933, 0,    0.379,    0.349,    0.410,9.898e-05, 0.001230, 0.001161, 0.001585,  ,         ,         ,         ,         ,         ,         ,         ,  ,         ,         ,         ,         ,         ,         ,         ,278.3657083333333,-10.59011388888889,0.050078932005467786,0.17862413880740574,0.17862440095104246,4155000844481174656,"Gaia: XM=F23=SIMBAD; CXO: XM=F23, SIMBAD absent; XMM: XM=F23=SIMBAD",1.0764409040933146e-08
ATO J278.3657-10.5901,     0.05,     0.69, 18 33 27.77,-10 35 24.41,0.29,0.29,92.0,2CXO J183327.7-103524,"G21.5-0.9 [Chip I3, T=120, Offsets=-2,2,0]", 2872,   0.4822,   0.3991,   0.5603,   0.8382,   0.7601,   0.9013,   0.5909,   0.4266,   0.7339,         ,         ,         ,         ,         ,         ,         ,         ,         ,         ,         ,         ,         ,         ,         ,         ,         ,         ,         ,         ,         ,         ,         ,         ,         ,         ,         ,         ,         ,         ,         ,         ,         ,         ,         ,         ,         ,         ,         ,         ,         ,         ,         ,         ,         ,         ,         ,         ,         ,         ,         ,         ,         ,         ,         ,         ,         ,         ,         ,         ,         ,         ,         ,         ,         ,         ,         ,         ,         ,         ,         ,         , 0,    0.185,    0.264,    0.394,0.0002560,  0.01325,  0.01299,  0.01350, 0,    0.101,    0.212,    0.307,4.398e-05, 0.008536, 0.008485, 0.008595, 5,    0.869,    0.637,    0.476, 0.001554, 0.004116, 0.003217,  0.01504, 0,    0.450,    0.291,    0.226,4.576e-05,0.0006021,0.0005794,0.0008265,  ,         ,         ,         ,         ,         ,         ,         ,  ,         ,         ,         ,         ,         ,         ,         ,278.3657083333333,-10.59011388888889,0.050078932005467786,0.17862413880740574,0.17862440095104246,4155000844481174656,"Gaia: XM=F23=SIMBAD; CXO: XM=F23, SIMBAD absent; XMM: XM=F23=SIMBAD",1.0764409040933146e-08
ATO J278.3657-10.5901,     0.05,     0.69, 18 33 27.77,-10 35 24.41,0.29,0.29,92.0,2CXO J183327.7-103524,"G21.5-0.9 [Chip I1, T=120, Offsets=-7,0,-1]", 1719,   0.5172,   0.4066,   0.6202,   0.8395,   0.7364,   0.9263,   0.5559,   0.3267,   0.7651,         ,         ,         ,         ,         ,         ,         ,         ,         ,         ,         ,         ,         ,         ,         ,         ,         ,         ,         ,         ,         ,         ,         ,         ,         ,         ,         ,         ,         ,         ,         ,         ,         ,         ,         ,         ,         ,         ,         ,         ,         ,         ,         ,         ,         ,         ,         ,         ,         ,         ,         ,         ,         ,         ,         ,         ,         ,         ,         ,         ,         ,         ,         ,         ,         ,         ,         ,         ,         ,         ,         ,         , 0,    0.219,    0.349,    0.649,0.0003477,  0.01227,  0.01192,  0.01261,  ,         ,         ,         ,         ,         ,         ,         ,  ,         ,         ,         ,         ,         ,         ,         ,  ,         ,         ,         ,         ,         ,         ,         ,  ,         ,         ,         ,         ,         ,         ,         ,  ,         ,         ,         ,         ,         ,         ,         ,278.3657083333333,-10.59011388888889,0.050078932005467786,0.17862413880740574,0.17862440095104246,4155000844481174656,"Gaia: XM=F23=SIMBAD; CXO: XM=F23, SIMBAD absent; XMM: XM=F23=SIMBAD",1.0764409040933146e-08
ATO J278.3657-10.5901,     0.05,     0.69, 18 33 27.77,-10 35 24.41,0.29,0.29,92.0,2CXO J183327.7-103524,"G21.5-0.9 [Chip I3, T=120, Offsets=-2,2,0]", 3473,   0.1337,  -0.0319,   0.2904,   0.6796,   0.4853,   0.8463,   0.5921,   0.3754,   0.7914,         ,         ,         ,         ,         ,         ,         ,         ,         ,         ,         ,         ,         ,         ,         ,         ,         ,         ,         ,         ,         ,         ,         ,         ,         ,         ,         ,         ,         ,         ,         ,         ,         ,         ,         ,         ,         ,         ,         ,         ,         ,         ,         ,         ,         ,         ,         ,         ,         ,         ,         ,         ,         ,         ,         ,         ,         ,         ,         ,         ,         ,         ,         ,         ,         ,         ,         ,         ,         ,         ,         ,         , 0,    0.146,    0.762,    0.541,0.0002273, 0.007538, 0.007201, 0.007904, 0,    0.143,    0.016,    0.002,5.473e-05, 0.003772, 0.003704, 0.003821, 6,    0.964,    0.988,    0.973, 0.001886, 0.003340, 0.001569,  0.01055,  ,         ,         ,         ,         ,         ,         ,         ,  ,         ,         ,         ,         ,         ,         ,         ,  ,         ,         ,         ,         ,         ,         ,         ,278.3657083333333,-10.59011388888889,0.050078932005467786,0.17862413880740574,0.17862440095104246,4155000844481174656,"Gaia: XM=F23=SIMBAD; CXO: XM=F23, SIMBAD absent; XMM: XM=F23=SIMBAD",1.0764409040933146e-08
ATO J278.3657-10.5901,     0.05,     0.69, 18 33 27.77,-10 35 24.41,0.29,0.29,92.0,2CXO J183327.7-103524,"G21.5-0.9 [Chip I1, T=110, Offsets=-2,0,-1]", 1775,   0.2536,   0.1543,   0.3492,   0.6658,   0.5590,   0.7664,   0.4922,   0.3517,   0.6327,         ,         ,         ,         ,         ,         ,         ,         ,         ,         ,         ,         ,         ,         ,         ,         ,         ,         ,         ,         ,         ,         ,         ,         ,         ,         ,         ,         ,         ,         ,         ,         ,         ,         ,         ,         ,         ,         ,         ,         ,         ,         ,         ,         ,         ,         ,         ,         ,         ,         ,         ,         ,         ,         ,         ,         ,         ,         ,         ,         ,         ,         ,         ,         ,         ,         ,         ,         ,         ,         ,         ,         , 0,    0.075,    0.439,    0.759,5.435e-05,  0.01632,  0.01626,  0.01639, 0,    0.160,    0.745,    0.817,0.0003083, 0.008103, 0.007782, 0.008571, 0,    0.253,    0.606,    0.720,0.0007685, 0.006838, 0.005989, 0.009420, 2,    0.725,    0.912,    0.991,0.0003367, 0.001396, 0.001169, 0.003100,  ,         ,         ,         ,         ,         ,         ,         ,  ,         ,         ,         ,         ,         ,         ,         ,278.3657083333333,-10.59011388888889,0.050078932005467786,0.17862413880740574,0.17862440095104246,4155000844481174656,"Gaia: XM=F23=SIMBAD; CXO: XM=F23, SIMBAD absent; XMM: XM=F23=SIMBAD",1.0764409040933146e-08
ATO J278.3657-10.5901,     0.05,     0.69, 18 33 27.77,-10 35 24.41,0.29,0.29,92.0,2CXO J183327.7-103524,"G21.5-0.9 [Chip I3, T=110, Offsets=-2,0,2]", 1779,   0.4984,   0.3854,   0.5978,   0.6583,   0.5365,   0.7664,   0.2286,   0.0269,   0.4329,         ,         ,         ,         ,         ,         ,         ,         ,         ,         ,         ,         ,         ,         ,         ,         ,         ,         ,         ,         ,         ,         ,         ,         ,         ,         ,         ,         ,         ,         ,         ,         ,         ,         ,         ,         ,         ,         ,         ,         ,         ,         ,         ,         ,         ,         ,         ,         ,         ,         ,         ,         ,         ,         ,         ,         ,         ,         ,         ,         ,         ,         ,         ,         ,         ,         ,         ,         ,         ,         ,         ,         , 0,    0.095,    0.661,    0.524,5.847e-05,  0.01012,  0.01004,  0.01017, 0,    0.118,    0.465,    0.438,2.915e-05, 0.006145, 0.006114, 0.006206, 0,    0.271,    0.358,    0.105,0.0002199, 0.002869, 0.002714, 0.003897, 0,    0.383,    0.046,    0.071,8.211e-05, 0.001093, 0.001048, 0.001419,  ,         ,         ,         ,         ,         ,         ,         ,  ,         ,         ,         ,         ,         ,         ,         ,278.3657083333333,-10.59011388888889,0.050078932005467786,0.17862413880740574,0.17862440095104246,4155000844481174656,"Gaia: XM=F23=SIMBAD; CXO: XM=F23, SIMBAD absent; XMM: XM=F23=SIMBAD",1.0764409040933146e-08
ATO J278.3657-10.5901,     0.05,     0.69, 18 33 27.77,-10 35 24.41,0.29,0.29,92.0,2CXO J183327.7-103524,"G21.5-0.9 [Chip S3, T=120, Offsets=-1,2,-1]", 1839,   0.3410,   0.2005,   0.4703,   0.5559,   0.4179,   0.6790,   0.2611,   0.0793,   0.4403,         ,         ,         ,         ,         ,         ,         ,         ,         ,         ,         ,         ,         ,         ,         ,         ,         ,         ,         ,         ,         ,         ,         ,         ,         ,         ,         ,         ,         ,         ,         ,         ,         ,         ,         ,         ,         ,         ,         ,         ,         ,         ,         ,         ,         ,         ,         ,         ,         ,         ,         ,         ,         ,         ,         ,         ,         ,         ,         ,         ,         ,         ,         ,         ,         ,         ,         ,         ,         ,         ,         ,         , 6,    0.905,    0.943,    0.828, 0.003711, 0.008385, 0.005337,  0.02219, 0,    0.229,    0.498,    0.206,0.0002990, 0.003869, 0.003618, 0.005148, 2,    0.745,    0.966,    0.922, 0.001025, 0.002944, 0.001295, 0.004160, 1,    0.602,    0.490,    0.322,0.0002442, 0.001548, 0.001427, 0.003010,  ,         ,         ,         ,         ,         ,         ,         ,  ,         ,         ,         ,         ,         ,         ,         ,278.3657083333333,-10.59011388888889,0.050078932005467786,0.17862413880740574,0.17862440095104246,4155000844481174656,"Gaia: XM=F23=SIMBAD; CXO: XM=F23, SIMBAD absent; XMM: XM=F23=SIMBAD",1.0764409040933146e-08
ATO J278.3657-10.5901,     0.05,     0.69, 18 33 27.77,-10 35 24.41,0.29,0.29,92.0,2CXO J183327.7-103524,"G21.5-0.9 [Chip I1, T=120, Offsets=-5,0,-1]", 1720,   0.4847,   0.4041,   0.5590,   0.7770,   0.7027,   0.8476,   0.4660,   0.3154,   0.6140,         ,         ,         ,         ,         ,         ,         ,         ,         ,         ,         ,         ,         ,         ,         ,         ,         ,         ,         ,         ,         ,         ,         ,         ,         ,         ,         ,         ,         ,         ,         ,         ,         ,         ,         ,         ,         ,         ,         ,         ,         ,         ,         ,         ,         ,         ,         ,         ,         ,         ,         ,         ,         ,         ,         ,         ,         ,         ,         ,         ,         ,         ,         ,         ,         ,         ,         ,         ,         ,         ,         ,         , 0,    0.123,    0.356,    0.102,0.0001592,  0.01992,  0.01976,  0.02008, 0,    0.293,    0.759,    0.321,0.0005635,  0.01245,  0.01188,  0.01301, 0,    0.143,    0.018,    0.027,0.0003370, 0.006157, 0.005888, 0.007536, 0,    0.343,    0.512,    0.118,9.267e-05, 0.001310, 0.001254, 0.001654,  ,         ,         ,         ,         ,         ,         ,         ,  ,         ,         ,         ,         ,         ,         ,         ,278.3657083333333,-10.59011388888889,0.050078932005467786,0.17862413880740574,0.17862440095104246,4155000844481174656,"Gaia: XM=F23=SIMBAD; CXO: XM=F23, SIMBAD absent; XMM: XM=F23=SIMBAD",1.0764409040933146e-08
ATO J278.3657-10.5901,     0.05,     0.69, 18 33 27.77,-10 35 24.41,0.29,0.29,92.0,2CXO J183327.7-103524,"G21.5-0.9 [Chip I3, T=120, Offsets=-5,0,2]", 1724,   0.3985,   0.3104,   0.4816,   0.6821,   0.5890,   0.7701,   0.3860,   0.2367,   0.5353,         ,         ,         ,         ,         ,         ,         ,         ,         ,         ,         ,         ,         ,         ,         ,         ,         ,         ,         ,         ,         ,         ,         ,         ,         ,         ,         ,         ,         ,         ,         ,         ,         ,         ,         ,         ,         ,         ,         ,         ,         ,         ,         ,         ,         ,         ,         ,         ,         ,         ,         ,         ,         ,         ,         ,         ,         ,         ,         ,         ,         ,         ,         ,         ,         ,         ,         ,         ,         ,         ,         ,         , 0,    0.000,    0.867,    0.699,1.865e-06,  0.01919,  0.01918,  0.01919, 0,    0.037,    0.913,    0.663,0.0001749,  0.01083,  0.01053,  0.01124, 0,    0.113,    0.555,    0.752,0.0002880, 0.006652, 0.006410, 0.007900, 0,    0.467,    0.652,    0.724,0.0003871, 0.001697, 0.001298, 0.002762,  ,         ,         ,         ,         ,         ,         ,         ,  ,         ,         ,         ,         ,         ,         ,         ,278.3657083333333,-10.59011388888889,0.050078932005467786,0.17862413880740574,0.17862440095104246,4155000844481174656,"Gaia: XM=F23=SIMBAD; CXO: XM=F23, SIMBAD absent; XMM: XM=F23=SIMBAD",1.0764409040933146e-08
ATO J278.3657-10.5901,     0.05,     0.69, 18 33 27.77,-10 35 24.41,0.29,0.29,92.0,2CXO J183327.7-103524,"G21.5-0.9[Chip I3, T=120, Offsets=-2.5,2.5,0]", 3699,   0.4510,   0.3392,   0.5540,   0.7995,   0.6889,   0.8901,   0.5347,   0.3267,   0.7214,         ,         ,         ,         ,         ,         ,         ,         ,         ,         ,         ,         ,         ,         ,         ,         ,         ,         ,         ,         ,         ,         ,         ,         ,         ,         ,         ,         ,         ,         ,         ,         ,         ,         ,         ,         ,         ,         ,         ,         ,         ,         ,         ,         ,         ,         ,         ,         ,         ,         ,         ,         ,         ,         ,         ,         ,         ,         ,         ,         ,         ,         ,         ,         ,         ,         ,         ,         ,         ,         ,         ,         , 1,    0.550,    0.688,    0.849, 0.002057, 0.008143, 0.006503,  0.01711, 2,    0.872,    0.824,    0.916, 0.001928, 0.005092, 0.003729,  0.01431, 6,    0.974,    0.998,    0.994, 0.001473, 0.002646, 0.001173, 0.004119,  ,         ,         ,         ,         ,         ,         ,         ,  ,         ,         ,         ,         ,         ,         ,         ,  ,         ,         ,         ,         ,         ,         ,         ,278.3657083333333,-10.59011388888889,0.050078932005467786,0.17862413880740574,0.17862440095104246,4155000844481174656,"Gaia: XM=F23=SIMBAD; CXO: XM=F23, SIMBAD absent; XMM: XM=F23=SIMBAD",1.0764409040933146e-08
ATO J278.3657-10.5901,     0.05,     0.69, 18 33 27.77,-10 35 24.41,0.29,0.29,92.0,2CXO J183327.7-103524,"G21.5-0.9 [Chip I1, T=120, Offsets=-4,0,-1]", 1721,   0.4297,   0.3517,   0.5053,   0.6896,   0.6077,   0.7664,   0.3648,   0.2280,   0.5016,2.754e-13,2.403e-13,3.101e-13,    1.646,    1.346,    1.973,         ,    80.56,    56.23,    111.0,         ,8.317e-05,5.543e-05,0.0001289,         ,    1.294,2.632e-13,2.251e-13,2.948e-13,   0.9589,   0.8683,    1.063,         ,    17.87,    3.819,    35.10,         ,3.613e-05,2.455e-05,5.323e-05,         ,    1.211,2.840e-13,2.445e-13,3.181e-13,    9.971,    5.202,    33.74,         ,    72.55,    53.75,    96.85,         ,9.734e-05,8.451e-05,0.0001227,         ,    1.257,2.946e-13,2.421e-13,3.473e-13,    4.319,    3.119,    8.461,         ,    2.668,    1.019,    7.112,         ,  0.02982, -0.02618,   0.1133,         ,    107.6,    72.34,    142.0,         ,0.0002538,0.0001570,0.0003595,         ,    1.033, 0,    0.098,    0.269,    0.553,0.0002717,  0.02244,  0.02207,  0.02281, 0,    0.196,    0.447,    0.364, 0.001210,  0.01305,  0.01190,  0.01727, 0,    0.388,    0.441,    0.519, 0.001229, 0.007312, 0.006322,  0.01276, 0,    0.367,    0.276,    0.432,0.0002049, 0.002088, 0.001944, 0.003150,  ,         ,         ,         ,         ,         ,         ,         ,  ,         ,         ,         ,         ,         ,         ,         ,278.3657083333333,-10.59011388888889,0.050078932005467786,0.17862413880740574,0.17862440095104246,4155000844481174656,"Gaia: XM=F23=SIMBAD; CXO: XM=F23, SIMBAD absent; XMM: XM=F23=SIMBAD",1.0764409040933146e-08
ATO J278.3657-10.5901,     0.05,     0.69, 18 33 27.77,-10 35 24.41,0.29,0.29,92.0,2CXO J183327.7-103524,"G21.5-0.9 [Chip I3, T=120, Offsets=-4,0,2]", 1725,   0.3823,   0.3079,   0.4516,   0.7695,   0.7002,   0.8351,   0.5472,   0.4266,   0.6640,3.608e-13,3.116e-13,3.998e-13,    1.471,    1.200,    1.764,         ,    82.52,    60.98,    107.8,         ,8.657e-05,6.005e-05,0.0001268,         ,    1.063,3.456e-13,2.980e-13,3.827e-13,    1.163,    1.040,    1.305,         ,    10.86,         ,    24.81,         ,2.322e-05,1.602e-05,3.386e-05,         ,    1.530,3.849e-13,3.027e-13,4.383e-13,    22.80,    9.050,    368.2,         ,    75.36,    58.56,    93.97,         ,0.0001242,0.0001119,0.0001680,         ,    1.071,         ,         ,         ,         ,         ,         ,         ,         ,         ,         ,         ,         ,         ,         ,         ,         ,         ,         ,         ,         ,         ,         ,         ,         , 0,    0.124,    0.219,    0.530,0.0002237,  0.02662,  0.02639,  0.02684, 0,    0.066,    0.116,    0.272,1.460e-05,  0.01527,  0.01525,  0.01529, 0,    0.150,    0.213,    0.583,0.0001636, 0.009673, 0.009473, 0.009869, 1,    0.579,    0.678,    0.616,0.0002822, 0.001697, 0.001554, 0.003824,  ,         ,         ,         ,         ,         ,         ,         ,  ,         ,         ,         ,         ,         ,         ,         ,278.3657083333333,-10.59011388888889,0.050078932005467786,0.17862413880740574,0.17862440095104246,4155000844481174656,"Gaia: XM=F23=SIMBAD; CXO: XM=F23, SIMBAD absent; XMM: XM=F23=SIMBAD",1.0764409040933146e-08
ATO J278.3657-10.5901,     0.05,     0.69, 18 33 27.77,-10 35 24.41,0.29,0.29,92.0,2CXO J183327.7-103524,"G21.5-0.9 [Chip S3, T=120, Offsets=-1,0,0]", 1554,   0.3985,   0.3354,   0.4591,   0.7220,   0.6690,   0.7714,   0.4547,   0.3641,   0.5428,2.827e-13,2.549e-13,3.080e-13,    1.412,    1.195,    1.642,         ,    62.51,    49.25,    78.26,         ,5.878e-05,4.473e-05,7.775e-05,         ,    0.726,2.503e-13,2.184e-13,2.763e-13,   0.9998,   0.9112,    1.100,         ,    14.86,    6.685,    24.40,         ,2.900e-05,2.107e-05,3.995e-05,         ,    1.158,2.908e-13,2.579e-13,3.133e-13,    25.79,    10.27,    313.9,         ,    58.63,    47.85,    71.10,         ,9.182e-05,8.270e-05,0.0001243,         ,    0.728,2.986e-13,2.481e-13,3.631e-13,    16.94,    7.436,         ,         ,    1.374,         ,    3.852,         ,   0.1983,  -0.9870,    3.862,         ,    61.56,    49.07,    76.54,         ,0.0003058,8.720e-06, 0.003106,         ,    0.813, 1,    0.644,    0.988,    0.950, 0.002644,  0.02688,  0.02381,  0.03004, 1,    0.535,    0.984,    0.987, 0.001842,  0.01417,  0.01219,  0.01671, 0,    0.350,    0.603,    0.303,0.0005754, 0.009448, 0.008873,  0.01002, 0,    0.379,    0.857,    0.480,0.0005666, 0.003033, 0.002374, 0.004312,  ,         ,         ,         ,         ,         ,         ,         ,  ,         ,         ,         ,         ,         ,         ,         ,278.3657083333333,-10.59011388888889,0.050078932005467786,0.17862413880740574,0.17862440095104246,4155000844481174656,"Gaia: XM=F23=SIMBAD; CXO: XM=F23, SIMBAD absent; XMM: XM=F23=SIMBAD",1.0764409040933146e-08
ATO J278.3657-10.5901,     0.05,     0.69, 18 33 27.77,-10 35 24.41,0.29,0.29,92.0,2CXO J183327.7-103524,"G21.5-0.9 [Chip S3, T=110, Offsets=-1,0,3]", 1769,   0.4097,   0.3404,   0.4778,   0.8445,   0.7976,   0.8888,   0.6658,   0.5715,   0.7552,2.912e-13,2.497e-13,3.263e-13,    1.606,    1.319,    1.925,         ,    106.9,    81.72,    138.8,         ,8.882e-05,6.003e-05,0.0001362,         ,    1.086,2.726e-13,2.286e-13,3.047e-13,    1.045,   0.9388,    1.165,         ,    32.69,    19.47,    48.84,         ,2.855e-05,1.961e-05,4.205e-05,         ,    1.293,3.026e-13,2.663e-13,3.172e-13,    11.90,    6.215,    46.84,         ,    97.99,    78.57,    121.2,         ,0.0001064,9.525e-05,0.0001268,         ,    1.066,4.680e-13,8.061e-14,2.034e-12,    9.294,    2.259,    42.35,         ,2.222e-05,         ,    9.191,         ,  -0.1364,  -0.9784,    9.435,         ,    100.0,    70.97,    144.4,         ,0.0002723,2.233e-06,  0.01225,         ,    1.329, 0,    0.144,    0.962,    0.992,0.0003858,  0.02785,  0.02735,  0.02837, 0,    0.112,    0.895,    0.839,0.0002297,  0.01598,  0.01576,  0.01631, 0,    0.486,    0.865,    0.957, 0.002286,  0.01013, 0.007868,  0.02039, 0,    0.380,    0.305,    0.198,0.0002099, 0.001731, 0.001543, 0.002483,  ,         ,         ,         ,         ,         ,         ,         ,  ,         ,         ,         ,         ,         ,         ,         ,278.3657083333333,-10.59011388888889,0.050078932005467786,0.17862413880740574,0.17862440095104246,4155000844481174656,"Gaia: XM=F23=SIMBAD; CXO: XM=F23, SIMBAD absent; XMM: XM=F23=SIMBAD",1.0764409040933146e-08
ATO J278.3657-10.5901,     0.05,     0.69, 18 33 27.77,-10 35 24.41,0.29,0.29,92.0,2CXO J183327.7-103524,"G21.5-0.9 [Chip S3, T=110, Offsets=-1,0,0]", 1770,   0.3285,   0.2530,   0.4004,   0.6321,   0.5640,   0.6977,   0.3823,   0.2829,   0.4816,2.526e-13,2.229e-13,2.790e-13,    1.874,    1.637,    2.132,         ,    80.44,    65.64,    98.01,         ,9.648e-05,7.209e-05,0.0001310,         ,    0.476,2.366e-13,2.089e-13,2.616e-13,   0.9000,   0.8219,   0.9841,         ,    20.43,    11.68,    30.66,         ,4.182e-05,3.038e-05,5.813e-05,         ,    0.660,2.386e-13,1.817e-13,2.678e-13,    6.167,    4.230,    10.21,         ,    69.35,    58.15,    82.70,         ,9.718e-05,8.350e-05,0.0001165,         ,    0.413,2.447e-13,2.235e-13,2.656e-13,    3.074,   0.2259,    26.56,         ,2.116e-06,         ,    5.927,         ,  -0.4928,  -0.8579,    13.80,         ,    69.13,    47.95,    83.29,         ,0.0001078,4.369e-06, 0.003004,         ,    0.514, 0,    0.082,    0.524,    0.663,3.430e-05,  0.02805,  0.02801,  0.02808, 0,    0.354,    0.759,    0.907, 0.002476,  0.01342,  0.01071,  0.02420, 0,    0.105,    0.291,    0.141,8.971e-05,  0.01041,  0.01029,  0.01049, 0,    0.167,    0.222,    0.090,9.137e-05, 0.004232, 0.004150, 0.004337,  ,         ,         ,         ,         ,         ,         ,         ,  ,         ,         ,         ,         ,         ,         ,         ,278.3657083333333,-10.59011388888889,0.050078932005467786,0.17862413880740574,0.17862440095104246,4155000844481174656,"Gaia: XM=F23=SIMBAD; CXO: XM=F23, SIMBAD absent; XMM: XM=F23=SIMBAD",1.0764409040933146e-08
ATO J278.3657-10.5901,     0.05,     0.69, 18 33 27.77,-10 35 24.41,0.29,0.29,92.0,2CXO J183327.7-103524,"G21.5-0.9 [Chip S3, T=110, Offsets=-1,0,-3]", 1771,   0.5209,   0.4491,   0.5915,   0.7158,   0.6527,   0.7726,   0.3098,   0.1830,   0.4304,2.452e-13,2.126e-13,2.747e-13,    1.256,    0.988,    1.542,         ,    62.03,    44.68,    82.88,         ,4.264e-05,3.014e-05,6.087e-05,         ,    0.748,2.234e-13,1.851e-13,2.547e-13,    1.107,   0.9855,    1.252,         ,    13.57,    3.000,    26.26,         ,1.813e-05,1.227e-05,2.667e-05,         ,    1.006,2.525e-13,2.234e-13,2.806e-13,    93.58,    14.35,         ,         ,    60.55,    50.95,    77.83,         ,0.0001011,7.283e-05,0.0001136,         ,    0.745,2.817e-13,2.502e-13,3.112e-13,    34.31,    2.132,         ,         ,4.958e-06,         ,         ,         ,  -0.5484,  -0.9893,    3.170,         ,    61.19,    49.19,    97.57,         ,9.221e-05,4.720e-07, 0.002150,         ,    0.980, 0,    0.092,    0.101,    0.155,4.977e-05,  0.02268,  0.02263,  0.02273, 0,    0.121,    0.703,    0.749,0.0001668,  0.01313,  0.01294,  0.01331, 0,    0.155,    0.492,    0.486,0.0001228, 0.006415, 0.006278, 0.006581, 1,    0.516,    0.986,    0.902,0.0005696, 0.003099, 0.002526, 0.003801,  ,         ,         ,         ,         ,         ,         ,         ,  ,         ,         ,         ,         ,         ,         ,         ,278.3657083333333,-10.59011388888889,0.050078932005467786,0.17862413880740574,0.17862440095104246,4155000844481174656,"Gaia: XM=F23=SIMBAD; CXO: XM=F23, SIMBAD absent; XMM: XM=F23=SIMBAD",1.0764409040933146e-08
ATO J278.3657-10.5901,     0.05,     0.69, 18 33 27.77,-10 35 24.41,0.29,0.29,92.0,2CXO J183327.7-103524,"G21.5-0.9 [Chip I1, T=110, Offsets=-0,0,-1]", 1776,   0.4247,   0.3304,   0.5153,   0.7158,   0.6215,   0.7976,   0.4135,   0.2505,   0.5640,         ,         ,         ,         ,         ,         ,         ,         ,         ,         ,         ,         ,         ,         ,         ,         ,         ,         ,         ,         ,         ,         ,         ,         ,         ,         ,         ,         ,         ,         ,         ,         ,         ,         ,         ,         ,         ,         ,         ,         ,         ,         ,         ,         ,         ,         ,         ,         ,         ,         ,         ,         ,         ,         ,         ,         ,         ,         ,         ,         ,         ,         ,         ,         ,         ,         ,         ,         ,         ,         ,         ,         , 0,    0.180,    0.815,    0.823,0.0004270,  0.01747,  0.01694,  0.01791, 0,    0.154,    0.563,    0.739,0.0006922,  0.01027, 0.009348,  0.01236, 0,    0.343,    0.555,    0.534,0.0007946, 0.005747, 0.004983, 0.009635, 0,    0.330,    0.265,    0.403,0.0001150, 0.001471, 0.001367, 0.001933,  ,         ,         ,         ,         ,         ,         ,         ,  ,         ,         ,         ,         ,         ,         ,         ,278.3657083333333,-10.59011388888889,0.050078932005467786,0.17862413880740574,0.17862440095104246,4155000844481174656,"Gaia: XM=F23=SIMBAD; CXO: XM=F23, SIMBAD absent; XMM: XM=F23=SIMBAD",1.0764409040933146e-08
ATO J278.3657-10.5901,     0.05,     0.69, 18 33 27.77,-10 35 24.41,0.29,0.29,92.0,2CXO J183327.7-103524,"G21.5-0.9 [Chip S0, T=120, Offsets=22,0,0]", 1432,         ,         ,         ,         ,         ,         ,         ,         ,         ,         ,         ,         ,         ,         ,         ,         ,         ,         ,         ,         ,         ,         ,         ,         ,         ,         ,         ,         ,         ,         ,         ,         ,         ,         ,         ,         ,         ,         ,         ,         ,         ,         ,         ,         ,         ,         ,         ,         ,         ,         ,         ,         ,         ,         ,         ,         ,         ,         ,         ,         ,         ,         ,         ,         ,         ,         ,         ,         ,         ,         ,         ,         ,         ,         ,         ,         ,         ,         ,         ,         ,         ,  ,         ,         ,         ,         ,         ,         ,         ,  ,         ,         ,         ,         ,         ,         ,         ,  ,         ,         ,         ,         ,         ,         ,         ,  ,         ,         ,         ,         ,         ,         ,         ,  ,         ,         ,         ,         ,         ,         ,         ,  ,         ,         ,         ,         ,         ,         ,         ,278.3657083333333,-10.59011388888889,0.050078932005467786,0.17862413880740574,0.17862440095104246,4155000844481174656,"Gaia: XM=F23=SIMBAD; CXO: XM=F23, SIMBAD absent; XMM: XM=F23=SIMBAD",1.0764409040933146e-08
ATO J278.3657-10.5901,     0.05,     0.69, 18 33 27.77,-10 35 24.41,0.29,0.29,92.0,2CXO J183327.7-103524,"G21.5-0.9 [Chip I1, T=120, Offsets=-2,0,-1]", 1722,   0.2736,   0.1830,   0.3592,   0.7046,   0.6177,   0.7876,   0.5334,   0.4091,   0.6540,2.451e-13,2.057e-13,2.750e-13,    1.589,    1.258,    1.945,         ,    74.28,    50.50,    101.9,         ,6.760e-05,4.368e-05,0.0001057,         ,    1.303,2.318e-13,1.826e-13,2.939e-13,    1.060,   0.9265,    1.198,         ,    5.011,         ,    21.29,         ,2.120e-05,1.439e-05,3.397e-05,         ,    2.044,2.553e-13,2.233e-13,2.849e-13,    15.77,    6.476,    194.4,         ,    63.67,    45.76,    78.66,         ,8.311e-05,7.402e-05,9.302e-05,         ,    1.348,2.107e-13,5.787e-14,8.846e-13,    8.288,    3.423,         ,         ,    2.494,         ,         ,         , -0.03917,  -0.9776,    8.014,         ,    73.33,    46.16,    127.7,         ,0.0001767,7.850e-06, 0.007781,         ,    1.837, 0,    0.414,    0.981,    0.997, 0.002487,  0.02018,  0.01780,  0.02625, 0,    0.234,    0.846,    0.979, 0.001079,  0.01031, 0.009189,  0.01543, 0,    0.415,    0.950,    0.987, 0.001343, 0.008361, 0.006125,  0.01040, 0,    0.403,    0.698,    0.424,0.0001739, 0.001566, 0.001444, 0.002229,  ,         ,         ,         ,         ,         ,         ,         ,  ,         ,         ,         ,         ,         ,         ,         ,278.3657083333333,-10.59011388888889,0.050078932005467786,0.17862413880740574,0.17862440095104246,4155000844481174656,"Gaia: XM=F23=SIMBAD; CXO: XM=F23, SIMBAD absent; XMM: XM=F23=SIMBAD",1.0764409040933146e-08
ATO J278.3657-10.5901,     0.05,     0.69, 18 33 27.77,-10 35 24.41,0.29,0.29,92.0,2CXO J183327.7-103524,"G21.5-0.9 [Chip I3, T=120, Offsets=-2,0,2]", 1726,   0.3548,   0.2767,   0.4316,   0.8470,   0.7839,   0.9051,   0.7033,   0.5903,   0.8089,2.938e-13,2.515e-13,3.312e-13,    1.727,    1.388,    2.088,         ,    113.8,    85.48,    145.8,         ,0.0001067,6.764e-05,0.0001702,         ,    0.750,2.719e-13,2.132e-13,3.074e-13,    1.059,   0.9329,    1.209,         ,    28.30,    11.67,    47.76,         ,2.734e-05,1.725e-05,4.341e-05,         ,    1.564,3.089e-13,2.651e-13,3.465e-13,    11.03,    5.612,    53.18,         ,    97.29,    76.15,    120.6,         ,0.0001101,9.735e-05,0.0001350,         ,    0.826,         ,         ,         ,         ,         ,         ,         ,         ,         ,         ,         ,         ,         ,         ,         ,         ,         ,         ,         ,         ,         ,         ,         ,         , 0,    0.108,    0.438,    0.706,0.0001250,  0.02231,  0.02219,  0.02244, 0,    0.089,    0.528,    0.809,7.457e-05,  0.01279,  0.01271,  0.01288, 0,    0.400,    0.607,    0.507,0.0007085, 0.008612, 0.007903, 0.009320, 0,    0.430,    0.036,    0.069,7.881e-05,0.0009135,0.0008720, 0.001263,  ,         ,         ,         ,         ,         ,         ,         ,  ,         ,         ,         ,         ,         ,         ,         ,278.3657083333333,-10.59011388888889,0.050078932005467786,0.17862413880740574,0.17862440095104246,4155000844481174656,"Gaia: XM=F23=SIMBAD; CXO: XM=F23, SIMBAD absent; XMM: XM=F23=SIMBAD",1.0764409040933146e-08
ATO J278.3657-10.5901,     0.05,     0.69, 18 33 27.77,-10 35 24.41,0.29,0.29,92.0,2CXO J183327.7-103524,"G21.5-0.9[Chip I3, T=120, Offsets=-2.5,2.5,0]", 3692,   0.3823,   0.2605,   0.4953,   0.6096,   0.4641,   0.7352,   0.2848,   0.0781,   0.4828,         ,         ,         ,         ,         ,         ,         ,         ,         ,         ,         ,         ,         ,         ,         ,         ,         ,         ,         ,         ,         ,         ,         ,         ,         ,         ,         ,         ,         ,         ,         ,         ,         ,         ,         ,         ,         ,         ,         ,         ,         ,         ,         ,         ,         ,         ,         ,         ,         ,         ,         ,         ,         ,         ,         ,         ,         ,         ,         ,         ,         ,         ,         ,         ,         ,         ,         ,         ,         ,         ,         ,         , 0,    0.141,    0.379,    0.545,7.152e-05, 0.008163, 0.008092, 0.008235, 0,    0.454,    0.629,    0.920,0.0007856, 0.004545, 0.003946, 0.008697, 1,    0.558,    0.787,    0.816,0.0005779, 0.002790, 0.002322, 0.004865, 0,    0.482,    0.735,    0.713,8.466e-05,0.0008267,0.0007849, 0.001324,  ,         ,         ,         ,         ,         ,         ,         ,  ,         ,         ,         ,         ,         ,         ,         ,278.3657083333333,-10.59011388888889,0.050078932005467786,0.17862413880740574,0.17862440095104246,4155000844481174656,"Gaia: XM=F23=SIMBAD; CXO: XM=F23, SIMBAD absent; XMM: XM=F23=SIMBAD",1.0764409040933146e-08
ATO J278.3657-10.5901,     0.05,     0.69, 18 33 27.77,-10 35 24.41,0.29,0.29,92.0,2CXO J183327.7-103524,"G21.5-0.9 [Chip S3, T=120, Offsets=-1,0,0]", 1717,   0.3898,   0.3179,   0.4603,   0.8332,   0.7851,   0.8788,   0.6571,   0.5653,   0.7464,2.530e-13,2.106e-13,2.861e-13,    2.032,    1.681,    2.433,         ,    135.0,    105.0,    172.3,         ,0.0001435,9.037e-05,0.0002407,         ,    0.889,2.259e-13,1.772e-13,2.551e-13,   0.8792,   0.7800,   0.9918,         ,    48.61,    32.68,    68.22,         ,4.946e-05,3.147e-05,7.991e-05,         ,    1.516,2.533e-13,2.003e-13,2.873e-13,    5.670,    3.512,    11.50,         ,    111.3,    90.35,    136.6,         ,0.0001196,9.608e-05,0.0001613,         ,    0.955,2.879e-13,1.559e-13,4.789e-13,    3.352,    2.430,    5.307,         ,    1.861,   0.2990,    5.492,         ,  0.08636, -0.03768,   0.3124,         ,    143.8,    110.3,    190.0,         ,0.0003722,6.636e-05,0.0007059,         ,    0.903, 0,    0.114,    0.501,    0.435,0.0001774,  0.02568,  0.02550,  0.02586, 0,    0.108,    0.904,    0.885,0.0002273,  0.01416,  0.01397,  0.01455, 0,    0.092,    0.000,    0.003,3.759e-05, 0.009698, 0.009654, 0.009754, 0,    0.448,    0.186,    0.378,0.0002346, 0.001834, 0.001695, 0.002816,  ,         ,         ,         ,         ,         ,         ,         ,  ,         ,         ,         ,         ,         ,         ,         ,278.3657083333333,-10.59011388888889,0.050078932005467786,0.17862413880740574,0.17862440095104246,4155000844481174656,"Gaia: XM=F23=SIMBAD; CXO: XM=F23, SIMBAD absent; XMM: XM=F23=SIMBAD",1.0764409040933146e-08
ATO J278.3657-10.5901,     0.05,     0.69, 18 33 27.77,-10 35 24.41,0.29,0.29,92.0,2CXO J183327.7-103524,"G21.5-0.9 [Chip S3, T=120, Offsets=-1,0,-3]", 1718,   0.4372,   0.3679,   0.5041,   0.8195,   0.7701,   0.8638,   0.5959,   0.4966,   0.6852,2.970e-13,2.595e-13,3.331e-13,    1.453,    1.174,    1.751,         ,    82.37,    64.48,    103.0,         ,6.969e-05,4.906e-05,9.979e-05,         ,    0.532,2.569e-13,2.090e-13,2.903e-13,    1.043,   0.9207,    1.188,         ,    25.12,    14.01,    38.10,         ,2.715e-05,1.781e-05,4.146e-05,         ,    1.432,3.147e-13,2.828e-13,3.432e-13,    29.75,    9.492,     3754,         ,    74.94,    62.10,    90.26,         ,0.0001049,9.241e-05,0.0001426,         ,    0.571,4.097e-13,3.236e-13,5.108e-13,    27.29,    3.750,         ,         ,0.0003024,         ,    9.798,         ,  -0.1060,  -0.9925,    5.543,         ,    74.77,    61.68,    122.1,         ,0.0002813,3.458e-07, 0.005286,         ,    0.705, 1,    0.578,    0.990,    0.965, 0.002767,  0.02637,  0.02360,  0.03005, 0,    0.100,    0.533,    0.780,0.0001193,  0.01474,  0.01460,  0.01490, 1,    0.632,    0.964,    0.836, 0.001601, 0.009276, 0.007849,  0.01132, 2,    0.754,    0.904,    0.634,0.0007921, 0.002219, 0.001427, 0.003011,  ,         ,         ,         ,         ,         ,         ,         ,  ,         ,         ,         ,         ,         ,         ,         ,278.3657083333333,-10.59011388888889,0.050078932005467786,0.17862413880740574,0.17862440095104246,4155000844481174656,"Gaia: XM=F23=SIMBAD; CXO: XM=F23, SIMBAD absent; XMM: XM=F23=SIMBAD",1.0764409040933146e-08
ATO J278.3657-10.5901,     0.05,     0.69, 18 33 27.77,-10 35 24.41,0.29,0.29,92.0,2CXO J183327.7-103524,"G21.5-0.9 [Chip I1, T=120, Offsets=-0,0,-1]", 1723,   0.4135,   0.3192,   0.5028,   0.7695,   0.6752,   0.8476,   0.5134,   0.3479,   0.6615,         ,         ,         ,         ,         ,         ,         ,         ,         ,         ,         ,         ,         ,         ,         ,         ,         ,         ,         ,         ,         ,         ,         ,         ,         ,         ,         ,         ,         ,         ,         ,         ,         ,         ,         ,         ,         ,         ,         ,         ,         ,         ,         ,         ,         ,         ,         ,         ,         ,         ,         ,         ,         ,         ,         ,         ,         ,         ,         ,         ,         ,         ,         ,         ,         ,         ,         ,         ,         ,         ,         ,         , 0,    0.071,    0.749,    0.851,0.0003260,  0.01513,  0.01469,  0.01586, 1,    0.515,    0.731,    0.917, 0.001893, 0.008863, 0.005283,  0.01211, 1,    0.657,    0.169,    0.228, 0.001512, 0.005219, 0.004016,  0.01179, 0,    0.394,    0.427,    0.609,8.166e-05, 0.001044,0.0009963, 0.001369,  ,         ,         ,         ,         ,         ,         ,         ,  ,         ,         ,         ,         ,         ,         ,         ,278.3657083333333,-10.59011388888889,0.050078932005467786,0.17862413880740574,0.17862440095104246,4155000844481174656,"Gaia: XM=F23=SIMBAD; CXO: XM=F23, SIMBAD absent; XMM: XM=F23=SIMBAD",1.0764409040933146e-08
ATO J278.3657-10.5901,     0.05,     0.69, 18 33 27.77,-10 35 24.41,0.29,0.29,92.0,2CXO J183327.7-103524,"G21.5-09[S3,-120,-1.0,0,0]", 5166,   0.4297,   0.3054,   0.5440,   0.5534,   0.4279,   0.6652,   0.1599,  -0.0206,   0.3367,         ,         ,         ,         ,         ,         ,         ,         ,         ,         ,         ,         ,         ,         ,         ,         ,         ,         ,         ,         ,         ,         ,         ,         ,         ,         ,         ,         ,         ,         ,         ,         ,         ,         ,         ,         ,         ,         ,         ,         ,         ,         ,         ,         ,         ,         ,         ,         ,         ,         ,         ,         ,         ,         ,         ,         ,         ,         ,         ,         ,         ,         ,         ,         ,         ,         ,         ,         ,         ,         ,         ,         , 0,    0.377,    0.798,    0.837,0.0005664, 0.007901, 0.007335, 0.008468, 2,    0.747,    0.989,    0.971, 0.001245, 0.003985, 0.002196, 0.005534, 0,    0.462,    0.811,    0.830,0.0003478, 0.002469, 0.002204, 0.003873, 1,    0.657,    0.939,    0.826,0.0004536, 0.001436,0.0009674, 0.002001,  ,         ,         ,         ,         ,         ,         ,         ,  ,         ,         ,         ,         ,         ,         ,         ,278.3657083333333,-10.59011388888889,0.050078932005467786,0.17862413880740574,0.17862440095104246,4155000844481174656,"Gaia: XM=F23=SIMBAD; CXO: XM=F23, SIMBAD absent; XMM: XM=F23=SIMBAD",1.0764409040933146e-08
ATO J278.3657-10.5901,     0.05,     0.69, 18 33 27.77,-10 35 24.41,0.29,0.29,92.0,2CXO J183327.7-103524,"G21.5-09[S3,-120,-1.0,0,0]", 6071,   0.4172,   0.2780,   0.5453,   0.8045,   0.6877,   0.8988,   0.5784,   0.3629,   0.7614,         ,         ,         ,         ,         ,         ,         ,         ,         ,         ,         ,         ,         ,         ,         ,         ,         ,         ,         ,         ,         ,         ,         ,         ,         ,         ,         ,         ,         ,         ,         ,         ,         ,         ,         ,         ,         ,         ,         ,         ,         ,         ,         ,         ,         ,         ,         ,         ,         ,         ,         ,         ,         ,         ,         ,         ,         ,         ,         ,         ,         ,         ,         ,         ,         ,         ,         ,         ,         ,         ,         ,         , 0,    0.102,    0.004,    0.015,1.672e-05, 0.005858, 0.005841, 0.005885, 0,    0.137,    0.406,    0.688,7.144e-05, 0.003313, 0.003226, 0.003424, 0,    0.280,    0.548,    0.465,0.0001498, 0.002100, 0.001906, 0.002322,  ,         ,         ,         ,         ,         ,         ,         ,  ,         ,         ,         ,         ,         ,         ,         ,  ,         ,         ,         ,         ,         ,         ,         ,278.3657083333333,-10.59011388888889,0.050078932005467786,0.17862413880740574,0.17862440095104246,4155000844481174656,"Gaia: XM=F23=SIMBAD; CXO: XM=F23, SIMBAD absent; XMM: XM=F23=SIMBAD",1.0764409040933146e-08
ATO J278.3657-10.5901,     0.05,     0.69, 18 33 27.77,-10 35 24.41,0.29,0.29,92.0,2CXO J183327.7-103524,"G21.5-09[S3,-120,-1.0,0,0]", 6741,   0.2886,   0.1805,   0.3891,   0.7558,   0.6602,   0.8351,   0.5946,   0.4566,   0.7152,         ,         ,         ,         ,         ,         ,         ,         ,         ,         ,         ,         ,         ,         ,         ,         ,         ,         ,         ,         ,         ,         ,         ,         ,         ,         ,         ,         ,         ,         ,         ,         ,         ,         ,         ,         ,         ,         ,         ,         ,         ,         ,         ,         ,         ,         ,         ,         ,         ,         ,         ,         ,         ,         ,         ,         ,         ,         ,         ,         ,         ,         ,         ,         ,         ,         ,         ,         ,         ,         ,         ,         , 0,    0.210,    0.609,    0.945, 0.001162,  0.01173,  0.01041,  0.01590, 0,    0.144,    0.534,    0.594,0.0003309, 0.005811, 0.005493, 0.007166, 1,    0.635,    0.859,    0.935, 0.001278, 0.004971, 0.003922,  0.01091, 0,    0.451,    0.026,    0.046,0.0001134,0.0009931,0.0009055, 0.001539,  ,         ,         ,         ,         ,         ,         ,         ,  ,         ,         ,         ,         ,         ,         ,         ,278.3657083333333,-10.59011388888889,0.050078932005467786,0.17862413880740574,0.17862440095104246,4155000844481174656,"Gaia: XM=F23=SIMBAD; CXO: XM=F23, SIMBAD absent; XMM: XM=F23=SIMBAD",1.0764409040933146e-08
ATO J278.3657-10.5901,     0.05,     0.69, 18 33 27.77,-10 35 24.41,0.29,0.29,92.0,2CXO J183327.7-103524,"G21.5-0.9 [Chip S3, T=120, Offsets=-1,0,1]", 1838,   0.6196,   0.5265,   0.7039,   0.7645,   0.6802,   0.8351,   0.2723,   0.0743,   0.4541,         ,         ,         ,         ,         ,         ,         ,         ,         ,         ,         ,         ,         ,         ,         ,         ,         ,         ,         ,         ,         ,         ,         ,         ,         ,         ,         ,         ,         ,         ,         ,         ,         ,         ,         ,         ,         ,         ,         ,         ,         ,         ,         ,         ,         ,         ,         ,         ,         ,         ,         ,         ,         ,         ,         ,         ,         ,         ,         ,         ,         ,         ,         ,         ,         ,         ,         ,         ,         ,         ,         ,         , 5,    0.863,    0.962,    0.978, 0.004674,  0.01157, 0.006723,  0.01933, 1,    0.576,    0.902,    0.937, 0.002103, 0.007342, 0.005430,  0.01087, 0,    0.433,    0.640,    0.760,0.0004031, 0.002640, 0.002335, 0.004303, 0,    0.358,    0.592,    0.482,0.0001136, 0.001384, 0.001303, 0.001780,  ,         ,         ,         ,         ,         ,         ,         ,  ,         ,         ,         ,         ,         ,         ,         ,278.3657083333333,-10.59011388888889,0.050078932005467786,0.17862413880740574,0.17862440095104246,4155000844481174656,"Gaia: XM=F23=SIMBAD; CXO: XM=F23, SIMBAD absent; XMM: XM=F23=SIMBAD",1.0764409040933146e-08
ATO J278.3657-10.5901,     0.05,     0.69, 18 33 27.77,-10 35 24.41,0.29,0.29,92.0,2CXO J183327.7-103524,"G21.5-0.9 [Chip S3, T=120, Offsets=-1,0,0]", 2873,   0.2911,   0.2030,   0.3766,   0.7008,   0.6227,   0.7739,   0.5122,   0.3991,   0.6215,1.431e-13,1.196e-13,1.624e-13,    1.892,    1.558,    2.254,         ,    84.87,    64.02,    109.5,         ,5.891e-05,3.911e-05,9.029e-05,         ,    0.568,1.230e-13,9.641e-14,1.401e-13,   0.8340,   0.7379,   0.9455,         ,    24.21,    11.19,    39.82,         ,3.073e-05,1.923e-05,4.967e-05,         ,    1.365,1.410e-13,1.099e-13,1.622e-13,    6.540,    3.782,    16.32,         ,    70.30,    55.00,    88.70,         ,5.611e-05,4.681e-05,7.302e-05,         ,    0.664,1.577e-13,9.541e-14,2.431e-13,    4.530,    2.940,    8.242,         ,    1.719,   0.6560,    5.375,         ,   0.1595,  0.05163,   0.1825,         ,    85.65,    64.63,    119.3,         ,0.0001870,0.0001165,0.0002451,         ,    0.192, 0,    0.348,    0.872,    0.665,0.0007936,  0.01576,  0.01497,  0.01655, 0,    0.432,    0.867,    0.805,0.0006755, 0.007630, 0.006954, 0.008305, 0,    0.107,    0.017,    0.077,0.0002752, 0.006425, 0.006206, 0.008021, 0,    0.490,    0.430,    0.823,0.0002274, 0.001706, 0.001572, 0.002864,  ,         ,         ,         ,         ,         ,         ,         ,  ,         ,         ,         ,         ,         ,         ,         ,278.3657083333333,-10.59011388888889,0.050078932005467786,0.17862413880740574,0.17862440095104246,4155000844481174656,"Gaia: XM=F23=SIMBAD; CXO: XM=F23, SIMBAD absent; XMM: XM=F23=SIMBAD",1.0764409040933146e-08
ATO J278.3657-10.5901,     0.05,     0.69, 18 33 27.77,-10 35 24.41,0.29,0.29,92.0,2CXO J183327.7-103524,"G21.5-0.9[Chip S3, T=120, Offsets=-1.0,0,0]", 3700,   0.4610,   0.3442,   0.5703,   0.8307,   0.7402,   0.9051,   0.5959,   0.4104,   0.7577,         ,         ,         ,         ,         ,         ,         ,         ,         ,         ,         ,         ,         ,         ,         ,         ,         ,         ,         ,         ,         ,         ,         ,         ,         ,         ,         ,         ,         ,         ,         ,         ,         ,         ,         ,         ,         ,         ,         ,         ,         ,         ,         ,         ,         ,         ,         ,         ,         ,         ,         ,         ,         ,         ,         ,         ,         ,         ,         ,         ,         ,         ,         ,         ,         ,         ,         ,         ,         ,         ,         ,         , 0,    0.234,    0.732,    0.960,0.0006245, 0.008236, 0.007427, 0.009242, 0,    0.137,    0.419,    0.842,0.0001915, 0.004891, 0.004646, 0.005221, 1,    0.624,    0.570,    0.870,0.0007762, 0.002790, 0.002019, 0.005641,  ,         ,         ,         ,         ,         ,         ,         ,  ,         ,         ,         ,         ,         ,         ,         ,  ,         ,         ,         ,         ,         ,         ,         ,278.3657083333333,-10.59011388888889,0.050078932005467786,0.17862413880740574,0.17862440095104246,4155000844481174656,"Gaia: XM=F23=SIMBAD; CXO: XM=F23, SIMBAD absent; XMM: XM=F23=SIMBAD",1.0764409040933146e-08
ATO J278.3657-10.5901,     0.05,     0.69, 18 33 27.77,-10 35 24.41,0.29,0.29,92.0,2CXO J183327.7-103524,"G21.5-09[S3,-120,-1.0,0,0]", 5159,   0.3173,   0.1893,   0.4379,   0.6683,   0.5478,   0.7776,   0.4435,   0.2705,   0.6090,         ,         ,         ,         ,         ,         ,         ,         ,         ,         ,         ,         ,         ,         ,         ,         ,         ,         ,         ,         ,         ,         ,         ,         ,         ,         ,         ,         ,         ,         ,         ,         ,         ,         ,         ,         ,         ,         ,         ,         ,         ,         ,         ,         ,         ,         ,         ,         ,         ,         ,         ,         ,         ,         ,         ,         ,         ,         ,         ,         ,         ,         ,         ,         ,         ,         ,         ,         ,         ,         ,         ,         , 2,    0.837,    0.994,    0.978, 0.001978, 0.007549, 0.005767, 0.009957, 1,    0.555,    0.976,    0.975,0.0008310, 0.003817, 0.003216, 0.007977, 0,    0.417,    0.797,    0.613,0.0005015, 0.003003, 0.002193, 0.004140, 1,    0.543,    0.922,    0.828,0.0001115,0.0009040,0.0008455, 0.001680,  ,         ,         ,         ,         ,         ,         ,         ,  ,         ,         ,         ,         ,         ,         ,         ,278.3657083333333,-10.59011388888889,0.050078932005467786,0.17862413880740574,0.17862440095104246,4155000844481174656,"Gaia: XM=F23=SIMBAD; CXO: XM=F23, SIMBAD absent; XMM: XM=F23=SIMBAD",1.0764409040933146e-08
ATO J278.3657-10.5901,     0.05,     0.69, 18 33 27.77,-10 35 24.41,0.29,0.29,92.0,2CXO J183327.7-103524,"G21.5-09[S3,-120,1.0,0,0]", 8372,   0.4672,   0.3841,   0.5465,   0.7958,   0.7252,   0.8588,   0.5209,   0.3804,   0.6552,         ,         ,         ,         ,         ,         ,         ,         ,         ,         ,         ,         ,         ,         ,         ,         ,         ,         ,         ,         ,         ,         ,         ,         ,         ,         ,         ,         ,         ,         ,         ,         ,         ,         ,         ,         ,         ,         ,         ,         ,         ,         ,         ,         ,         ,         ,         ,         ,         ,         ,         ,         ,         ,         ,         ,         ,         ,         ,         ,         ,         ,         ,         ,         ,         ,         ,         ,         ,         ,         ,         ,         , 0,    0.114,    0.348,    0.244,8.845e-05,  0.01439,  0.01431,  0.01448, 0,    0.086,    0.258,    0.058,3.307e-05, 0.008677, 0.008634, 0.008720, 0,    0.168,    0.673,    0.327,0.0001568, 0.004633, 0.004491, 0.004870, 0,    0.429,    0.760,    0.326,0.0001156, 0.001085, 0.001010, 0.001518,  ,         ,         ,         ,         ,         ,         ,         ,  ,         ,         ,         ,         ,         ,         ,         ,278.3657083333333,-10.59011388888889,0.050078932005467786,0.17862413880740574,0.17862440095104246,4155000844481174656,"Gaia: XM=F23=SIMBAD; CXO: XM=F23, SIMBAD absent; XMM: XM=F23=SIMBAD",1.0764409040933146e-08
ATO J278.3657-10.5901,     0.05,     0.69, 18 33 27.77,-10 35 24.41,0.29,0.29,92.0,2CXO J183327.7-103524,"G21.5-09[I3,-120,-2.5,2.5,0]", 8371,   0.4722,   0.3804,   0.5590,   0.6071,   0.4966,   0.7139,   0.1799,   0.0044,   0.3604,         ,         ,         ,         ,         ,         ,         ,         ,         ,         ,         ,         ,         ,         ,         ,         ,         ,         ,         ,         ,         ,         ,         ,         ,         ,         ,         ,         ,         ,         ,         ,         ,         ,         ,         ,         ,         ,         ,         ,         ,         ,         ,         ,         ,         ,         ,         ,         ,         ,         ,         ,         ,         ,         ,         ,         ,         ,         ,         ,         ,         ,         ,         ,         ,         ,         ,         ,         ,         ,         ,         ,         , 2,    0.699,    0.868,    0.965, 0.004481,  0.01261, 0.006240,  0.02129, 6,    0.911,    0.960,    0.999, 0.004004, 0.007742, 0.003128,  0.02157, 0,    0.246,    0.049,    0.149,0.0003118, 0.003683, 0.003466, 0.005240, 1,    0.502,    0.218,    0.084,0.0001517, 0.001195, 0.001111, 0.002036,  ,         ,         ,         ,         ,         ,         ,         ,  ,         ,         ,         ,         ,         ,         ,         ,278.3657083333333,-10.59011388888889,0.050078932005467786,0.17862413880740574,0.17862440095104246,4155000844481174656,"Gaia: XM=F23=SIMBAD; CXO: XM=F23, SIMBAD absent; XMM: XM=F23=SIMBAD",1.0764409040933146e-08
ATO J278.3657-10.5901,     0.05,     0.69, 18 33 27.77,-10 35 24.41,0.29,0.29,92.0,2CXO J183327.7-103524,            G21.5-09,16421,   0.2723,   0.1193,   0.4179,   0.5909,   0.3854,   0.7851,   0.3610,   0.0993,   0.6302,         ,         ,         ,         ,         ,         ,         ,         ,         ,         ,         ,         ,         ,         ,         ,         ,         ,         ,         ,         ,         ,         ,         ,         ,         ,         ,         ,         ,         ,         ,         ,         ,         ,         ,         ,         ,         ,         ,         ,         ,         ,         ,         ,         ,         ,         ,         ,         ,         ,         ,         ,         ,         ,         ,         ,         ,         ,         ,         ,         ,         ,         ,         ,         ,         ,         ,         ,         ,         ,         ,         ,         , 0,    0.265,    0.531,    0.496,0.0007515, 0.006262, 0.005657, 0.009595, 0,    0.196,    0.342,    0.774,0.0002072, 0.003480, 0.003328, 0.004347, 0,    0.376,    0.917,    0.798,0.0002800, 0.002386, 0.002102, 0.002754,  ,         ,         ,         ,         ,         ,         ,         ,  ,         ,         ,         ,         ,         ,         ,         ,  ,         ,         ,         ,         ,         ,         ,         ,278.3657083333333,-10.59011388888889,0.050078932005467786,0.17862413880740574,0.17862440095104246,4155000844481174656,"Gaia: XM=F23=SIMBAD; CXO: XM=F23, SIMBAD absent; XMM: XM=F23=SIMBAD",1.0764409040933146e-08
ATO J278.3657-10.5901,     0.05,     0.69, 18 33 27.77,-10 35 24.41,0.29,0.29,92.0,2CXO J183327.7-103524,"G21.5-0.9 [Chip S2, T=120, Offsets=5,0,1]", 1727,   0.4497,   0.3754,   0.5215,   0.7683,   0.7002,   0.8326,   0.4834,   0.3529,   0.6102,2.655e-13,2.336e-13,2.980e-13,    1.520,    1.257,    1.806,         ,    79.11,    55.83,    108.8,         ,6.743e-05,4.667e-05,0.0001002,         ,    1.982,2.680e-13,2.339e-13,2.990e-13,    1.070,   0.9745,    1.178,         ,    14.79,    1.540,    31.26,         ,2.413e-05,1.712e-05,3.403e-05,         ,    1.414,2.722e-13,2.206e-13,3.034e-13,    13.56,    6.733,    49.28,         ,    75.54,    57.19,    91.73,         ,9.033e-05,8.157e-05,0.0001027,         ,    1.890,2.904e-13,7.653e-14,1.869e-12,    13.66,    5.183,    69.30,         ,   0.1327,         ,    2.577,         ,   0.1163,  -0.9734,    8.788,         ,    77.56,    46.46,    102.3,         ,0.0003387,1.046e-06, 0.001486,         ,    2.438, 0,    0.153,    0.907,    0.703,0.0004878,  0.02399,  0.02328,  0.02447, 0,    0.070,    0.665,    0.516,2.060e-05,  0.01426,  0.01423,  0.01428, 0,    0.234,    0.702,    0.689,0.0004060, 0.007997, 0.007488, 0.008555, 2,    0.780,    0.944,    0.881,0.0007063, 0.001725,0.0007210, 0.002422,  ,         ,         ,         ,         ,         ,         ,         ,  ,         ,         ,         ,         ,         ,         ,         ,278.3657083333333,-10.59011388888889,0.050078932005467786,0.17862413880740574,0.17862440095104246,4155000844481174656,"Gaia: XM=F23=SIMBAD; CXO: XM=F23, SIMBAD absent; XMM: XM=F23=SIMBAD",1.0764409040933146e-08
ATO J278.3657-10.5901,     0.05,     0.69, 18 33 27.77,-10 35 24.41,0.29,0.29,92.0,2CXO J183327.7-103524,"G21.5-0.9 [Chip S2, T=120, Offsets=5,0,0]", 1728,   0.3810,   0.2979,   0.4628,   0.7645,   0.6852,   0.8364,   0.5372,   0.4029,   0.6665,2.435e-13,2.041e-13,2.750e-13,    1.422,    1.095,    1.776,         ,    67.93,    45.26,    94.72,         ,5.380e-05,3.490e-05,8.389e-05,         ,    0.849,2.353e-13,2.006e-13,2.680e-13,    1.136,   0.9873,    1.287,         ,    3.647,         ,    18.67,         ,1.643e-05,1.132e-05,2.633e-05,         ,    1.682,2.650e-13,2.270e-13,2.932e-13,    35.66,    9.243,1.284e+07,         ,    60.66,    46.03,    79.91,         ,8.576e-05,7.309e-05,0.0001156,         ,    0.880,1.525e-13,3.058e-14,3.642e-13,    17.20,    5.979,         ,         ,    3.537,         ,    79.83,         , 0.002804,  -0.9823,    3.747,         ,    63.87,    49.00,    94.32,         ,0.0001707,3.529e-05,0.0007300,         ,    1.096, 0,    0.086,    0.606,    0.895,0.0001830,  0.02103,  0.02087,  0.02132, 0,    0.169,    0.748,    0.889,0.0009664,  0.01176,  0.01086,  0.01571, 2,    0.728,    0.649,    0.814, 0.002630, 0.007782, 0.005321,  0.01711, 0,    0.397,    0.626,    0.702,0.0001619, 0.001504, 0.001378, 0.002189,  ,         ,         ,         ,         ,         ,         ,         ,  ,         ,         ,         ,         ,         ,         ,         ,278.3657083333333,-10.59011388888889,0.050078932005467786,0.17862413880740574,0.17862440095104246,4155000844481174656,"Gaia: XM=F23=SIMBAD; CXO: XM=F23, SIMBAD absent; XMM: XM=F23=SIMBAD",1.0764409040933146e-08
ATO J278.3657-10.5901,     0.05,     0.69, 18 33 27.77,-10 35 24.41,0.29,0.29,92.0,2CXO J183327.7-103524,"G21.5-0.9 [Chip S2, T=120, Offsets=5,0,3]", 1729,   0.4660,   0.3866,   0.5428,   0.7171,   0.6390,   0.7889,   0.3723,   0.2305,   0.5091,2.422e-13,2.064e-13,2.767e-13,    1.383,    1.069,    1.716,         ,    60.57,    39.42,    85.64,         ,4.993e-05,3.309e-05,7.616e-05,         ,    1.089,1.944e-13,1.227e-13,2.411e-13,    1.043,   0.9146,    1.192,         ,    6.791,         ,    22.63,         ,2.155e-05,1.405e-05,3.435e-05,         ,    1.727,2.593e-13,2.273e-13,2.834e-13,    38.96,    9.490,         ,         ,    55.34,    41.56,    74.76,         ,8.477e-05,7.128e-05,0.0001133,         ,    1.108,2.480e-13,2.228e-13,2.725e-13,    17.04,    3.214,         ,         ,    1.897,         ,         ,         ,   0.2468,  -0.9906,    5.080,         ,    60.66,    41.92,    101.0,         ,0.0002655,2.951e-07, 0.002863,         ,    1.459, 0,    0.165,    0.796,    0.701,0.0003189,  0.02095,  0.02063,  0.02127, 0,    0.200,    0.949,    0.864,0.0004221,  0.01224,  0.01172,  0.01283, 0,    0.227,    0.444,    0.160,0.0002121, 0.006665, 0.006453, 0.006877, 2,    0.807,    0.948,    0.735,0.0009501, 0.002039, 0.001167, 0.004877,  ,         ,         ,         ,         ,         ,         ,         ,  ,         ,         ,         ,         ,         ,         ,         ,278.3657083333333,-10.59011388888889,0.050078932005467786,0.17862413880740574,0.17862440095104246,4155000844481174656,"Gaia: XM=F23=SIMBAD; CXO: XM=F23, SIMBAD absent; XMM: XM=F23=SIMBAD",1.0764409040933146e-08
ATO J278.3657-10.5901,     0.05,     0.69, 18 33 27.77,-10 35 24.41,0.29,0.29,92.0,2CXO J183327.7-103524,"G21.5-09[I3,-120,-2.5,2.5,0]", 5158,   0.1761,   0.0219,   0.3229,   0.3948,   0.2055,   0.5765,   0.2286,   0.0244,   0.4391,         ,         ,         ,         ,         ,         ,         ,         ,         ,         ,         ,         ,         ,         ,         ,         ,         ,         ,         ,         ,         ,         ,         ,         ,         ,         ,         ,         ,         ,         ,         ,         ,         ,         ,         ,         ,         ,         ,         ,         ,         ,         ,         ,         ,         ,         ,         ,         ,         ,         ,         ,         ,         ,         ,         ,         ,         ,         ,         ,         ,         ,         ,         ,         ,         ,         ,         ,         ,         ,         ,         ,         , 0,    0.206,    0.165,    0.231,0.0001652, 0.006481, 0.006316, 0.006646, 0,    0.341,    0.086,    0.093,0.0003286, 0.002928, 0.002678, 0.004547, 0,    0.237,    0.397,    0.324,0.0001886, 0.002718, 0.002577, 0.003560, 0,    0.407,    0.193,    0.109,6.198e-05,0.0008364,0.0007960, 0.001118,  ,         ,         ,         ,         ,         ,         ,         ,  ,         ,         ,         ,         ,         ,         ,         ,278.3657083333333,-10.59011388888889,0.050078932005467786,0.17862413880740574,0.17862440095104246,4155000844481174656,"Gaia: XM=F23=SIMBAD; CXO: XM=F23, SIMBAD absent; XMM: XM=F23=SIMBAD",1.0764409040933146e-08
ATO J278.3657-10.5901,     0.05,     0.69, 18 33 27.77,-10 35 24.41,0.29,0.29,92.0,2CXO J183327.7-103524,"G21.5-09[I3,-120,-2.5,2.5,0]", 5165,   0.5746,   0.4691,   0.6715,   0.6496,   0.5253,   0.7664,   0.1049,  -0.1168,   0.3367,         ,         ,         ,         ,         ,         ,         ,         ,         ,         ,         ,         ,         ,         ,         ,         ,         ,         ,         ,         ,         ,         ,         ,         ,         ,         ,         ,         ,         ,         ,         ,         ,         ,         ,         ,         ,         ,         ,         ,         ,         ,         ,         ,         ,         ,         ,         ,         ,         ,         ,         ,         ,         ,         ,         ,         ,         ,         ,         ,         ,         ,         ,         ,         ,         ,         ,         ,         ,         ,         ,         ,         , 2,    0.767,    0.920,    0.911, 0.003355, 0.008729, 0.005264,  0.02222, 2,    0.777,    0.588,    0.865, 0.002125, 0.005746, 0.003778,  0.01581, 0,    0.390,    0.573,    0.288,0.0002543, 0.002131, 0.001951, 0.003746, 0,    0.475,    0.859,    0.460,9.639e-05,0.0008520,0.0007857, 0.001304,  ,         ,         ,         ,         ,         ,         ,         ,  ,         ,         ,         ,         ,         ,         ,         ,278.3657083333333,-10.59011388888889,0.050078932005467786,0.17862413880740574,0.17862440095104246,4155000844481174656,"Gaia: XM=F23=SIMBAD; CXO: XM=F23, SIMBAD absent; XMM: XM=F23=SIMBAD",1.0764409040933146e-08
ATO J278.3657-10.5901,     0.05,     0.69, 18 33 27.77,-10 35 24.41,0.29,0.29,92.0,2CXO J183327.7-103524,"G21.5-09[I3,-120,-2.5,2.5,0]", 6070,   0.6708,   0.5253,   0.7939,   0.6996,   0.5203,   0.8513,   0.0037,  -0.3292,   0.3704,         ,         ,         ,         ,         ,         ,         ,         ,         ,         ,         ,         ,         ,         ,         ,         ,         ,         ,         ,         ,         ,         ,         ,         ,         ,         ,         ,         ,         ,         ,         ,         ,         ,         ,         ,         ,         ,         ,         ,         ,         ,         ,         ,         ,         ,         ,         ,         ,         ,         ,         ,         ,         ,         ,         ,         ,         ,         ,         ,         ,         ,         ,         ,         ,         ,         ,         ,         ,         ,         ,         ,         , 2,    0.751,    0.546,    0.576, 0.001191, 0.003964, 0.002935, 0.008753, 0,    0.436,    0.132,    0.120,0.0004202, 0.002864, 0.002548, 0.004821, 1,    0.532,    0.454,    0.467,8.760e-05,0.0007712,0.0007147, 0.001367,  ,         ,         ,         ,         ,         ,         ,         ,  ,         ,         ,         ,         ,         ,         ,         ,  ,         ,         ,         ,         ,         ,         ,         ,278.3657083333333,-10.59011388888889,0.050078932005467786,0.17862413880740574,0.17862440095104246,4155000844481174656,"Gaia: XM=F23=SIMBAD; CXO: XM=F23, SIMBAD absent; XMM: XM=F23=SIMBAD",1.0764409040933146e-08
ATO J278.3657-10.5901,     0.05,     0.69, 18 33 27.77,-10 35 24.41,0.29,0.29,92.0,2CXO J183327.7-103524,"G21.5-09[I3,-120,-2.5,2.5,0]", 6740,   0.5084,   0.3754,   0.6302,   0.7758,   0.6365,   0.8951,   0.4185,   0.1468,   0.6790,         ,         ,         ,         ,         ,         ,         ,         ,         ,         ,         ,         ,         ,         ,         ,         ,         ,         ,         ,         ,         ,         ,         ,         ,         ,         ,         ,         ,         ,         ,         ,         ,         ,         ,         ,         ,         ,         ,         ,         ,         ,         ,         ,         ,         ,         ,         ,         ,         ,         ,         ,         ,         ,         ,         ,         ,         ,         ,         ,         ,         ,         ,         ,         ,         ,         ,         ,         ,         ,         ,         ,         , 1,    0.619,    0.926,    0.747, 0.001020, 0.005959, 0.004939, 0.006979, 2,    0.810,    0.939,    0.832, 0.001229, 0.003938, 0.002709, 0.005167, 0,    0.260,    0.463,    0.565,0.0001302, 0.001704, 0.001475, 0.001877,  ,         ,         ,         ,         ,         ,         ,         ,  ,         ,         ,         ,         ,         ,         ,         ,  ,         ,         ,         ,         ,         ,         ,         ,278.3657083333333,-10.59011388888889,0.050078932005467786,0.17862413880740574,0.17862440095104246,4155000844481174656,"Gaia: XM=F23=SIMBAD; CXO: XM=F23, SIMBAD absent; XMM: XM=F23=SIMBAD",1.0764409040933146e-08
ATO J278.3657-10.5901,     0.05,     0.69, 18 33 27.77,-10 35 24.41,0.29,0.29,92.0,2CXO J183327.7-103524,"G21.5-0.9 [Chip S2, T=110, Offsets=5,0,1]", 1780,   0.3948,   0.3029,   0.4828,   0.7683,   0.6852,   0.8451,   0.5334,   0.3879,   0.6740,         ,         ,         ,         ,         ,         ,         ,         ,         ,         ,         ,         ,         ,         ,         ,         ,         ,         ,         ,         ,         ,         ,         ,         ,         ,         ,         ,         ,         ,         ,         ,         ,         ,         ,         ,         ,         ,         ,         ,         ,         ,         ,         ,         ,         ,         ,         ,         ,         ,         ,         ,         ,         ,         ,         ,         ,         ,         ,         ,         ,         ,         ,         ,         ,         ,         ,         ,         ,         ,         ,         ,         , 7,    0.999,    1.000,    1.000, 0.008783,  0.01797, 0.004836,  0.03589, 8,    1.000,    1.000,    1.000, 0.006775,  0.01026, 0.001226,  0.02490, 0,    0.293,    0.288,    0.594,0.0007601, 0.006757, 0.006133, 0.009455, 1,    0.547,    0.806,    0.952,0.0002261, 0.001266, 0.001074, 0.002087,  ,         ,         ,         ,         ,         ,         ,         ,  ,         ,         ,         ,         ,         ,         ,         ,278.3657083333333,-10.59011388888889,0.050078932005467786,0.17862413880740574,0.17862440095104246,4155000844481174656,"Gaia: XM=F23=SIMBAD; CXO: XM=F23, SIMBAD absent; XMM: XM=F23=SIMBAD",1.0764409040933146e-08
ATO J278.3657-10.5901,     0.05,     0.69, 18 33 27.77,-10 35 24.41,0.29,0.29,92.0,2CXO J183327.7-103524,"G21.5-0.9 [Chip S2, T=110, Offsets=5,0,0]", 1781,   0.3773,   0.2692,   0.4778,   0.7345,   0.6327,   0.8264,   0.4897,   0.3242,   0.6477,         ,         ,         ,         ,         ,         ,         ,         ,         ,         ,         ,         ,         ,         ,         ,         ,         ,         ,         ,         ,         ,         ,         ,         ,         ,         ,         ,         ,         ,         ,         ,         ,         ,         ,         ,         ,         ,         ,         ,         ,         ,         ,         ,         ,         ,         ,         ,         ,         ,         ,         ,         ,         ,         ,         ,         ,         ,         ,         ,         ,         ,         ,         ,         ,         ,         ,         ,         ,         ,         ,         ,         , 0,    0.267,    0.928,    0.861,0.0008489,  0.01437,  0.01332,  0.01545, 0,    0.379,    0.840,    0.839, 0.001225, 0.007898, 0.005770, 0.009846, 2,    0.797,    0.685,    0.884, 0.001941, 0.005375, 0.003696,  0.01319, 1,    0.589,    0.886,    0.872,0.0001958, 0.001128, 0.001003, 0.002243,  ,         ,         ,         ,         ,         ,         ,         ,  ,         ,         ,         ,         ,         ,         ,         ,278.3657083333333,-10.59011388888889,0.050078932005467786,0.17862413880740574,0.17862440095104246,4155000844481174656,"Gaia: XM=F23=SIMBAD; CXO: XM=F23, SIMBAD absent; XMM: XM=F23=SIMBAD",1.0764409040933146e-08
ATO J278.3657-10.5901,     0.05,     0.69, 18 33 27.77,-10 35 24.41,0.29,0.29,92.0,2CXO J183327.7-103524,"G21.5-0.9 [Chip S2, T=110, Offsets=5,0,-3]", 1782,   0.5097,   0.4066,   0.6040,   0.8007,   0.7064,   0.8838,   0.4847,   0.2854,   0.6690,         ,         ,         ,         ,         ,         ,         ,         ,         ,         ,         ,         ,         ,         ,         ,         ,         ,         ,         ,         ,         ,         ,         ,         ,         ,         ,         ,         ,         ,         ,         ,         ,         ,         ,         ,         ,         ,         ,         ,         ,         ,         ,         ,         ,         ,         ,         ,         ,         ,         ,         ,         ,         ,         ,         ,         ,         ,         ,         ,         ,         ,         ,         ,         ,         ,         ,         ,         ,         ,         ,         ,         , 2,    0.879,    0.551,    0.481, 0.006439,  0.01312, 0.007811,  0.03689, 0,    0.276,    0.621,    0.628,0.0009866, 0.008162, 0.007331,  0.01286, 2,    0.708,    0.911,    0.673, 0.001331, 0.004071, 0.002677, 0.008878, 0,    0.488,    0.085,    0.020,8.576e-05,0.0008456,0.0007962, 0.001233,  ,         ,         ,         ,         ,         ,         ,         ,  ,         ,         ,         ,         ,         ,         ,         ,278.3657083333333,-10.59011388888889,0.050078932005467786,0.17862413880740574,0.17862440095104246,4155000844481174656,"Gaia: XM=F23=SIMBAD; CXO: XM=F23, SIMBAD absent; XMM: XM=F23=SIMBAD",1.0764409040933146e-08
ATO J278.3657-10.5901,     0.05,     0.69, 18 33 27.77,-10 35 24.41,0.29,0.29,92.0,2CXO J183327.7-103524,"G21.5-0.9[Chip S3, T=120, Offsets=-1,5,11.7]", 4353,   0.2136,   0.1031,   0.3204,   0.7283,   0.6327,   0.8139,   0.6071,   0.4841,   0.7239,         ,         ,         ,         ,         ,         ,         ,         ,         ,         ,         ,         ,         ,         ,         ,         ,         ,         ,         ,         ,         ,         ,         ,         ,         ,         ,         ,         ,         ,         ,         ,         ,         ,         ,         ,         ,         ,         ,         ,         ,         ,         ,         ,         ,         ,         ,         ,         ,         ,         ,         ,         ,         ,         ,         ,         ,         ,         ,         ,         ,         ,         ,         ,         ,         ,         ,         ,         ,         ,         ,         ,         , 5,    0.788,    0.998,    0.990, 0.002997,  0.01302,  0.01022,  0.01859, 0,    0.355,    0.768,    0.604,0.0004332, 0.006119, 0.005686, 0.006552, 2,    0.748,    0.990,    0.967, 0.001745, 0.005802, 0.004227, 0.008272, 1,    0.584,    0.950,    0.861,0.0001589, 0.001055,0.0009624, 0.002077,  ,         ,         ,         ,         ,         ,         ,         ,  ,         ,         ,         ,         ,         ,         ,         ,278.3657083333333,-10.59011388888889,0.050078932005467786,0.17862413880740574,0.17862440095104246,4155000844481174656,"Gaia: XM=F23=SIMBAD; CXO: XM=F23, SIMBAD absent; XMM: XM=F23=SIMBAD",1.0764409040933146e-08
ATO J278.3657-10.5901,     0.05,     0.69, 18 33 27.77,-10 35 24.41,0.29,0.29,92.0,2CXO J183327.7-103524,"G21.5-0.9[Chip S3, T=120, Offsets=-1,10,-17]", 4354,   0.9994,  -0.1068,   1.0000,   0.0100,  -0.6939,   0.4129,  -0.9981,  -1.0000,  -0.1143,         ,         ,         ,         ,         ,         ,         ,         ,         ,         ,         ,         ,         ,         ,         ,         ,         ,         ,         ,         ,         ,         ,         ,         ,         ,         ,         ,         ,         ,         ,         ,         ,         ,         ,         ,         ,         ,         ,         ,         ,         ,         ,         ,         ,         ,         ,         ,         ,         ,         ,         ,         ,         ,         ,         ,         ,         ,         ,         ,         ,         ,         ,         ,         ,         ,         ,         ,         ,         ,         ,         ,         , 0,    0.144,    0.718,    0.644,0.0002351,  0.01445,  0.01415,  0.01466,  ,         ,         ,         ,         ,         ,         ,         ,  ,         ,         ,         ,         ,         ,         ,         ,  ,         ,         ,         ,         ,         ,         ,         ,  ,         ,         ,         ,         ,         ,         ,         ,  ,         ,         ,         ,         ,         ,         ,         ,278.3657083333333,-10.59011388888889,0.050078932005467786,0.17862413880740574,0.17862440095104246,4155000844481174656,"Gaia: XM=F23=SIMBAD; CXO: XM=F23, SIMBAD absent; XMM: XM=F23=SIMBAD",1.0764409040933146e-08
ATO J278.3657-10.5901,     0.05,     0.69, 18 33 27.77,-10 35 24.41,0.29,0.29,92.0,2CXO J183327.7-103524,"G21.5-0.9[Chip S3, T=120, Offsets=-1,15,-2]", 4355,         ,         ,         ,         ,         ,         ,         ,         ,         ,         ,         ,         ,         ,         ,         ,         ,         ,         ,         ,         ,         ,         ,         ,         ,         ,         ,         ,         ,         ,         ,         ,         ,         ,         ,         ,         ,         ,         ,         ,         ,         ,         ,         ,         ,         ,         ,         ,         ,         ,         ,         ,         ,         ,         ,         ,         ,         ,         ,         ,         ,         ,         ,         ,         ,         ,         ,         ,         ,         ,         ,         ,         ,         ,         ,         ,         ,         ,         ,         ,         ,         ,  ,         ,         ,         ,         ,         ,         ,         ,  ,         ,         ,         ,         ,         ,         ,         ,  ,         ,         ,         ,         ,         ,         ,         ,  ,         ,         ,         ,         ,         ,         ,         ,  ,         ,         ,         ,         ,         ,         ,         ,  ,         ,         ,         ,         ,         ,         ,         ,278.3657083333333,-10.59011388888889,0.050078932005467786,0.17862413880740574,0.17862440095104246,4155000844481174656,"Gaia: XM=F23=SIMBAD; CXO: XM=F23, SIMBAD absent; XMM: XM=F23=SIMBAD",1.0764409040933146e-08
ATO J278.3657-10.5901,     0.05,     0.69, 18 33 27.77,-10 35 24.41,0.29,0.29,92.0,2CXO J183327.7-103524,       SNR G21.5-0.9,  142,         ,         ,         ,         ,         ,         ,         ,         ,         ,         ,         ,         ,         ,         ,         ,         ,         ,         ,         ,         ,         ,         ,         ,         ,         ,         ,         ,         ,         ,         ,         ,         ,         ,         ,         ,         ,         ,         ,         ,         ,         ,         ,         ,         ,         ,         ,         ,         ,         ,         ,         ,         ,         ,         ,         ,         ,         ,         ,         ,         ,         ,         ,         ,         ,         ,         ,         ,         ,         ,         ,         ,         ,         ,         ,         ,         ,         ,         ,         ,         ,         ,  ,         ,         ,         ,         ,         ,         ,         ,  ,         ,         ,         ,         ,         ,         ,         ,  ,         ,         ,         ,         ,         ,         ,         ,  ,         ,         ,         ,         ,         ,         ,         ,  ,         ,         ,         ,         ,         ,         ,         , 6,    0.956,    0.984,    0.878, 0.001302, 0.003036, 0.002118,  0.01047,278.3657083333333,-10.59011388888889,0.050078932005467786,0.17862413880740574,0.17862440095104246,4155000844481174656,"Gaia: XM=F23=SIMBAD; CXO: XM=F23, SIMBAD absent; XMM: XM=F23=SIMBAD",1.0764409040933146e-08
ATO J278.3657-10.5901,     0.05,     0.69, 18 33 27.77,-10 35 24.41,0.29,0.29,92.0,2CXO J183327.7-103524,       SNR G21.5-0.9,  144,         ,         ,         ,         ,         ,         ,         ,         ,         ,         ,         ,         ,         ,         ,         ,         ,         ,         ,         ,         ,         ,         ,         ,         ,         ,         ,         ,         ,         ,         ,         ,         ,         ,         ,         ,         ,         ,         ,         ,         ,         ,         ,         ,         ,         ,         ,         ,         ,         ,         ,         ,         ,         ,         ,         ,         ,         ,         ,         ,         ,         ,         ,         ,         ,         ,         ,         ,         ,         ,         ,         ,         ,         ,         ,         ,         ,         ,         ,         ,         ,         ,  ,         ,         ,         ,         ,         ,         ,         ,  ,         ,         ,         ,         ,         ,         ,         ,  ,         ,         ,         ,         ,         ,         ,         ,  ,         ,         ,         ,         ,         ,         ,         ,  ,         ,         ,         ,         ,         ,         ,         , 0,    0.405,    0.349,    0.148,0.0003250, 0.002463, 0.002270, 0.004496,278.3657083333333,-10.59011388888889,0.050078932005467786,0.17862413880740574,0.17862440095104246,4155000844481174656,"Gaia: XM=F23=SIMBAD; CXO: XM=F23, SIMBAD absent; XMM: XM=F23=SIMBAD",1.0764409040933146e-08
ATO J278.3657-10.5901,     0.05,     0.69, 18 33 27.77,-10 35 24.41,0.29,0.29,92.0,2CXO J183327.7-103524,       SNR G21.5-0.9, 1555,         ,         ,         ,         ,         ,         ,         ,         ,         ,         ,         ,         ,         ,         ,         ,         ,         ,         ,         ,         ,         ,         ,         ,         ,         ,         ,         ,         ,         ,         ,         ,         ,         ,         ,         ,         ,         ,         ,         ,         ,         ,         ,         ,         ,         ,         ,         ,         ,         ,         ,         ,         ,         ,         ,         ,         ,         ,         ,         ,         ,         ,         ,         ,         ,         ,         ,         ,         ,         ,         ,         ,         ,         ,         ,         ,         ,         ,         ,         ,         ,         ,  ,         ,         ,         ,         ,         ,         ,         ,  ,         ,         ,         ,         ,         ,         ,         ,  ,         ,         ,         ,         ,         ,         ,         ,  ,         ,         ,         ,         ,         ,         ,         ,  ,         ,         ,         ,         ,         ,         ,         , 0,    0.332,    0.663,    0.650,0.0002178, 0.002329, 0.002120, 0.002580,278.3657083333333,-10.59011388888889,0.050078932005467786,0.17862413880740574,0.17862440095104246,4155000844481174656,"Gaia: XM=F23=SIMBAD; CXO: XM=F23, SIMBAD absent; XMM: XM=F23=SIMBAD",1.0764409040933146e-08
ATO J278.3657-10.5901,     0.05,     0.69, 18 33 27.77,-10 35 24.41,0.29,0.29,92.0,2CXO J183327.7-103524,       SNR G21.5-0.9, 1556,         ,         ,         ,         ,         ,         ,         ,         ,         ,         ,         ,         ,         ,         ,         ,         ,         ,         ,         ,         ,         ,         ,         ,         ,         ,         ,         ,         ,         ,         ,         ,         ,         ,         ,         ,         ,         ,         ,         ,         ,         ,         ,         ,         ,         ,         ,         ,         ,         ,         ,         ,         ,         ,         ,         ,         ,         ,         ,         ,         ,         ,         ,         ,         ,         ,         ,         ,         ,         ,         ,         ,         ,         ,         ,         ,         ,         ,         ,         ,         ,         ,  ,         ,         ,         ,         ,         ,         ,         ,  ,         ,         ,         ,         ,         ,         ,         ,  ,         ,         ,         ,         ,         ,         ,         ,  ,         ,         ,         ,         ,         ,         ,         ,  ,         ,         ,         ,         ,         ,         ,         , 0,    0.219,    0.301,    0.705,0.0002104, 0.007325, 0.007114, 0.007535,278.3657083333333,-10.59011388888889,0.050078932005467786,0.17862413880740574,0.17862440095104246,4155000844481174656,"Gaia: XM=F23=SIMBAD; CXO: XM=F23, SIMBAD absent; XMM: XM=F23=SIMBAD",1.0764409040933146e-08
ATO J278.3657-10.5901,     0.05,     0.69, 18 33 27.77,-10 35 24.41,0.29,0.29,92.0,2CXO J183327.7-103524,       SNR G21.5-0.9, 2867,         ,         ,         ,         ,         ,         ,         ,         ,         ,         ,         ,         ,         ,         ,         ,         ,         ,         ,         ,         ,         ,         ,         ,         ,         ,         ,         ,         ,         ,         ,         ,         ,         ,         ,         ,         ,         ,         ,         ,         ,         ,         ,         ,         ,         ,         ,         ,         ,         ,         ,         ,         ,         ,         ,         ,         ,         ,         ,         ,         ,         ,         ,         ,         ,         ,         ,         ,         ,         ,         ,         ,         ,         ,         ,         ,         ,         ,         ,         ,         ,         ,  ,         ,         ,         ,         ,         ,         ,         ,  ,         ,         ,         ,         ,         ,         ,         ,  ,         ,         ,         ,         ,         ,         ,         ,  ,         ,         ,         ,         ,         ,         ,         ,  ,         ,         ,         ,         ,         ,         ,         , 0,    0.245,    0.703,    0.648,0.0001579, 0.002202, 0.002105, 0.003120,278.3657083333333,-10.59011388888889,0.050078932005467786,0.17862413880740574,0.17862440095104246,4155000844481174656,"Gaia: XM=F23=SIMBAD; CXO: XM=F23, SIMBAD absent; XMM: XM=F23=SIMBAD",1.0764409040933146e-08
ATO J278.3657-10.5901,     0.05,     0.69, 18 33 27.77,-10 35 24.41,0.29,0.29,92.0,2CXO J183327.7-103524,       SNR G21.5-0.9, 2874,         ,         ,         ,         ,         ,         ,         ,         ,         ,         ,         ,         ,         ,         ,         ,         ,         ,         ,         ,         ,         ,         ,         ,         ,         ,         ,         ,         ,         ,         ,         ,         ,         ,         ,         ,         ,         ,         ,         ,         ,         ,         ,         ,         ,         ,         ,         ,         ,         ,         ,         ,         ,         ,         ,         ,         ,         ,         ,         ,         ,         ,         ,         ,         ,         ,         ,         ,         ,         ,         ,         ,         ,         ,         ,         ,         ,         ,         ,         ,         ,         ,  ,         ,         ,         ,         ,         ,         ,         ,  ,         ,         ,         ,         ,         ,         ,         ,  ,         ,         ,         ,         ,         ,         ,         ,  ,         ,         ,         ,         ,         ,         ,         ,  ,         ,         ,         ,         ,         ,         ,         , 0,    0.116,    0.122,    0.283,1.497e-05, 0.001822, 0.001791, 0.001839,278.3657083333333,-10.59011388888889,0.050078932005467786,0.17862413880740574,0.17862440095104246,4155000844481174656,"Gaia: XM=F23=SIMBAD; CXO: XM=F23, SIMBAD absent; XMM: XM=F23=SIMBAD",1.0764409040933146e-08
ATO J278.3657-10.5901,     0.05,     0.69, 18 33 27.77,-10 35 24.41,0.29,0.29,92.0,2CXO J183327.7-103524,       SNR G21.5-0.9, 3694,         ,         ,         ,         ,         ,         ,         ,         ,         ,         ,         ,         ,         ,         ,         ,         ,         ,         ,         ,         ,         ,         ,         ,         ,         ,         ,         ,         ,         ,         ,         ,         ,         ,         ,         ,         ,         ,         ,         ,         ,         ,         ,         ,         ,         ,         ,         ,         ,         ,         ,         ,         ,         ,         ,         ,         ,         ,         ,         ,         ,         ,         ,         ,         ,         ,         ,         ,         ,         ,         ,         ,         ,         ,         ,         ,         ,         ,         ,         ,         ,         ,  ,         ,         ,         ,         ,         ,         ,         ,  ,         ,         ,         ,         ,         ,         ,         ,  ,         ,         ,         ,         ,         ,         ,         ,  ,         ,         ,         ,         ,         ,         ,         ,  ,         ,         ,         ,         ,         ,         ,         , 0,    0.134,    0.699,    0.169,5.504e-05, 0.002788, 0.002736, 0.002866,278.3657083333333,-10.59011388888889,0.050078932005467786,0.17862413880740574,0.17862440095104246,4155000844481174656,"Gaia: XM=F23=SIMBAD; CXO: XM=F23, SIMBAD absent; XMM: XM=F23=SIMBAD",1.0764409040933146e-08
ATO J278.3657-10.5901,     0.05,     0.69, 18 33 27.77,-10 35 24.41,0.29,0.29,92.0,2CXO J183327.7-103524,       SNR G21.5-0.9, 3701,         ,         ,         ,         ,         ,         ,         ,         ,         ,         ,         ,         ,         ,         ,         ,         ,         ,         ,         ,         ,         ,         ,         ,         ,         ,         ,         ,         ,         ,         ,         ,         ,         ,         ,         ,         ,         ,         ,         ,         ,         ,         ,         ,         ,         ,         ,         ,         ,         ,         ,         ,         ,         ,         ,         ,         ,         ,         ,         ,         ,         ,         ,         ,         ,         ,         ,         ,         ,         ,         ,         ,         ,         ,         ,         ,         ,         ,         ,         ,         ,         ,  ,         ,         ,         ,         ,         ,         ,         ,  ,         ,         ,         ,         ,         ,         ,         ,  ,         ,         ,         ,         ,         ,         ,         ,  ,         ,         ,         ,         ,         ,         ,         ,  ,         ,         ,         ,         ,         ,         ,         , 1,    0.520,    0.857,    0.857,0.0002575, 0.001498, 0.001157, 0.001794,278.3657083333333,-10.59011388888889,0.050078932005467786,0.17862413880740574,0.17862440095104246,4155000844481174656,"Gaia: XM=F23=SIMBAD; CXO: XM=F23, SIMBAD absent; XMM: XM=F23=SIMBAD",1.0764409040933146e-08
ATO J278.3657-10.5901,     0.05,     0.69, 18 33 27.77,-10 35 24.41,0.29,0.29,92.0,2CXO J183327.7-103524,       SNR G21.5-0.9, 5167,         ,         ,         ,         ,         ,         ,         ,         ,         ,         ,         ,         ,         ,         ,         ,         ,         ,         ,         ,         ,         ,         ,         ,         ,         ,         ,         ,         ,         ,         ,         ,         ,         ,         ,         ,         ,         ,         ,         ,         ,         ,         ,         ,         ,         ,         ,         ,         ,         ,         ,         ,         ,         ,         ,         ,         ,         ,         ,         ,         ,         ,         ,         ,         ,         ,         ,         ,         ,         ,         ,         ,         ,         ,         ,         ,         ,         ,         ,         ,         ,         ,  ,         ,         ,         ,         ,         ,         ,         ,  ,         ,         ,         ,         ,         ,         ,         ,  ,         ,         ,         ,         ,         ,         ,         ,  ,         ,         ,         ,         ,         ,         ,         ,  ,         ,         ,         ,         ,         ,         ,         , 0,    0.109,    0.447,    0.514,3.346e-05, 0.004143, 0.004116, 0.004192,278.3657083333333,-10.59011388888889,0.050078932005467786,0.17862413880740574,0.17862440095104246,4155000844481174656,"Gaia: XM=F23=SIMBAD; CXO: XM=F23, SIMBAD absent; XMM: XM=F23=SIMBAD",1.0764409040933146e-08
ATO J278.3657-10.5901,     0.05,     0.69, 18 33 27.77,-10 35 24.41,0.29,0.29,92.0,2CXO J183327.7-103524,       SNR G21.5-0.9, 6072,         ,         ,         ,         ,         ,         ,         ,         ,         ,         ,         ,         ,         ,         ,         ,         ,         ,         ,         ,         ,         ,         ,         ,         ,         ,         ,         ,         ,         ,         ,         ,         ,         ,         ,         ,         ,         ,         ,         ,         ,         ,         ,         ,         ,         ,         ,         ,         ,         ,         ,         ,         ,         ,         ,         ,         ,         ,         ,         ,         ,         ,         ,         ,         ,         ,         ,         ,         ,         ,         ,         ,         ,         ,         ,         ,         ,         ,         ,         ,         ,         ,  ,         ,         ,         ,         ,         ,         ,         ,  ,         ,         ,         ,         ,         ,         ,         ,  ,         ,         ,         ,         ,         ,         ,         ,  ,         ,         ,         ,         ,         ,         ,         ,  ,         ,         ,         ,         ,         ,         ,         , 0,    0.249,    0.020,    0.022,5.963e-05, 0.001157, 0.001127, 0.001418,278.3657083333333,-10.59011388888889,0.050078932005467786,0.17862413880740574,0.17862440095104246,4155000844481174656,"Gaia: XM=F23=SIMBAD; CXO: XM=F23, SIMBAD absent; XMM: XM=F23=SIMBAD",1.0764409040933146e-08
ATO J278.3657-10.5901,     0.05,     0.69, 18 33 27.77,-10 35 24.41,0.29,0.29,92.0,2CXO J183327.7-103524,       SNR G21.5-0.9, 6742,         ,         ,         ,         ,         ,         ,         ,         ,         ,         ,         ,         ,         ,         ,         ,         ,         ,         ,         ,         ,         ,         ,         ,         ,         ,         ,         ,         ,         ,         ,         ,         ,         ,         ,         ,         ,         ,         ,         ,         ,         ,         ,         ,         ,         ,         ,         ,         ,         ,         ,         ,         ,         ,         ,         ,         ,         ,         ,         ,         ,         ,         ,         ,         ,         ,         ,         ,         ,         ,         ,         ,         ,         ,         ,         ,         ,         ,         ,         ,         ,         ,  ,         ,         ,         ,         ,         ,         ,         ,  ,         ,         ,         ,         ,         ,         ,         ,  ,         ,         ,         ,         ,         ,         ,         ,  ,         ,         ,         ,         ,         ,         ,         ,  ,         ,         ,         ,         ,         ,         ,         , 2,    0.709,    0.477,    0.798,0.0003961, 0.001948, 0.001763, 0.004164,278.3657083333333,-10.59011388888889,0.050078932005467786,0.17862413880740574,0.17862440095104246,4155000844481174656,"Gaia: XM=F23=SIMBAD; CXO: XM=F23, SIMBAD absent; XMM: XM=F23=SIMBAD",1.0764409040933146e-08
ATO J278.3657-10.5901,     0.05,     0.69, 18 33 27.77,-10 35 24.41,0.29,0.29,92.0,2CXO J183327.7-103524,       SNR G21.5-0.9, 8373,         ,         ,         ,         ,         ,         ,         ,         ,         ,         ,         ,         ,         ,         ,         ,         ,         ,         ,         ,         ,         ,         ,         ,         ,         ,         ,         ,         ,         ,         ,         ,         ,         ,         ,         ,         ,         ,         ,         ,         ,         ,         ,         ,         ,         ,         ,         ,         ,         ,         ,         ,         ,         ,         ,         ,         ,         ,         ,         ,         ,         ,         ,         ,         ,         ,         ,         ,         ,         ,         ,         ,         ,         ,         ,         ,         ,         ,         ,         ,         ,         ,  ,         ,         ,         ,         ,         ,         ,         ,  ,         ,         ,         ,         ,         ,         ,         ,  ,         ,         ,         ,         ,         ,         ,         ,  ,         ,         ,         ,         ,         ,         ,         ,  ,         ,         ,         ,         ,         ,         ,         , 0,    0.196,    0.765,    0.455,8.568e-05, 0.002697, 0.002613, 0.002812,278.3657083333333,-10.59011388888889,0.050078932005467786,0.17862413880740574,0.17862440095104246,4155000844481174656,"Gaia: XM=F23=SIMBAD; CXO: XM=F23, SIMBAD absent; XMM: XM=F23=SIMBAD",1.0764409040933146e-08
ATO J278.3657-10.5901,     0.05,     0.69, 18 33 27.77,-10 35 24.41,0.29,0.29,92.0,2CXO J183327.7-103524,       SNR G21.5-0.9,10648,         ,         ,         ,         ,         ,         ,         ,         ,         ,         ,         ,         ,         ,         ,         ,         ,         ,         ,         ,         ,         ,         ,         ,         ,         ,         ,         ,         ,         ,         ,         ,         ,         ,         ,         ,         ,         ,         ,         ,         ,         ,         ,         ,         ,         ,         ,         ,         ,         ,         ,         ,         ,         ,         ,         ,         ,         ,         ,         ,         ,         ,         ,         ,         ,         ,         ,         ,         ,         ,         ,         ,         ,         ,         ,         ,         ,         ,         ,         ,         ,         ,  ,         ,         ,         ,         ,         ,         ,         ,  ,         ,         ,         ,         ,         ,         ,         ,  ,         ,         ,         ,         ,         ,         ,         ,  ,         ,         ,         ,         ,         ,         ,         ,  ,         ,         ,         ,         ,         ,         ,         , 0,    0.193,    0.432,    0.527,0.0001957, 0.003279, 0.003136, 0.004128,278.3657083333333,-10.59011388888889,0.050078932005467786,0.17862413880740574,0.17862440095104246,4155000844481174656,"Gaia: XM=F23=SIMBAD; CXO: XM=F23, SIMBAD absent; XMM: XM=F23=SIMBAD",1.0764409040933146e-08
ATO J278.3657-10.5901,     0.05,     0.69, 18 33 27.77,-10 35 24.41,0.29,0.29,92.0,2CXO J183327.7-103524,       SNR G21.5-0.9,13091,         ,         ,         ,         ,         ,         ,         ,         ,         ,         ,         ,         ,         ,         ,         ,         ,         ,         ,         ,         ,         ,         ,         ,         ,         ,         ,         ,         ,         ,         ,         ,         ,         ,         ,         ,         ,         ,         ,         ,         ,         ,         ,         ,         ,         ,         ,         ,         ,         ,         ,         ,         ,         ,         ,         ,         ,         ,         ,         ,         ,         ,         ,         ,         ,         ,         ,         ,         ,         ,         ,         ,         ,         ,         ,         ,         ,         ,         ,         ,         ,         ,  ,         ,         ,         ,         ,         ,         ,         ,  ,         ,         ,         ,         ,         ,         ,         ,  ,         ,         ,         ,         ,         ,         ,         ,  ,         ,         ,         ,         ,         ,         ,         ,  ,         ,         ,         ,         ,         ,         ,         , 0,    0.491,    0.382,    0.542,0.0001302, 0.001095, 0.001027, 0.001786,278.3657083333333,-10.59011388888889,0.050078932005467786,0.17862413880740574,0.17862440095104246,4155000844481174656,"Gaia: XM=F23=SIMBAD; CXO: XM=F23, SIMBAD absent; XMM: XM=F23=SIMBAD",1.0764409040933146e-08
ATO J278.3657-10.5901,     0.05,     0.69, 18 33 27.77,-10 35 24.41,0.29,0.29,92.0,2CXO J183327.7-103524,       SNR G21.5-0.9,14262,         ,         ,         ,         ,         ,         ,         ,         ,         ,         ,         ,         ,         ,         ,         ,         ,         ,         ,         ,         ,         ,         ,         ,         ,         ,         ,         ,         ,         ,         ,         ,         ,         ,         ,         ,         ,         ,         ,         ,         ,         ,         ,         ,         ,         ,         ,         ,         ,         ,         ,         ,         ,         ,         ,         ,         ,         ,         ,         ,         ,         ,         ,         ,         ,         ,         ,         ,         ,         ,         ,         ,         ,         ,         ,         ,         ,         ,         ,         ,         ,         ,  ,         ,         ,         ,         ,         ,         ,         ,  ,         ,         ,         ,         ,         ,         ,         ,  ,         ,         ,         ,         ,         ,         ,         ,  ,         ,         ,         ,         ,         ,         ,         ,  ,         ,         ,         ,         ,         ,         ,         , 1,    0.647,    0.907,    0.648,0.0004237, 0.001356,0.0009790, 0.001864,278.3657083333333,-10.59011388888889,0.050078932005467786,0.17862413880740574,0.17862440095104246,4155000844481174656,"Gaia: XM=F23=SIMBAD; CXO: XM=F23, SIMBAD absent; XMM: XM=F23=SIMBAD",1.0764409040933146e-08
ATO J278.3657-10.5901,     0.05,     0.69, 18 33 27.77,-10 35 24.41,0.29,0.29,92.0,2CXO J183327.7-103524,       SNR G21.5-0.9,16419,         ,         ,         ,         ,         ,         ,         ,         ,         ,         ,         ,         ,         ,         ,         ,         ,         ,         ,         ,         ,         ,         ,         ,         ,         ,         ,         ,         ,         ,         ,         ,         ,         ,         ,         ,         ,         ,         ,         ,         ,         ,         ,         ,         ,         ,         ,         ,         ,         ,         ,         ,         ,         ,         ,         ,         ,         ,         ,         ,         ,         ,         ,         ,         ,         ,         ,         ,         ,         ,         ,         ,         ,         ,         ,         ,         ,         ,         ,         ,         ,         ,  ,         ,         ,         ,         ,         ,         ,         ,  ,         ,         ,         ,         ,         ,         ,         ,  ,         ,         ,         ,         ,         ,         ,         ,  ,         ,         ,         ,         ,         ,         ,         ,  ,         ,         ,         ,         ,         ,         ,         , 0,    0.283,    0.770,    0.559,0.0002725, 0.002979, 0.002792, 0.004408,278.3657083333333,-10.59011388888889,0.050078932005467786,0.17862413880740574,0.17862440095104246,4155000844481174656,"Gaia: XM=F23=SIMBAD; CXO: XM=F23, SIMBAD absent; XMM: XM=F23=SIMBAD",1.0764409040933146e-08
ATO J278.3657-10.5901,     0.05,     0.69, 18 33 27.77,-10 35 24.41,0.29,0.29,92.0,2CXO J183327.7-103524,            G21.5-09,20656,         ,         ,         ,         ,         ,         ,         ,         ,         ,         ,         ,         ,         ,         ,         ,         ,         ,         ,         ,         ,         ,         ,         ,         ,         ,         ,         ,         ,         ,         ,         ,         ,         ,         ,         ,         ,         ,         ,         ,         ,         ,         ,         ,         ,         ,         ,         ,         ,         ,         ,         ,         ,         ,         ,         ,         ,         ,         ,         ,         ,         ,         ,         ,         ,         ,         ,         ,         ,         ,         ,         ,         ,         ,         ,         ,         ,         ,         ,         ,         ,         ,  ,         ,         ,         ,         ,         ,         ,         ,  ,         ,         ,         ,         ,         ,         ,         ,  ,         ,         ,         ,         ,         ,         ,         ,  ,         ,         ,         ,         ,         ,         ,         ,  ,         ,         ,         ,         ,         ,         ,         , 1,    0.606,    0.869,    0.846,0.0007903, 0.003094, 0.002366, 0.005907,278.3657083333333,-10.59011388888889,0.050078932005467786,0.17862413880740574,0.17862440095104246,4155000844481174656,"Gaia: XM=F23=SIMBAD; CXO: XM=F23, SIMBAD absent; XMM: XM=F23=SIMBAD",1.0764409040933146e-08
ATO J278.3657-10.5901,     0.05,     0.69, 18 33 27.77,-10 35 24.41,0.29,0.29,92.0,2CXO J183327.7-103524,            G21.5-09,21814,         ,         ,         ,         ,         ,         ,         ,         ,         ,         ,         ,         ,         ,         ,         ,         ,         ,         ,         ,         ,         ,         ,         ,         ,         ,         ,         ,         ,         ,         ,         ,         ,         ,         ,         ,         ,         ,         ,         ,         ,         ,         ,         ,         ,         ,         ,         ,         ,         ,         ,         ,         ,         ,         ,         ,         ,         ,         ,         ,         ,         ,         ,         ,         ,         ,         ,         ,         ,         ,         ,         ,         ,         ,         ,         ,         ,         ,         ,         ,         ,         ,  ,         ,         ,         ,         ,         ,         ,         ,  ,         ,         ,         ,         ,         ,         ,         ,  ,         ,         ,         ,         ,         ,         ,         ,  ,         ,         ,         ,         ,         ,         ,         ,  ,         ,         ,         ,         ,         ,         ,         , 0,    0.316,    0.440,    0.595,0.0002558, 0.002790, 0.002622, 0.003991,278.3657083333333,-10.59011388888889,0.050078932005467786,0.17862413880740574,0.17862440095104246,4155000844481174656,"Gaia: XM=F23=SIMBAD; CXO: XM=F23, SIMBAD absent; XMM: XM=F23=SIMBAD",1.0764409040933146e-08
ATO J278.3657-10.5901,     0.05,     0.69, 18 33 27.77,-10 35 24.41,0.29,0.29,92.0,2CXO J183327.7-103524,            G21.5-09,22803,         ,         ,         ,         ,         ,         ,         ,         ,         ,         ,         ,         ,         ,         ,         ,         ,         ,         ,         ,         ,         ,         ,         ,         ,         ,         ,         ,         ,         ,         ,         ,         ,         ,         ,         ,         ,         ,         ,         ,         ,         ,         ,         ,         ,         ,         ,         ,         ,         ,         ,         ,         ,         ,         ,         ,         ,         ,         ,         ,         ,         ,         ,         ,         ,         ,         ,         ,         ,         ,         ,         ,         ,         ,         ,         ,         ,         ,         ,         ,         ,         ,  ,         ,         ,         ,         ,         ,         ,         ,  ,         ,         ,         ,         ,         ,         ,         ,  ,         ,         ,         ,         ,         ,         ,         ,  ,         ,         ,         ,         ,         ,         ,         ,  ,         ,         ,         ,         ,         ,         ,         , 1,    0.658,    0.607,    0.610,0.0003809, 0.001923, 0.001711, 0.003755,278.3657083333333,-10.59011388888889,0.050078932005467786,0.17862413880740574,0.17862440095104246,4155000844481174656,"Gaia: XM=F23=SIMBAD; CXO: XM=F23, SIMBAD absent; XMM: XM=F23=SIMBAD",1.0764409040933146e-08
ATO J278.3657-10.5901,     0.05,     0.69, 18 33 27.77,-10 35 24.41,0.29,0.29,92.0,2CXO J183327.7-103524,            G21.5-09,24584,         ,         ,         ,         ,         ,         ,         ,         ,         ,         ,         ,         ,         ,         ,         ,         ,         ,         ,         ,         ,         ,         ,         ,         ,         ,         ,         ,         ,         ,         ,         ,         ,         ,         ,         ,         ,         ,         ,         ,         ,         ,         ,         ,         ,         ,         ,         ,         ,         ,         ,         ,         ,         ,         ,         ,         ,         ,         ,         ,         ,         ,         ,         ,         ,         ,         ,         ,         ,         ,         ,         ,         ,         ,         ,         ,         ,         ,         ,         ,         ,         ,  ,         ,         ,         ,         ,         ,         ,         ,  ,         ,         ,         ,         ,         ,         ,         ,  ,         ,         ,         ,         ,         ,         ,         ,  ,         ,         ,         ,         ,         ,         ,         ,  ,         ,         ,         ,         ,         ,         ,         , 0,    0.311,    0.635,    0.468,0.0001170, 0.001591, 0.001504, 0.002138,278.3657083333333,-10.59011388888889,0.050078932005467786,0.17862413880740574,0.17862440095104246,4155000844481174656,"Gaia: XM=F23=SIMBAD; CXO: XM=F23, SIMBAD absent; XMM: XM=F23=SIMBAD",1.0764409040933146e-08
ATO J278.3657-10.5901,     0.05,     0.69, 18 33 27.77,-10 35 24.41,0.29,0.29,92.0,2CXO J183327.7-103524,            G21.5-09,24982,         ,         ,         ,         ,         ,         ,         ,         ,         ,         ,         ,         ,         ,         ,         ,         ,         ,         ,         ,         ,         ,         ,         ,         ,         ,         ,         ,         ,         ,         ,         ,         ,         ,         ,         ,         ,         ,         ,         ,         ,         ,         ,         ,         ,         ,         ,         ,         ,         ,         ,         ,         ,         ,         ,         ,         ,         ,         ,         ,         ,         ,         ,         ,         ,         ,         ,         ,         ,         ,         ,         ,         ,         ,         ,         ,         ,         ,         ,         ,         ,         ,  ,         ,         ,         ,         ,         ,         ,         ,  ,         ,         ,         ,         ,         ,         ,         ,  ,         ,         ,         ,         ,         ,         ,         ,  ,         ,         ,         ,         ,         ,         ,         ,  ,         ,         ,         ,         ,         ,         ,         , 2,    0.814,    0.777,    0.982, 0.001846, 0.004554, 0.002505,  0.01072,278.3657083333333,-10.59011388888889,0.050078932005467786,0.17862413880740574,0.17862440095104246,4155000844481174656,"Gaia: XM=F23=SIMBAD; CXO: XM=F23, SIMBAD absent; XMM: XM=F23=SIMBAD",1.0764409040933146e-08
AX J1700-419,     0.00,     1.00, 17 00 04.35,-41 58 05.58,0.34,0.31,80.7,2CXO J170004.3-415805,     AX J1700.1-4157, 9015,   0.6896,   0.5840,   0.7826,   0.8532,   0.7439,   0.9388,   0.3535,   0.0456,   0.6565,         ,         ,         ,         ,         ,         ,         ,         ,         ,         ,         ,         ,         ,         ,         ,         ,         ,         ,         ,         ,         ,         ,         ,         ,         ,         ,         ,         ,         ,         ,         ,         ,         ,         ,         ,         ,         ,         ,         ,         ,         ,         ,         ,         ,         ,         ,         ,         ,         ,         ,         ,         ,         ,         ,         ,         ,         ,         ,         ,         ,         ,         ,         ,         ,         ,         ,         ,         ,         ,         ,         ,         , 5,    0.801,    0.825,    0.993,  0.06490,   0.1302,  0.04619,   0.2335, 5,    0.838,    0.677,    0.968,  0.05705,  0.09148,  0.03213,   0.2091, 0,    0.242,    0.435,    0.661, 0.008611,  0.02120,  0.01378,  0.03952,  ,         ,         ,         ,         ,         ,         ,         ,  ,         ,         ,         ,         ,         ,         ,         ,  ,         ,         ,         ,         ,         ,         ,         ,255.018125,-41.96821666666667,0.014860788317485978,0.01376460213427851,0.01376465822552736,5966358530819164544,"Gaia: XM=F23=SIMBAD; CXO: XM=F23=SIMBAD; XMM: XM only, F23+SIMBAD differ",6.75701347319025e-10
AX J1700-419,     0.00,     1.00, 17 00 04.35,-41 58 05.58,0.34,0.31,80.7,2CXO J170004.3-415805,     AX J170052-4210, 8237,   0.6121,   0.5415,   0.6802,   0.8607,   0.7851,   0.9263,   0.5072,   0.3004,   0.7039,         ,         ,         ,         ,         ,         ,         ,         ,         ,         ,         ,         ,         ,         ,         ,         ,         ,         ,         ,         ,         ,         ,         ,         ,         ,         ,         ,         ,         ,         ,         ,         ,         ,         ,         ,         ,         ,         ,         ,         ,         ,         ,         ,         ,         ,         ,         ,         ,         ,         ,         ,         ,         ,         ,         ,         ,         ,         ,         ,         ,         ,         ,         ,         ,         ,         ,         ,         ,         ,         ,         ,         , 6,    0.985,    0.810,    0.882,  0.04542,  0.09262,  0.02516,   0.1839,  ,         ,         ,         ,         ,         ,         ,         , 1,    0.542,    0.676,    0.911, 0.006471,  0.02157,  0.01431,  0.03907,  ,         ,         ,         ,         ,         ,         ,         ,  ,         ,         ,         ,         ,         ,         ,         ,  ,         ,         ,         ,         ,         ,         ,         ,255.018125,-41.96821666666667,0.014860788317485978,0.01376460213427851,0.01376465822552736,5966358530819164544,"Gaia: XM=F23=SIMBAD; CXO: XM=F23=SIMBAD; XMM: XM only, F23+SIMBAD differ",6.75701347319025e-10
Cen X-3,     0.21,     0.08, 11 21 15.10,-60 37 25.79,0.29,0.29,0.0,2CXO J112115.1-603725,             CEN X-3,   88,   0.8657,   0.8538,   0.8763,   0.9719,   0.9650,   0.9788,   0.6646,   0.5890,   0.7402,1.082e-12,1.044e-12,1.120e-12,   -0.499,   -0.621,   -0.375,         ,    67.15,    52.13,    83.99,         ,1.403e-05,1.161e-05,1.705e-05,         ,    1.438,1.019e-12,7.891e-13,1.103e-12,    6.531,    5.122,    9.113,         ,    39.76,    30.51,    50.17,         ,1.453e-06,9.282e-07,2.076e-06,         ,    1.503,8.473e-13,8.213e-13,8.751e-13,    100.0,    92.13,         ,         ,    333.1,    313.8,    354.7,         ,0.0004820,0.0004630,0.0005018,         ,    2.727,         ,         ,         ,         ,         ,         ,         ,         ,         ,         ,         ,         ,         ,         ,         ,         ,         ,         ,         ,         ,         ,         ,         ,         ,10,    1.000,    1.000,    1.000,  0.02024,  0.05254,  0.03261,  0.07852,10,    1.000,    1.000,    1.000,  0.01752,  0.04702,  0.02948,  0.06997, 8,    1.000,    1.000,    1.000, 0.002219, 0.004882, 0.002663, 0.007102, 7,    0.998,    0.999,    0.994,0.0004375,0.0006228,0.0001853, 0.001060,  ,         ,         ,         ,         ,         ,         ,         ,  ,         ,         ,         ,         ,         ,         ,         ,170.31291666666664,-60.62383055555556,0.22488015570112277,3.601911928112672,3.6019119511443485,5337498593446516480,Gaia: XM=F23=SIMBAD; CXO(2): XM=F23=SIMBAD; XMM: XM=F23=SIMBAD,8.370120602900991e-07
Cen X-3,     0.68,     0.23, 11 21 15.18,-60 37 25.57,1.38,1.38,0.0,2CXO J112115.1-603725X,             CEN X-3,   88,         ,         ,         ,         ,         ,         ,         ,         ,         ,         ,         ,         ,         ,         ,         ,         ,         ,         ,         ,         ,         ,         ,         ,         ,         ,         ,         ,         ,         ,         ,         ,         ,         ,         ,         ,         ,         ,         ,         ,         ,         ,         ,         ,         ,         ,         ,         ,         ,         ,         ,         ,         ,         ,         ,         ,         ,         ,         ,         ,         ,         ,         ,         ,         ,         ,         ,         ,         ,         ,         ,         ,         ,         ,         ,         ,         ,         ,         ,         ,         ,         ,  ,         ,         ,         ,         ,         ,         ,         ,  ,         ,         ,         ,         ,         ,         ,         ,  ,         ,         ,         ,         ,         ,         ,         ,  ,         ,         ,         ,         ,         ,         ,         ,  ,         ,         ,         ,         ,         ,         ,         ,  ,         ,         ,         ,         ,         ,         ,         ,170.31324999999998,-60.62376944444444,0.6974370581631286,1.5299551117666232,1.5299551122796577,5337498593446516480,Gaia: XM=F23=SIMBAD; CXO(2): XM=F23=SIMBAD; XMM: XM=F23=SIMBAD,8.370120602900991e-07
Cep X-4,     0.00,     1.00, 21 39 30.68,+56 59 10.39,0.3,0.3,10.5,2CXO J213930.6+565910,             Cep X-4,14649,   0.4984,   0.4316,   0.5578,   0.7683,   0.7077,   0.8276,   0.4385,   0.3142,   0.5615,5.597e-13,4.814e-13,6.239e-13,    1.395,    1.110,    1.713,         ,    85.43,    60.29,    117.7,         ,0.0001242,8.364e-05,0.0001924,         ,    0.769,5.324e-13,4.616e-13,5.924e-13,    1.142,    1.026,    1.275,         ,    16.95,    4.561,    32.25,         ,3.859e-05,2.695e-05,5.578e-05,         ,    0.867,5.880e-13,5.261e-13,6.324e-13,    27.48,    9.200,     3845,         ,    81.71,    62.71,    106.1,         ,0.0001989,0.0001775,0.0002682,         ,    0.754,         ,         ,         ,         ,         ,         ,         ,         ,         ,         ,         ,         ,         ,         ,         ,         ,         ,         ,         ,         ,         ,         ,         ,         , 0,    0.059,    0.689,    0.841,0.0001730,  0.04348,  0.04324,  0.04367, 0,    0.093,    0.952,    0.948,0.0006667,  0.02700,  0.02565,  0.02820, 0,    0.224,    0.717,    0.538,0.0005194,  0.01314,  0.01267,  0.01377, 1,    0.565,    0.921,    0.942,0.0009347, 0.003291, 0.002332, 0.005682,  ,         ,         ,         ,         ,         ,         ,         ,  ,         ,         ,         ,         ,         ,         ,         ,324.8778333333333,56.986219444444444,0.03693913814768587,0.09081504988869796,0.09081505052894745,2178178409188167296,Gaia: XM=F23=SIMBAD; CXO: XM=F23=SIMBAD; XMM: none,3.121383929838584e-07
Cir X-1,     0.02,     0.87, 15 20 40.84,-57 10 00.26,0.29,0.29,0.0,2CXO J152040.8-571000,        Circinus X-1,10062,   0.8482,   0.8438,   0.8513,   0.9881,   0.9875,   0.9900,   0.8645,   0.8488,   0.8801,3.512e-12,3.473e-12,3.545e-12,    0.239,    0.198,    0.280,         ,    183.1,    176.6,    189.8,         ,0.0001556,0.0001461,0.0001658,         ,    1.903,3.442e-12,3.400e-12,3.477e-12,    2.458,    2.388,    2.533,         ,    118.1,    114.2,    122.2,         ,2.823e-05,2.644e-05,3.012e-05,         ,    2.316,3.056e-12,3.029e-12,3.085e-12,    100.0,    98.69,         ,         ,    352.6,    347.0,    358.4,         , 0.001758, 0.001737, 0.001780,         ,    3.186,         ,         ,         ,         ,         ,         ,         ,         ,         ,         ,         ,         ,         ,         ,         ,         ,         ,         ,         ,         ,         ,         ,         ,         , 6,    0.911,    1.000,    1.000, 0.007176,   0.1759,   0.1616,   0.1827, 0,    0.218,    0.997,    1.000, 0.001241,   0.1554,   0.1529,   0.1565, 0,    0.468,    0.995,    0.998,0.0005421,  0.01925,  0.01871,  0.01979, 0,    0.254,    0.686,    0.561,3.815e-05, 0.001093, 0.001055, 0.001131, 6,    0.975,    0.137,    0.470,0.0001003,0.0005217,0.0004799, 0.002327,  ,         ,         ,         ,         ,         ,         ,         ,230.17016666666666,-57.16673888888889,0.022377130216972595,0.03566475354719393,0.03566477902611312,5883218164517055488,Gaia: XM=F23=SIMBAD; CXO: XM=F23=SIMBAD; XMM: XM=F23=SIMBAD,3.452322243379376e-09
Cir X-1,     0.02,     0.87, 15 20 40.84,-57 10 00.26,0.29,0.29,0.0,2CXO J152040.8-571000,        Circinus X-1,15801,   0.8382,   0.8351,   0.8413,   0.9794,   0.9788,   0.9813,   0.7920,   0.7751,   0.8089,4.178e-12,4.143e-12,4.209e-12,   -0.320,   -0.352,   -0.288,         ,    106.7,    102.2,    111.4,         ,7.301e-05,6.947e-05,7.671e-05,         ,    2.436,4.168e-12,4.115e-12,4.204e-12,    4.454,    4.248,    4.682,         ,    71.71,    68.75,    74.74,         ,1.024e-05,9.453e-06,1.106e-05,         ,    2.765,3.279e-12,3.253e-12,3.307e-12,    100.0,    99.30,         ,         ,    376.8,    370.5,    383.4,         , 0.001925, 0.001903, 0.001948,         ,    6.494,3.711e-12,3.558e-12,3.855e-12,    16.36,    15.59,    18.01,         ,    4.926,    4.868,         ,         ,  0.03868,  0.03808,  0.03921,         ,    412.4,    398.5,    425.6,         , 0.003043, 0.002909, 0.003121,         ,    5.308, 0,    0.008,    0.773,    0.822,1.182e-06,   0.1846,   0.1846,   0.1846, 0,    0.015,    0.986,    0.959,1.818e-05,   0.1627,   0.1627,   0.1627, 1,    0.597,    0.998,    0.991,0.0006896,  0.02048,  0.01979,  0.02117, 0,    0.315,    0.795,    0.820,5.953e-05, 0.001435, 0.001376, 0.001495,  ,         ,         ,         ,         ,         ,         ,         ,  ,         ,         ,         ,         ,         ,         ,         ,230.17016666666666,-57.16673888888889,0.022377130216972595,0.03566475354719393,0.03566477902611312,5883218164517055488,Gaia: XM=F23=SIMBAD; CXO: XM=F23=SIMBAD; XMM: XM=F23=SIMBAD,3.452322243379376e-09
Cir X-1,     0.02,     0.87, 15 20 40.84,-57 10 00.26,0.29,0.29,0.0,2CXO J152040.8-571000,        Circinus X-1,16578,   0.8170,   0.8114,   0.8239,   0.9794,   0.9763,   0.9825,   0.8107,   0.7826,   0.8364,2.832e-12,2.789e-12,2.877e-12,    0.279,    0.219,    0.341,         ,    156.8,    147.8,    166.2,         ,0.0001310,0.0001194,0.0001439,         ,    1.584,2.766e-12,2.707e-12,2.813e-12,    2.391,    2.291,    2.500,         ,    91.43,    85.98,    97.12,         ,2.383e-05,2.161e-05,2.624e-05,         ,    1.853,2.459e-12,2.427e-12,2.496e-12,    100.0,    97.10,         ,         ,    303.7,    296.4,    311.3,         , 0.001356, 0.001332, 0.001380,         ,    2.258,2.429e-12,2.290e-12,2.590e-12,    64.00,    60.89,         ,         ,   0.8385, 0.002403,    1.241,         ,   0.6642,  -0.9929,   0.6731,         ,    314.6,    306.8,    335.1,         , 0.007011, 0.006662, 0.007605,         ,    2.404, 0,    0.015,    0.244,    0.647,1.021e-05,   0.1464,   0.1464,   0.1465, 0,    0.017,    0.434,    0.651,1.335e-05,   0.1269,   0.1269,   0.1269, 0,    0.028,    0.285,    0.468,9.442e-06,  0.01834,  0.01833,  0.01835,  ,         ,         ,         ,         ,         ,         ,         ,  ,         ,         ,         ,         ,         ,         ,         ,  ,         ,         ,         ,         ,         ,         ,         ,230.17016666666666,-57.16673888888889,0.022377130216972595,0.03566475354719393,0.03566477902611312,5883218164517055488,Gaia: XM=F23=SIMBAD; CXO: XM=F23=SIMBAD; XMM: XM=F23=SIMBAD,3.452322243379376e-09
Cir X-1,     0.02,     0.87, 15 20 40.84,-57 10 00.26,0.29,0.29,0.0,2CXO J152040.8-571000,             Cir X-1, 8547,         ,         ,         ,         ,         ,         ,         ,         ,         ,         ,         ,         ,         ,         ,         ,         ,         ,         ,         ,         ,         ,         ,         ,         ,         ,         ,         ,         ,         ,         ,         ,         ,         ,         ,         ,         ,         ,         ,         ,         ,         ,         ,         ,         ,         ,         ,         ,         ,         ,         ,         ,         ,         ,         ,         ,         ,         ,         ,         ,         ,         ,         ,         ,         ,         ,         ,         ,         ,         ,         ,         ,         ,         ,         ,         ,         ,         ,         ,         ,         ,         ,  ,         ,         ,         ,         ,         ,         ,         ,  ,         ,         ,         ,         ,         ,         ,         ,  ,         ,         ,         ,         ,         ,         ,         ,  ,         ,         ,         ,         ,         ,         ,         ,  ,         ,         ,         ,         ,         ,         ,         , 7,    1.000,    1.000,    1.000,  0.01479,   0.3231,   0.3022,   0.3404,230.17016666666666,-57.16673888888889,0.022377130216972595,0.03566475354719393,0.03566477902611312,5883218164517055488,Gaia: XM=F23=SIMBAD; CXO: XM=F23=SIMBAD; XMM: XM=F23=SIMBAD,3.452322243379376e-09
Cir X-1,     0.02,     0.87, 15 20 40.84,-57 10 00.26,0.29,0.29,0.0,2CXO J152040.8-571000,             Cir X-1, 8556,         ,         ,         ,         ,         ,         ,         ,         ,         ,         ,         ,         ,         ,         ,         ,         ,         ,         ,         ,         ,         ,         ,         ,         ,         ,         ,         ,         ,         ,         ,         ,         ,         ,         ,         ,         ,         ,         ,         ,         ,         ,         ,         ,         ,         ,         ,         ,         ,         ,         ,         ,         ,         ,         ,         ,         ,         ,         ,         ,         ,         ,         ,         ,         ,         ,         ,         ,         ,         ,         ,         ,         ,         ,         ,         ,         ,         ,         ,         ,         ,         ,  ,         ,         ,         ,         ,         ,         ,         ,  ,         ,         ,         ,         ,         ,         ,         ,  ,         ,         ,         ,         ,         ,         ,         ,  ,         ,         ,         ,         ,         ,         ,         ,  ,         ,         ,         ,         ,         ,         ,         , 2,    0.768,    0.995,    0.988,  0.01913,   0.4413,   0.4222,   0.4605,230.17016666666666,-57.16673888888889,0.022377130216972595,0.03566475354719393,0.03566477902611312,5883218164517055488,Gaia: XM=F23=SIMBAD; CXO: XM=F23=SIMBAD; XMM: XM=F23=SIMBAD,3.452322243379376e-09
GRO J1008-57,     0.09,     0.44, 10 09 46.96,-58 17 35.49,0.29,0.29,5.6,2CXO J100946.9-581736,        GRO J1008-57,14639,   0.6758,   0.6615,   0.6889,   0.9332,   0.9250,   0.9413,   0.6971,   0.6602,   0.7314,9.564e-12,9.317e-12,9.813e-12,    1.140,    1.053,    1.231,         ,    146.1,    134.5,    158.5,         , 0.001568, 0.001377, 0.001792,         ,    1.007,9.197e-12,8.958e-12,9.408e-12,    1.368,    1.324,    1.414,         ,    62.87,    57.06,    69.15,         ,0.0003695,0.0003331,0.0004103,         ,    0.990,9.521e-12,9.239e-12,9.766e-12,    100.0,    68.78,         ,         ,    158.2,    152.3,    164.6,         , 0.004464, 0.004115, 0.004581,         ,    1.015,         ,         ,         ,         ,         ,         ,         ,         ,         ,         ,         ,         ,         ,         ,         ,         ,         ,         ,         ,         ,         ,         ,         ,         , 9,    1.000,    1.000,    1.000,  0.09281,   0.5774,   0.4175,   0.6650, 9,    1.000,    1.000,    1.000,  0.08135,   0.4291,   0.3113,   0.5270, 7,    0.990,    1.000,    1.000,  0.01870,   0.1200,   0.1013,   0.1386, 0,    0.108,    0.811,    0.791,0.0001086,  0.01419,  0.01405,  0.01433, 1,    0.589,    0.940,    0.895,0.0002543,0.0009871,0.0007700, 0.001651,  ,         ,         ,         ,         ,         ,         ,         ,152.44566666666665,-58.293191666666665,0.07065433319671797,0.3555563394054301,0.3555563422840852,5258414192353423360,Gaia: XM=F23=SIMBAD; CXO: XM=F23=SIMBAD; XMM: none,3.117182609973651e-07
GS 0834-430,     0.03,     0.86, 08 35 55.46,-43 11 08.18,0.36,0.36,14.7,2CXO J083555.4-431108,          GS0834-430,11067,   0.1886,  -0.2655,   0.5853,   0.9994,   0.1143,   1.0000,   0.7320,  -0.0169,   1.0000,         ,         ,         ,         ,         ,         ,         ,         ,         ,         ,         ,         ,         ,         ,         ,         ,         ,         ,         ,         ,         ,         ,         ,         ,         ,         ,         ,         ,         ,         ,         ,         ,         ,         ,         ,         ,         ,         ,         ,         ,         ,         ,         ,         ,         ,         ,         ,         ,         ,         ,         ,         ,         ,         ,         ,         ,         ,         ,         ,         ,         ,         ,         ,         ,         ,         ,         ,         ,         ,         ,         ,         , 0,    0.383,    0.294,    0.393,0.0003480, 0.003814, 0.003441, 0.004531,  ,         ,         ,         ,         ,         ,         ,         ,  ,         ,         ,         ,         ,         ,         ,         ,  ,         ,         ,         ,         ,         ,         ,         ,  ,         ,         ,         ,         ,         ,         ,         ,  ,         ,         ,         ,         ,         ,         ,         ,128.98108333333332,-43.185605555555554,0.042390855664796084,0.0830550451049525,0.039188230494448396,5523448270462666880,"Gaia: XM=SIMBAD, F23 absent; CXO: XM only, F23+SIMBAD absent; XMM: none",0.2092865714270415
GS 0834-430,     0.03,     0.86, 08 35 55.46,-43 11 08.18,0.36,0.36,14.7,2CXO J083555.4-431108,         GS 0834-430,14638,   0.8282,   0.6665,   0.9363,   0.9994,   0.8089,   1.0000,   0.9994,   0.0269,   1.0000,         ,         ,         ,         ,         ,         ,         ,         ,         ,         ,         ,         ,         ,         ,         ,         ,         ,         ,         ,         ,         ,         ,         ,         ,         ,         ,         ,         ,         ,         ,         ,         ,         ,         ,         ,         ,         ,         ,         ,         ,         ,         ,         ,         ,         ,         ,         ,         ,         ,         ,         ,         ,         ,         ,         ,         ,         ,         ,         ,         ,         ,         ,         ,         ,         ,         ,         ,         ,         ,         ,         ,         , 6,    0.982,    0.993,    0.993, 0.002252, 0.003353, 0.001101, 0.005606, 6,    0.951,    0.985,    0.982, 0.001821, 0.002959, 0.001138, 0.004780,  ,         ,         ,         ,         ,         ,         ,         ,  ,         ,         ,         ,         ,         ,         ,         ,  ,         ,         ,         ,         ,         ,         ,         ,  ,         ,         ,         ,         ,         ,         ,         ,128.98108333333332,-43.185605555555554,0.042390855664796084,0.0830550451049525,0.039188230494448396,5523448270462666880,"Gaia: XM=SIMBAD, F23 absent; CXO: XM only, F23+SIMBAD absent; XMM: none",0.2092865714270415
GS 0834-430,     0.03,     0.86, 08 35 55.46,-43 11 08.18,0.36,0.36,14.7,2CXO J083555.4-431108,        VELA REMNANT, 3451,         ,         ,         ,         ,         ,         ,         ,         ,         ,         ,         ,         ,         ,         ,         ,         ,         ,         ,         ,         ,         ,         ,         ,         ,         ,         ,         ,         ,         ,         ,         ,         ,         ,         ,         ,         ,         ,         ,         ,         ,         ,         ,         ,         ,         ,         ,         ,         ,         ,         ,         ,         ,         ,         ,         ,         ,         ,         ,         ,         ,         ,         ,         ,         ,         ,         ,         ,         ,         ,         ,         ,         ,         ,         ,         ,         ,         ,         ,         ,         ,         ,  ,         ,         ,         ,         ,         ,         ,         ,  ,         ,         ,         ,         ,         ,         ,         ,  ,         ,         ,         ,         ,         ,         ,         ,  ,         ,         ,         ,         ,         ,         ,         ,  ,         ,         ,         ,         ,         ,         ,         ,  ,         ,         ,         ,         ,         ,         ,         ,128.98108333333332,-43.185605555555554,0.042390855664796084,0.0830550451049525,0.039188230494448396,5523448270462666880,"Gaia: XM=SIMBAD, F23 absent; CXO: XM only, F23+SIMBAD absent; XMM: none",0.2092865714270415
GS 0834-430,     0.03,     0.86, 08 35 55.46,-43 11 08.18,0.36,0.36,14.7,2CXO J083555.4-431108,        VELA REMNANT, 3713,         ,         ,         ,         ,         ,         ,         ,         ,         ,         ,         ,         ,         ,         ,         ,         ,         ,         ,         ,         ,         ,         ,         ,         ,         ,         ,         ,         ,         ,         ,         ,         ,         ,         ,         ,         ,         ,         ,         ,         ,         ,         ,         ,         ,         ,         ,         ,         ,         ,         ,         ,         ,         ,         ,         ,         ,         ,         ,         ,         ,         ,         ,         ,         ,         ,         ,         ,         ,         ,         ,         ,         ,         ,         ,         ,         ,         ,         ,         ,         ,         ,  ,         ,         ,         ,         ,         ,         ,         ,  ,         ,         ,         ,         ,         ,         ,         ,  ,         ,         ,         ,         ,         ,         ,         ,  ,         ,         ,         ,         ,         ,         ,         ,  ,         ,         ,         ,         ,         ,         ,         ,  ,         ,         ,         ,         ,         ,         ,         ,128.98108333333332,-43.185605555555554,0.042390855664796084,0.0830550451049525,0.039188230494448396,5523448270462666880,"Gaia: XM=SIMBAD, F23 absent; CXO: XM only, F23+SIMBAD absent; XMM: none",0.2092865714270415
GS 0834-430,     0.03,     0.86, 08 35 55.46,-43 11 08.18,0.36,0.36,14.7,2CXO J083555.4-431108,        VELA REMNANT, 5249,         ,         ,         ,         ,         ,         ,         ,         ,         ,         ,         ,         ,         ,         ,         ,         ,         ,         ,         ,         ,         ,         ,         ,         ,         ,         ,         ,         ,         ,         ,         ,         ,         ,         ,         ,         ,         ,         ,         ,         ,         ,         ,         ,         ,         ,         ,         ,         ,         ,         ,         ,         ,         ,         ,         ,         ,         ,         ,         ,         ,         ,         ,         ,         ,         ,         ,         ,         ,         ,         ,         ,         ,         ,         ,         ,         ,         ,         ,         ,         ,         ,  ,         ,         ,         ,         ,         ,         ,         ,  ,         ,         ,         ,         ,         ,         ,         ,  ,         ,         ,         ,         ,         ,         ,         ,  ,         ,         ,         ,         ,         ,         ,         ,  ,         ,         ,         ,         ,         ,         ,         ,  ,         ,         ,         ,         ,         ,         ,         ,128.98108333333332,-43.185605555555554,0.042390855664796084,0.0830550451049525,0.039188230494448396,5523448270462666880,"Gaia: XM=SIMBAD, F23 absent; CXO: XM only, F23+SIMBAD absent; XMM: none",0.2092865714270415
GS 1843+009,     0.00,     1.00, 18 45 36.83,+00 51 47.37,0.46,0.43,55.3,2CXO J184536.8+005147,          GS 1843+00,14644,   0.9994,   0.8126,   1.0000,   0.9994,   0.7327,   1.0000,  -0.9994,  -1.0000,   1.0000,         ,         ,         ,         ,         ,         ,         ,         ,         ,         ,         ,         ,         ,         ,         ,         ,         ,         ,         ,         ,         ,         ,         ,         ,         ,         ,         ,         ,         ,         ,         ,         ,         ,         ,         ,         ,         ,         ,         ,         ,         ,         ,         ,         ,         ,         ,         ,         ,         ,         ,         ,         ,         ,         ,         ,         ,         ,         ,         ,         ,         ,         ,         ,         ,         ,         ,         ,         ,         ,         ,         ,         , 0,    0.393,    0.684,    0.533,0.0001186, 0.001381, 0.001301, 0.001798, 0,    0.393,    0.684,    0.533,0.0001186, 0.001381, 0.001301, 0.001798,  ,         ,         ,         ,         ,         ,         ,         ,  ,         ,         ,         ,         ,         ,         ,         ,  ,         ,         ,         ,         ,         ,         ,         ,  ,         ,         ,         ,         ,         ,         ,         ,281.4034583333333,0.8631583333333334,0.054275097189087504,0.09065889363604347,0.09065896278474615,4278536022438800640,Gaia: XM=F23=SIMBAD; CXO: XM=F23=SIMBAD; XMM: none,9.536135299265494e-09
GX 301-2,     0.12,     0.37, 12 26 37.55,-62 46 13.18,0.32,0.3,156.0,2CXO J122637.5-624613,     AX J1226.8-6249, 3811,   0.9806,   0.9738,   0.9863,   0.9969,   0.9938,   0.9988,   0.7458,   0.5178,   0.9151,1.304e-11,1.083e-11,1.614e-11,   -3.826,   -3.866,   -3.673,         ,    431.4,    265.5,    639.0,         ,4.980e-07,         ,6.795e-07,         ,    2.392,8.013e-12,3.332e-12,9.610e-12,    346.9,    20.77,    384.8,         ,     3356,     3061,     3673,         ,4.516e-07,         ,9.013e-06,         ,    2.795,9.778e-12,8.840e-12,1.040e-11,    100.0,    39.16,         ,         ,     6035,     5651,     6441,         ,  0.03980,  0.03261,  0.04507,         ,    3.165,         ,         ,         ,         ,         ,         ,         ,         ,         ,         ,         ,         ,         ,         ,         ,         ,         ,         ,         ,         ,         ,         ,         ,         , 0,    0.044,    0.424,    0.724,7.251e-05,   0.2545,   0.2544,   0.2545, 0,    0.044,    0.448,    0.756,7.306e-05,   0.2505,   0.2504,   0.2506, 0,    0.193,    0.031,    0.002,0.0001637, 0.003630, 0.003468, 0.004006,  ,         ,         ,         ,         ,         ,         ,         ,  ,         ,         ,         ,         ,         ,         ,         ,  ,         ,         ,         ,         ,         ,         ,         ,186.6564583333333,-62.77032777777778,0.11474840227403645,0.8659084024681734,0.8659084111302755,6054569565614460800,"Gaia: XM=F23=SIMBAD; CXO: XM=F23=SIMBAD; XMM: XM only, F23+SIMBAD absent",4.581592853897103e-07
H 1417-624,     0.00,     1.00, 14 21 12.15,-62 41 56.12,0.31,0.31,13.4,2CXO J142112.1-624156,         2S 1417-624,14640,   0.6446,   0.5490,   0.7302,   0.9994,   0.9176,   1.0000,   0.9994,   0.6740,   1.0000,         ,         ,         ,         ,         ,         ,         ,         ,         ,         ,         ,         ,         ,         ,         ,         ,         ,         ,         ,         ,         ,         ,         ,         ,         ,         ,         ,         ,         ,         ,         ,         ,         ,         ,         ,         ,         ,         ,         ,         ,         ,         ,         ,         ,         ,         ,         ,         ,         ,         ,         ,         ,         ,         ,         ,         ,         ,         ,         ,         ,         ,         ,         ,         ,         ,         ,         ,         ,         ,         ,         ,         , 7,    0.997,    0.998,    0.979, 0.007804,  0.01320, 0.007616,  0.05240, 7,    0.996,    1.000,    0.996, 0.005498, 0.009831, 0.005791,  0.03448, 0,    0.347,    0.290,    0.254,0.0003228, 0.003156, 0.002916, 0.004551,  ,         ,         ,         ,         ,         ,         ,         ,  ,         ,         ,         ,         ,         ,         ,         ,  ,         ,         ,         ,         ,         ,         ,         ,215.30062499999997,-62.69892222222222,0.028077089664294532,0.04913688269925559,0.04913688370782519,5854175187710795136,Gaia: XM=F23=SIMBAD; CXO: XM=F23=SIMBAD; XMM: none,9.856132825998141e-09
HD 119682,     0.03,     0.78, 13 46 32.55,-62 55 24.19,0.29,0.29,179.7,2CXO J134632.5-625523,   1WGA J1346.5-6255, 4554,   0.2711,   0.2392,   0.3029,   0.2299,   0.1968,   0.2642,  -0.0437,  -0.0818,  -0.0069,7.946e-13,7.678e-13,8.236e-13,    1.550,    1.472,    1.630,         ,    21.74,    18.99,    24.61,         ,0.0001615,0.0001486,0.0001755,         ,    0.976,6.622e-13,6.334e-13,6.879e-13,   0.7731,   0.7578,   0.7972,         ,3.698e-07,         ,   0.2427,         ,0.0001858,0.0001726,0.0002041,         ,    2.053,7.837e-13,7.505e-13,8.134e-13,    12.57,    9.817,    17.53,         ,    17.74,    15.86,    19.91,         ,0.0002093,0.0002021,0.0002206,         ,    0.975,         ,         ,         ,         ,         ,         ,         ,         ,         ,         ,         ,         ,         ,         ,         ,         ,         ,         ,         ,         ,         ,         ,         ,         , 0,    0.022,    0.573,    0.864,3.788e-05,   0.1007,   0.1006,   0.1007, 0,    0.033,    0.590,    0.770,5.617e-05,  0.03884,  0.03877,  0.03891, 0,    0.062,    0.020,    0.046,4.986e-05,  0.03298,  0.03293,  0.03302, 0,    0.100,    0.584,    0.886,0.0001520,  0.02884,  0.02868,  0.02899, 0,    0.340,    0.736,    0.672,6.244e-05,0.0008987,0.0008539, 0.001199,  ,         ,         ,         ,         ,         ,         ,         ,206.63562499999998,-62.92338611111111,0.06720604094899318,0.32169731971994986,0.3216973246317752,5864664975280537728,Gaia: XM=F23=SIMBAD; CXO: XM=F23=SIMBAD; XMM: XM=F23=SIMBAD,3.8539718755844645e-07
HD 259440,     0.01,     0.96, 06 32 59.26,+05 48 01.16,0.29,0.29,0.0,2CXO J063259.2+054801,      HESS J0632+057,20269,   0.2736,   0.2205,   0.3267,   0.1974,   0.1093,   0.2879,  -0.0837,  -0.1768,   0.0181,1.872e-13,1.754e-13,1.984e-13,    1.399,    1.230,    1.575,         ,    25.16,    13.48,    38.22,         ,3.312e-05,2.664e-05,4.136e-05,         ,    0.655,1.597e-13,1.495e-13,1.703e-13,   0.9297,   0.8781,   0.9853,         ,4.469e-06,         ,    1.893,         ,2.272e-05,1.878e-05,2.737e-05,         ,    1.726,1.917e-13,1.776e-13,2.025e-13,    33.55,    14.72,    223.4,         ,    20.09,    10.72,    30.38,         ,5.406e-05,4.895e-05,6.981e-05,         ,    0.672,1.537e-13,4.749e-14,6.756e-13,    7.381,   0.7351,    82.52,         ,   0.5044,         ,         ,         ,  -0.6670,  -0.9880,    5.339,         ,    20.63,    11.94,    31.57,         ,2.799e-05,9.494e-07, 0.001440,         ,    0.733, 1,    0.627,    0.985,    0.986, 0.002083,  0.02686,  0.02478,  0.02895, 0,    0.337,    0.938,    0.958,0.0006251,  0.01521,  0.01459,  0.01584, 0,    0.113,    0.369,    0.289,5.451e-05, 0.009043, 0.008988, 0.009097, 2,    0.779,    0.909,    0.892,0.0007259, 0.002614, 0.001888, 0.003340,  ,         ,         ,         ,         ,         ,         ,         ,  ,         ,         ,         ,         ,         ,         ,         ,98.24691666666665,5.800322222222222,0.05140240820806327,0.18819052294584615,0.1881905263594605,3131822364779745536,"Gaia: XM=SIMBAD, F23 differs; CXO: XM only, F23+SIMBAD absent; XMM: XM=F23=SIMBAD",5.242929338421305e-07
HD 259440,     0.01,     0.96, 06 32 59.26,+05 48 01.16,0.29,0.29,0.0,2CXO J063259.2+054801,      HESS J0632+057,20950,   0.2861,   0.2380,   0.3329,   0.2236,   0.1418,   0.3042,  -0.0700,  -0.1568,   0.0206,1.483e-13,1.402e-13,1.566e-13,    1.641,    1.491,    1.799,         ,    39.91,    28.08,    53.25,         ,3.688e-05,3.021e-05,4.524e-05,         ,    1.468,1.405e-13,1.326e-13,1.486e-13,   0.9383,   0.8957,   0.9834,         ,1.012e-05,         ,    1.910,         ,1.908e-05,1.632e-05,2.226e-05,         ,    1.791,1.476e-13,1.338e-13,1.558e-13,    10.63,    7.262,    17.38,         ,    31.87,    22.61,    43.01,         ,4.330e-05,4.016e-05,4.770e-05,         ,    1.420,1.426e-13,1.176e-13,1.537e-13,    10.45,   0.8672,    24.85,         ,0.0006843,         ,   0.9340,         , -0.04938,  -0.9749,    7.891,         ,    31.49,    22.66,    47.11,         ,0.0001261,1.572e-05, 0.003750,         ,    1.532, 0,    0.089,    0.588,    0.891,9.546e-05,  0.02301,  0.02291,  0.02310, 0,    0.087,    0.679,    0.913,4.771e-05,  0.01312,  0.01307,  0.01317, 0,    0.100,    0.588,    0.466,6.602e-05, 0.007706, 0.007624, 0.007767, 0,    0.111,    0.487,    0.416,1.414e-05, 0.002185, 0.002170, 0.002201,  ,         ,         ,         ,         ,         ,         ,         ,  ,         ,         ,         ,         ,         ,         ,         ,98.24691666666665,5.800322222222222,0.05140240820806327,0.18819052294584615,0.1881905263594605,3131822364779745536,"Gaia: XM=SIMBAD, F23 differs; CXO: XM only, F23+SIMBAD absent; XMM: XM=F23=SIMBAD",5.242929338421305e-07
HD 259440,     0.01,     0.96, 06 32 59.26,+05 48 01.16,0.29,0.29,0.0,2CXO J063259.2+054801,      HESS J0632+057,20974,   0.3223,   0.2917,   0.3529,   0.5047,   0.4491,   0.5590,   0.2161,   0.1443,   0.2892,5.093e-13,4.887e-13,5.282e-13,    1.516,    1.402,    1.635,         ,    54.94,    45.76,    64.89,         ,0.0001147,9.863e-05,0.0001337,         ,    0.940,4.676e-13,4.494e-13,4.875e-13,    1.021,   0.9860,    1.058,         ,4.383e-05,         ,    1.945,         ,4.617e-05,4.126e-05,5.155e-05,         ,    1.658,5.086e-13,4.804e-13,5.276e-13,    19.47,    12.69,    35.21,         ,    46.58,    39.42,    54.31,         ,0.0001545,0.0001483,0.0001633,         ,    0.968,4.956e-13,3.723e-13,6.571e-13,    11.68,    9.273,    20.56,         ,    2.123,         ,         ,         ,  -0.2453,  -0.2644,   0.2579,         ,    47.68,    38.89,    67.38,         ,0.0002378,9.514e-05,0.0003956,         ,    0.987, 0,    0.040,    0.982,    0.999,8.703e-05,  0.03410,  0.03400,  0.03425, 0,    0.058,    0.379,    0.496,3.246e-05,  0.02089,  0.02085,  0.02092, 2,    0.685,    0.999,    0.999, 0.001393,  0.01141, 0.009876,  0.01347, 0,    0.157,    0.623,    0.500,3.802e-05, 0.001805, 0.001765, 0.001849,  ,         ,         ,         ,         ,         ,         ,         ,  ,         ,         ,         ,         ,         ,         ,         ,98.24691666666665,5.800322222222222,0.05140240820806327,0.18819052294584615,0.1881905263594605,3131822364779745536,"Gaia: XM=SIMBAD, F23 differs; CXO: XM only, F23+SIMBAD absent; XMM: XM=F23=SIMBAD",5.242929338421305e-07
HD 259440,     0.01,     0.96, 06 32 59.26,+05 48 01.16,0.29,0.29,0.0,2CXO J063259.2+054801,      HESS J0632+057,20975,   0.3735,   0.3404,   0.4054,   0.3948,   0.3367,   0.4553,   0.0237,  -0.0468,   0.1006,3.678e-13,3.513e-13,3.828e-13,    1.202,    1.087,    1.323,         ,    29.41,    20.33,    39.45,         ,5.198e-05,4.449e-05,6.100e-05,         ,    0.947,3.241e-13,3.076e-13,3.381e-13,    1.053,    1.010,    1.099,         ,1.579e-06,         ,    1.014,         ,2.863e-05,2.505e-05,3.262e-05,         ,    1.831,3.706e-13,3.563e-13,3.843e-13,    100.0,    49.08,         ,         ,    31.25,    26.14,    37.27,         ,0.0001340,0.0001143,0.0001397,         ,    0.957,3.011e-13,2.139e-13,4.101e-13,    41.28,    24.36,    85.75,         ,    5.000,    2.222,    10.79,         ,   0.1323,   0.1172,   0.1723,         ,    34.05,    28.43,    41.02,         ,0.0002624,0.0002369,0.0004519,         ,    0.918, 9,    1.000,    1.000,    1.000, 0.006172,  0.02356,  0.01527,  0.03014, 8,    1.000,    1.000,    1.000, 0.003842,  0.01472, 0.009447,  0.01852, 6,    0.984,    1.000,    1.000, 0.001744, 0.007272, 0.004642, 0.009575, 7,    0.990,    0.999,    0.990,0.0006867, 0.001664,0.0009774, 0.002351,  ,         ,         ,         ,         ,         ,         ,         ,  ,         ,         ,         ,         ,         ,         ,         ,98.24691666666665,5.800322222222222,0.05140240820806327,0.18819052294584615,0.1881905263594605,3131822364779745536,"Gaia: XM=SIMBAD, F23 differs; CXO: XM only, F23+SIMBAD absent; XMM: XM=F23=SIMBAD",5.242929338421305e-07
HD 96670,     0.08,     0.57, 11 07 13.91,-59 52 23.12,0.33,0.3,107.7,2CXO J110713.9-595223,NuSTAR J110727-5948.8,23643,  -0.2224,  -0.2767,  -0.1668,  -0.6896,  -0.7227,  -0.6540,  -0.5522,  -0.5915,  -0.5091,6.266e-13,5.895e-13,6.654e-13,    2.735,    2.632,    2.843,         ,5.156e-06,         ,    2.807,         ,0.0002078,0.0001932,0.0002246,         ,    1.333,3.319e-13,3.044e-13,3.499e-13,   0.4572,   0.4300,   0.4850,         ,5.001e-06,         ,    1.032,         ,0.0007951,0.0006196, 0.001032,         ,    3.573,4.855e-13,4.589e-13,5.083e-13,    1.720,    1.546,    1.919,         ,2.829e-05,         ,    1.103,         ,0.0002405,0.0002166,0.0002676,         ,    1.779,4.743e-13,3.862e-13,5.645e-13,    1.917,    1.785,    2.070,         ,   0.3578,   0.2120,    1.416,         ,  0.06422,  0.04905,  0.08433,         ,2.472e-06,         ,    2.056,         ,0.0005849,0.0004973, 0.001084,         ,    1.474, 0,    0.205,    0.899,    0.789,0.0005848,  0.03714,  0.03656,  0.03773, 1,    0.550,    0.960,    0.908, 0.001156,  0.01128, 0.009926,  0.01251, 0,    0.089,    0.342,    0.119,5.676e-05,  0.01671,  0.01665,  0.01676, 0,    0.063,    0.486,    0.296,4.459e-06, 0.009251, 0.009242, 0.009256,  ,         ,         ,         ,         ,         ,         ,         ,  ,         ,         ,         ,         ,         ,         ,         ,166.80795833333332,-59.87308888888889,0.08207904518450751,0.41390272614276646,0.4139027357827701,5337747731560719616,"Gaia: XM=F23=SIMBAD; CXO: XM only, F23+SIMBAD absent; XMM: none",3.625669401642479e-07
IGR J00370+6122,     0.00,     1.00, 00 37 09.63,+61 21 36.48,0.32,0.32,27.3,2CXO J003709.6+612136,     IGR J00370+6122,18952,         ,         ,         ,         ,         ,         ,         ,         ,         ,         ,         ,         ,         ,         ,         ,         ,         ,         ,         ,         ,         ,         ,         ,         ,         ,         ,         ,         ,         ,         ,         ,         ,         ,         ,         ,         ,         ,         ,         ,         ,         ,         ,         ,         ,         ,         ,         ,         ,         ,         ,         ,         ,         ,         ,         ,         ,         ,         ,         ,         ,         ,         ,         ,         ,         ,         ,         ,         ,         ,         ,         ,         ,         ,         ,         ,         ,         ,         ,         ,         ,         ,  ,         ,         ,         ,         ,         ,         ,         ,  ,         ,         ,         ,         ,         ,         ,         ,  ,         ,         ,         ,         ,         ,         ,         ,  ,         ,         ,         ,         ,         ,         ,         ,  ,         ,         ,         ,         ,         ,         ,         , 1,    0.510,    0.650,    0.837, 0.001611, 0.006479, 0.004521, 0.009635,9.290125,61.36013333333334,0.013089646484934405,0.010022653103247696,0.010022653137015726,427234969757165952,"Gaia: XM=F23=SIMBAD; CXO: XM only, F23+SIMBAD absent; XMM: XM=F23=SIMBAD",3.881680860329709e-07
IGR J06074+2205,     0.18,     0.14, 06 07 26.61,+22 05 47.60,0.3,0.3,166.5,2CXO J060726.6+220547,     IGR J06074+2205, 7520,   0.9419,   0.9225,   0.9588,   0.9994,   0.9925,   1.0000,   0.9994,   0.7601,   1.0000,1.008e-12,7.210e-13,1.156e-12,    1.237,    0.771,    1.730,         ,    544.0,    430.5,    675.4,         ,0.0003082,0.0001440,0.0006909,         ,    1.974,1.001e-12,6.899e-13,1.141e-12,    1.677,    1.407,    2.062,         ,    345.7,    273.5,    431.0,         ,3.026e-05,1.669e-05,5.405e-05,         ,    2.138,1.143e-12,1.039e-12,1.213e-12,    100.0,    14.50,         ,         ,    548.0,    499.0,    634.4,         ,0.0007663,0.0005961,0.0008338,         ,    1.979,         ,         ,         ,         ,         ,         ,         ,         ,         ,         ,         ,         ,         ,         ,         ,         ,         ,         ,         ,         ,         ,         ,         ,         , 0,    0.052,    0.218,    0.196,0.0001000,  0.05803,  0.05788,  0.05816, 0,    0.064,    0.333,    0.404,0.0001868,  0.05563,  0.05536,  0.05585, 0,    0.308,    0.134,    0.211,0.0002089, 0.002401, 0.002224, 0.002949,  ,         ,         ,         ,         ,         ,         ,         ,  ,         ,         ,         ,         ,         ,         ,         ,  ,         ,         ,         ,         ,         ,         ,         ,91.860875,22.096555555555554,0.15482545300138972,1.5953979389815822,1.5953979516627148,3423526544838563328,"Gaia: XM=SIMBAD, F23 differs; CXO: XM=F23=SIMBAD; XMM: XM=F23=SIMBAD",8.771526650571349e-08
IGR J10101-5654,     0.08,     0.56, 10 10 11.86,-56 55 31.88,0.32,0.3,173.7,2CXO J101011.8-565532,     IGR J10101-5654, 7519,   0.7845,   0.7439,   0.8214,   0.9631,   0.9413,   0.9800,   0.7308,   0.5928,   0.8476,8.028e-13,6.596e-13,9.028e-13,    1.144,    0.794,    1.514,         ,    215.9,    165.9,    274.3,         ,0.0001562,9.218e-05,0.0002706,         ,    0.643,7.686e-13,6.027e-13,8.605e-13,    1.464,    1.272,    1.713,         ,    109.1,    78.62,    145.3,         ,2.847e-05,1.778e-05,4.511e-05,         ,    0.872,8.517e-13,7.611e-13,9.208e-13,    100.0,    20.23,         ,         ,    229.2,    205.2,    264.6,         ,0.0004433,0.0003417,0.0004829,         ,    0.658,         ,         ,         ,         ,         ,         ,         ,         ,         ,         ,         ,         ,         ,         ,         ,         ,         ,         ,         ,         ,         ,         ,         ,         , 0,    0.051,    0.874,    0.949,0.0004217,  0.05044,  0.04983,  0.05112, 0,    0.055,    0.812,    0.968,0.0003364,  0.04202,  0.04165,  0.04249, 0,    0.328,    0.574,    0.349,0.0005233, 0.007568, 0.007045, 0.008091, 1,    0.663,    0.911,    0.963,0.0002000,0.0008405,0.0007206, 0.001569,  ,         ,         ,         ,         ,         ,         ,         ,  ,         ,         ,         ,         ,         ,         ,         ,152.54941666666664,-56.92552222222222,0.07290523405389769,0.3533945258566773,0.3533945983289034,5259009543533179648,Gaia: XM=F23=SIMBAD; CXO: XM=F23=SIMBAD; XMM: none,4.8476948868874547e-08
IGR J11305-6256,     0.08,     0.50, 11 31 06.91,-62 56 48.95,0.3,0.3,45.5,2CXO J113106.9-625648,     IGR J11305-6256, 7527,   0.6721,   0.6402,   0.7027,   0.9307,   0.9063,   0.9525,   0.6858,   0.5928,   0.7776,2.175e-12,2.025e-12,2.320e-12,    0.066,   -0.107,    0.241,         ,    48.84,    33.98,    65.19,         ,6.750e-05,5.243e-05,8.696e-05,         ,    1.663,2.120e-12,1.835e-12,2.267e-12,    2.870,    2.461,    3.448,         ,    11.14,    1.816,    21.68,         ,1.184e-05,8.400e-06,1.618e-05,         ,    1.931,1.727e-12,1.640e-12,1.824e-12,    100.0,    82.21,         ,         ,    148.5,    133.6,    166.0,         ,0.0008061,0.0007517,0.0008592,         ,    2.858,         ,         ,         ,         ,         ,         ,         ,         ,         ,         ,         ,         ,         ,         ,         ,         ,         ,         ,         ,         ,         ,         ,         ,         , 6,    0.987,    1.000,    1.000,  0.01786,   0.1158,  0.09790,   0.1336, 6,    0.982,    1.000,    1.000,  0.01507,  0.08960,  0.07453,   0.1047, 0,    0.316,    0.993,    0.990, 0.002043,  0.02367,  0.02173,  0.02736, 0,    0.494,    0.433,    0.772,0.0003352, 0.002343, 0.002092, 0.003896,  ,         ,         ,         ,         ,         ,         ,         ,  ,         ,         ,         ,         ,         ,         ,         ,172.77879166666668,-62.946930555555554,0.09297964884737199,0.5753870470280915,0.5753870830930952,5333660129603575808,Gaia: XM=F23=SIMBAD; CXO(2): XM=F23=SIMBAD; XMM: none,4.1374290869172096e-08
IGR J11305-6256,     0.72,     0.35, 11 31 06.96,-62 56 48.32,1.9,1.9,0.0,2CXO J113106.9-625648X,     IGR J11305-6256, 7527,         ,         ,         ,         ,         ,         ,         ,         ,         ,         ,         ,         ,         ,         ,         ,         ,         ,         ,         ,         ,         ,         ,         ,         ,         ,         ,         ,         ,         ,         ,         ,         ,         ,         ,         ,         ,         ,         ,         ,         ,         ,         ,         ,         ,         ,         ,         ,         ,         ,         ,         ,         ,         ,         ,         ,         ,         ,         ,         ,         ,         ,         ,         ,         ,         ,         ,         ,         ,         ,         ,         ,         ,         ,         ,         ,         ,         ,         ,         ,         ,         ,  ,         ,         ,         ,         ,         ,         ,         ,  ,         ,         ,         ,         ,         ,         ,         ,  ,         ,         ,         ,         ,         ,         ,         ,  ,         ,         ,         ,         ,         ,         ,         ,  ,         ,         ,         ,         ,         ,         ,         ,  ,         ,         ,         ,         ,         ,         ,         ,172.779,-62.946755555555555,0.7254983766657223,0.873358415526692,0.8733584174102128,5333660129603575808,Gaia: XM=F23=SIMBAD; CXO(2): XM=F23=SIMBAD; XMM: none,4.1374290869172096e-08
IGR J11435-6109,     0.18,     0.17, 11 44 00.30,-61 07 36.38,0.32,0.3,31.8,2CXO J114400.3-610736,     IGR J11435-6109, 7523,   0.9994,   0.9950,   1.0000,   0.9931,   0.9875,   0.9988,  -0.9994,  -1.0000,  -0.2080,1.445e-12,9.547e-13,1.688e-12,    1.294,    0.736,    1.890,         ,     1084,    870.7,     1330,         ,0.0006750,0.0002545, 0.001905,         ,    1.304,1.456e-12,8.749e-13,1.679e-12,    1.837,    1.509,    2.335,         ,    777.6,    637.2,    942.4,         ,4.367e-05,2.194e-05,8.509e-05,         ,    1.397,1.682e-12,1.514e-12,1.816e-12,    100.0,    11.52,         ,         ,     1074,    987.1,     1249,         , 0.001528, 0.001348, 0.001667,         ,    1.307,         ,         ,         ,         ,         ,         ,         ,         ,         ,         ,         ,         ,         ,         ,         ,         ,         ,         ,         ,         ,         ,         ,         ,         , 0,    0.105,    0.468,    0.766, 0.002771,  0.07719,  0.07242,  0.08194, 0,    0.099,    0.482,    0.804, 0.002576,  0.07699,  0.07260,  0.08140,  ,         ,         ,         ,         ,         ,         ,         ,  ,         ,         ,         ,         ,         ,         ,         ,  ,         ,         ,         ,         ,         ,         ,         ,  ,         ,         ,         ,         ,         ,         ,         ,176.00124999999994,-61.12677222222222,0.16021453348711012,1.5015203676211224,1.5015204045413848,5335021664274920576,Gaia: XM=F23=SIMBAD; CXO: XM=F23=SIMBAD; XMM: none,4.664008305354728e-07
IGR J14331-6112,     0.00,     1.00, 14 33 08.32,-61 15 39.87,0.33,0.32,131.9,2CXO J143308.3-611540,     IGR J14331-6112, 9053,   0.8557,   0.8339,   0.8763,   0.9532,   0.9350,   0.9688,   0.5172,   0.3704,   0.6590,2.499e-12,2.219e-12,2.682e-12,    0.180,   -0.059,    0.438,         ,    138.2,    99.40,    185.3,         ,0.0001024,6.984e-05,0.0001543,         ,    1.614,2.395e-12,1.952e-12,2.602e-12,    2.535,    2.166,    3.055,         ,    72.99,    50.88,    99.48,         ,1.891e-05,1.279e-05,2.726e-05,         ,    1.648,2.349e-12,2.212e-12,2.489e-12,    100.0,    66.30,         ,         ,    336.1,    306.6,    369.7,         , 0.001343, 0.001218, 0.001432,         ,    2.071,         ,         ,         ,         ,         ,         ,         ,         ,         ,         ,         ,         ,         ,         ,         ,         ,         ,         ,         ,         ,         ,         ,         ,         , 0,    0.070,    0.733,    0.690,0.0004428,   0.1204,   0.1199,   0.1210, 0,    0.064,    0.267,    0.428,0.0002015,   0.1077,   0.1075,   0.1079, 0,    0.392,    0.957,    0.919, 0.001425,  0.01106, 0.009354,  0.01320, 2,    0.686,    0.969,    0.932,0.0005584, 0.001677, 0.001175, 0.003386,  ,         ,         ,         ,         ,         ,         ,         ,  ,         ,         ,         ,         ,         ,         ,         ,218.28466666666665,-61.261075,0.02356140653639527,0.031243109449705497,0.03124311524811035,5878377736381364608,Gaia: XM=F23=SIMBAD; CXO: XM=F23=SIMBAD; XMM: none,1.0728798499691736e-08
IGR J16195-4945,     0.05,     0.70, 16 19 32.19,-49 44 30.61,0.32,0.3,6.0,2CXO J161932.2-494430,     IGR J16195-4945, 5471,   0.9706,   0.9500,   0.9863,   0.9994,   0.9825,   1.0000,   0.9994,   0.2692,   1.0000,6.454e-13,3.188e-13,8.314e-13,    1.587,    0.765,    2.500,         ,     1023,    696.4,     1424,         ,0.0005255,0.0001231, 0.002630,         ,    0.521,6.562e-13,2.797e-13,8.319e-13,    1.667,    1.299,    2.286,         ,    666.9,    460.7,    928.6,         ,2.805e-05,1.066e-05,7.406e-05,         ,    0.600,8.256e-13,6.573e-13,9.603e-13,    13.58,    5.220,         ,         ,     1031,    787.4,     1193,         ,0.0006470,0.0005743,0.0007519,         ,    0.535,         ,         ,         ,         ,         ,         ,         ,         ,         ,         ,         ,         ,         ,         ,         ,         ,         ,         ,         ,         ,         ,         ,         ,         , 0,    0.067,    0.419,    0.253,0.0001598,  0.04880,  0.04862,  0.04902, 0,    0.063,    0.286,    0.108,0.0001176,  0.04790,  0.04778,  0.04806,  ,         ,         ,         ,         ,         ,         ,         ,  ,         ,         ,         ,         ,         ,         ,         ,  ,         ,         ,         ,         ,         ,         ,         ,  ,         ,         ,         ,         ,         ,         ,         ,244.88412499999995,-49.74183611111111,0.07750865132186846,0.3661692839954822,0.36616931592733604,5935509395659726592,Gaia: XM=F23=SIMBAD; CXO: XM=F23=SIMBAD; XMM: none,1.7061077167680043e-08
IGR J16207-5129,     0.11,     0.35, 16 20 46.25,-51 30 06.25,0.3,0.3,0.0,2CXO J162046.2-513006,     IGR J16207-5129, 5472,   0.9357,   0.9188,   0.9488,   0.9819,   0.9700,   0.9913,   0.5597,   0.3417,   0.7564,2.289e-12,1.930e-12,2.486e-12,    0.217,   -0.059,    0.507,         ,    314.0,    249.3,    390.8,         ,0.0001146,7.247e-05,0.0001849,         ,    0.865,2.216e-12,1.710e-12,2.439e-12,    2.712,    2.266,    3.386,         ,    221.7,    178.3,    273.4,         ,1.701e-05,1.071e-05,2.599e-05,         ,    0.894,2.230e-12,2.059e-12,2.376e-12,    100.0,    62.11,         ,         ,    590.1,    532.3,    658.8,         , 0.001543, 0.001385, 0.001667,         ,    1.262,         ,         ,         ,         ,         ,         ,         ,         ,         ,         ,         ,         ,         ,         ,         ,         ,         ,         ,         ,         ,         ,         ,         ,         , 0,    0.034,    0.601,    0.685,5.241e-05,   0.1031,   0.1030,   0.1032, 0,    0.051,    0.845,    0.763,0.0002472,  0.09820,  0.09791,  0.09851, 2,    0.742,    0.993,    0.965, 0.001575, 0.004302, 0.002537, 0.007270,  ,         ,         ,         ,         ,         ,         ,         ,  ,         ,         ,         ,         ,         ,         ,         ,  ,         ,         ,         ,         ,         ,         ,         ,245.19270833333331,-51.501736111111114,0.12235293940730477,0.9963527139353875,0.9963527383258047,5934776158877214848,Gaia: XM=F23=SIMBAD; CXO(2): XM=F23=SIMBAD; XMM: none,8.27317228919524e-08
IGR J16207-5129,     1.80,     0.22, 16 20 46.25,-51 30 04.34,3.59,3.59,0.0,2CXO J162046.2-513004X,     IGR J16207-5129, 5472,         ,         ,         ,         ,         ,         ,         ,         ,         ,         ,         ,         ,         ,         ,         ,         ,         ,         ,         ,         ,         ,         ,         ,         ,         ,         ,         ,         ,         ,         ,         ,         ,         ,         ,         ,         ,         ,         ,         ,         ,         ,         ,         ,         ,         ,         ,         ,         ,         ,         ,         ,         ,         ,         ,         ,         ,         ,         ,         ,         ,         ,         ,         ,         ,         ,         ,         ,         ,         ,         ,         ,         ,         ,         ,         ,         ,         ,         ,         ,         ,         ,  ,         ,         ,         ,         ,         ,         ,         ,  ,         ,         ,         ,         ,         ,         ,         ,  ,         ,         ,         ,         ,         ,         ,         ,  ,         ,         ,         ,         ,         ,         ,         ,  ,         ,         ,         ,         ,         ,         ,         ,  ,         ,         ,         ,         ,         ,         ,         ,245.19270833333331,-51.50120555555556,1.8025701867836272,1.5101576702924464,1.5101576705753217,5934776158877214848,Gaia: XM=F23=SIMBAD; CXO(2): XM=F23=SIMBAD; XMM: none,8.27317228919524e-08
IGR J17354-3255,     0.01,     0.93, 17 35 27.60,-32 55 54.57,0.31,0.3,82.5,2CXO J173527.5-325554,     IGR J17354-3255, 9050,   0.9606,   0.9463,   0.9725,   0.9894,   0.9800,   0.9975,   0.5597,   0.2530,   0.8189,1.989e-12,1.566e-12,2.196e-12,    0.450,    0.098,    0.822,         ,    476.6,    375.0,    598.3,         ,0.0001622,8.934e-05,0.0003051,         ,    0.692,1.919e-12,1.346e-12,2.179e-12,    2.463,    2.035,    3.122,         ,    341.6,    273.5,    424.1,         ,2.031e-05,1.191e-05,3.339e-05,         ,    0.725,2.038e-12,1.856e-12,2.162e-12,    100.0,    46.39,         ,         ,    723.4,    652.0,    808.7,         , 0.001532, 0.001316, 0.001665,         ,    0.906,         ,         ,         ,         ,         ,         ,         ,         ,         ,         ,         ,         ,         ,         ,         ,         ,         ,         ,         ,         ,         ,         ,         ,         , 7,    0.999,    1.000,    1.000,  0.03090,   0.1130,  0.06531,   0.1639, 7,    0.996,    1.000,    1.000,  0.03075,   0.1121,  0.06218,   0.1583, 1,    0.654,    0.927,    0.683,0.0009016, 0.002693, 0.001631, 0.004061,  ,         ,         ,         ,         ,         ,         ,         ,  ,         ,         ,         ,         ,         ,         ,         ,  ,         ,         ,         ,         ,         ,         ,         ,263.86499999999995,-32.931824999999996,0.011597920230539254,0.008825710420097279,0.008825751956514036,4054559284753424000,Gaia: XM=F23=SIMBAD; CXO: XM=F23=SIMBAD; XMM: XM=F23=SIMBAD,2.339408838577002e-09
IGR J17544-2619,     0.89,     0.04, 17 54 25.21,-26 19 52.89,1.04,1.04,0.0,2CXO J175425.2-261952,1RXS J175428.3-262035, 4550,   0.7395,   0.7327,   0.7477,   0.9569,   0.9538,   0.9613,   0.7445,   0.7239,   0.7651,6.921e-12,6.813e-12,7.035e-12,    0.488,    0.437,    0.539,         ,    112.3,    106.2,    118.6,         ,0.0004215,0.0003912,0.0004547,         ,    0.856,6.710e-12,6.590e-12,6.815e-12,    1.904,    1.850,    1.961,         ,    57.61,    54.19,    61.17,         ,9.911e-05,9.211e-05,0.0001066,         ,    1.024,6.118e-12,6.032e-12,6.206e-12,    100.0,    97.17,         ,         ,    203.8,    198.8,    209.1,         , 0.003053, 0.002999, 0.003109,         ,    1.419,         ,         ,         ,         ,         ,         ,         ,         ,         ,         ,         ,         ,         ,         ,         ,         ,         ,         ,         ,         ,         ,         ,         ,         ,10,    1.000,    1.000,    1.000,   0.6659,   0.3944, 0.003301,    2.966,10,    1.000,    1.000,    1.000,   0.5616,   0.3151, 0.001653,    2.488,10,    1.000,    1.000,    1.000,  0.09650,  0.07085, 0.001634,   0.4341,10,    1.000,    1.000,    1.000, 0.007362, 0.008268, 0.001068,  0.01920, 7,    0.999,    0.995,    0.997,0.0008223, 0.001139,0.0008217, 0.007540,  ,         ,         ,         ,         ,         ,         ,         ,268.60504166666664,-26.331358333333334,0.8827307018542172,4.315355772781574,4.3153557824347075,4063908810076415872,Gaia: XM=F23=SIMBAD; CXO(2): XM=F23=SIMBAD; XMM: XM=F23=SIMBAD,5.206668447680362e-07
IGR J17544-2619,     0.98,     0.14, 17 54 25.30,-26 19 51.67,1.63,1.63,0.0,2CXO J175425.3-261951X,1RXS J175428.3-262035, 4550,         ,         ,         ,         ,         ,         ,         ,         ,         ,         ,         ,         ,         ,         ,         ,         ,         ,         ,         ,         ,         ,         ,         ,         ,         ,         ,         ,         ,         ,         ,         ,         ,         ,         ,         ,         ,         ,         ,         ,         ,         ,         ,         ,         ,         ,         ,         ,         ,         ,         ,         ,         ,         ,         ,         ,         ,         ,         ,         ,         ,         ,         ,         ,         ,         ,         ,         ,         ,         ,         ,         ,         ,         ,         ,         ,         ,         ,         ,         ,         ,         ,  ,         ,         ,         ,         ,         ,         ,         ,  ,         ,         ,         ,         ,         ,         ,         ,  ,         ,         ,         ,         ,         ,         ,         ,  ,         ,         ,         ,         ,         ,         ,         ,  ,         ,         ,         ,         ,         ,         ,         ,  ,         ,         ,         ,         ,         ,         ,         ,268.60541666666666,-26.331019444444443,0.993416277476711,2.2249187542609414,2.224918755579763,4063908810076415872,Gaia: XM=F23=SIMBAD; CXO(2): XM=F23=SIMBAD; XMM: XM=F23=SIMBAD,5.206668447680362e-07
IGR J18214-1318,     0.05,     0.67, 18 21 19.77,-13 18 39.23,0.3,0.3,131.5,2CXO J182119.7-131838,     IGR J18214-1318, 7561,   0.9806,   0.9738,   0.9863,   0.9919,   0.9875,   0.9963,   0.3960,   0.1143,   0.6577,3.660e-12,2.913e-12,3.961e-12,    0.198,   -0.103,    0.519,         ,    545.4,    453.1,    653.8,         ,0.0002017,0.0001210,0.0003488,         ,    1.270,3.507e-12,2.484e-12,3.899e-12,    2.976,    2.425,    3.863,         ,    420.9,    359.2,    493.0,         ,2.489e-05,1.483e-05,3.969e-05,         ,    1.319,3.590e-12,3.333e-12,3.767e-12,    100.0,    59.47,         ,         ,    903.5,    839.2,    975.3,         , 0.002981, 0.002677, 0.003185,         ,    1.512,         ,         ,         ,         ,         ,         ,         ,         ,         ,         ,         ,         ,         ,         ,         ,         ,         ,         ,         ,         ,         ,         ,         ,         , 0,    0.252,    0.923,    0.988, 0.002857,   0.1545,   0.1516,   0.1573, 0,    0.149,    0.879,    0.990, 0.002855,   0.1517,   0.1480,   0.1573, 0,    0.481,    0.810,    0.408,0.0002920, 0.002105, 0.001898, 0.003497,  ,         ,         ,         ,         ,         ,         ,         ,  ,         ,         ,         ,         ,         ,         ,         ,  ,         ,         ,         ,         ,         ,         ,         ,275.332375,-13.310897222222223,0.1160679712962288,0.8966188768170799,0.8966207162875147,4152643113595580416,Gaia: XM=F23=SIMBAD; CXO: XM=F23=SIMBAD; XMM: XM=F23=SIMBAD,4.4918541256361847e-10
IGR J18256-1035,     0.04,     0.80, 18 25 43.83,-10 35 02.01,0.34,0.31,149.2,2CXO J182543.8-103501,     IGR J18256-1035, 7522,   0.8919,   0.8638,   0.9163,   0.9906,   0.9800,   0.9975,   0.8420,   0.6927,   0.9538,1.103e-12,8.406e-13,1.242e-12,    0.089,   -0.269,    0.473,         ,    219.9,    148.8,    309.1,         ,4.369e-05,2.438e-05,8.156e-05,         ,    1.668,1.024e-12,6.236e-13,1.204e-12,    2.796,    2.183,    3.910,         ,    151.4,    104.4,    211.0,         ,7.524e-06,3.921e-06,1.332e-05,         ,    1.643,1.081e-12,9.357e-13,1.177e-12,    100.0,    44.39,         ,         ,    500.1,    429.2,    589.0,         ,0.0007010,0.0005872,0.0007885,         ,    2.265,         ,         ,         ,         ,         ,         ,         ,         ,         ,         ,         ,         ,         ,         ,         ,         ,         ,         ,         ,         ,         ,         ,         ,         , 0,    0.339,    0.915,    0.698, 0.002192,  0.05359,  0.05140,  0.05578, 0,    0.421,    0.930,    0.670, 0.002804,  0.04918,  0.04637,  0.05198, 0,    0.406,    0.444,    0.468,0.0006360, 0.004206, 0.003660, 0.006200,  ,         ,         ,         ,         ,         ,         ,         ,  ,         ,         ,         ,         ,         ,         ,         ,  ,         ,         ,         ,         ,         ,         ,         ,276.432625,-10.583891666666668,0.009095999026041766,0.0051549992999417715,0.005155342920641029,4154264171696059520,"Gaia: XM=F23, SIMBAD absent; CXO: XM=SIMBAD, F23 absent; XMM: none",5.144301246509915e-12
IGR J18450-0435,     0.16,     0.19, 18 45 01.59,-04 33 56.58,0.3,0.3,0.0,2CXO J184501.5-043356,      AX 1845.0-0433, 7505,   0.9856,   0.9800,   0.9925,   0.9956,   0.9913,   0.9988,   0.5409,   0.1505,   0.8364,2.492e-12,1.277e-12,3.181e-12,   -0.326,   -1.040,    0.460,         ,     1325,    851.0,     1889,         ,9.374e-05,2.385e-05,0.0004253,         ,    1.108,2.322e-12,4.491e-13,3.107e-12,    4.717,    2.732,    29.40,         ,     1259,    920.7,     1645,         ,1.180e-05,1.008e-06,3.876e-05,         ,    1.091,3.096e-12,2.777e-12,3.270e-12,    100.0,    28.49,         ,         ,     2459,     2280,     2664,         , 0.004734, 0.003964, 0.005204,         ,    1.244,3.155e-12,2.802e-12,3.507e-12,    13.66,    5.155,         ,         ,   0.4244,   0.2041,    6.252,         ,  0.09972,  0.09224,   0.1158,         ,     2623,     2419,     2847,         ,  0.01506,  0.01302,  0.01770,         ,    1.255, 6,    0.988,    0.999,    0.998,  0.01722,   0.1049,  0.08772,   0.1222, 7,    0.992,    1.000,    0.999,  0.01768,   0.1038,  0.08607,   0.1214, 0,    0.442,    0.734,    0.589,8.673e-05,0.0009940,0.0009384, 0.001340,  ,         ,         ,         ,         ,         ,         ,         ,  ,         ,         ,         ,         ,         ,         ,         ,  ,         ,         ,         ,         ,         ,         ,         ,281.256625,-4.565716666666667,0.15398238985594723,1.5780705444588827,1.5780705757653868,4258160560148155648,Gaia: XM=F23=SIMBAD; CXO: XM=F23=SIMBAD; XMM: XM=F23=SIMBAD,5.585897550942176e-07
IGR J18450-0435,     0.16,     0.19, 18 45 01.59,-04 33 56.58,0.3,0.3,0.0,2CXO J184501.5-043356,     IGR J18450-0435,18954,         ,         ,         ,         ,         ,         ,         ,         ,         ,         ,         ,         ,         ,         ,         ,         ,         ,         ,         ,         ,         ,         ,         ,         ,         ,         ,         ,         ,         ,         ,         ,         ,         ,         ,         ,         ,         ,         ,         ,         ,         ,         ,         ,         ,         ,         ,         ,         ,         ,         ,         ,         ,         ,         ,         ,         ,         ,         ,         ,         ,         ,         ,         ,         ,         ,         ,         ,         ,         ,         ,         ,         ,         ,         ,         ,         ,         ,         ,         ,         ,         ,  ,         ,         ,         ,         ,         ,         ,         ,  ,         ,         ,         ,         ,         ,         ,         ,  ,         ,         ,         ,         ,         ,         ,         ,  ,         ,         ,         ,         ,         ,         ,         ,  ,         ,         ,         ,         ,         ,         ,         ,10,    1.000,    1.000,    1.000,   0.1216,   0.1276, 0.008427,   0.7641,281.256625,-4.565716666666667,0.15398238985594723,1.5780705444588827,1.5780705757653868,4258160560148155648,Gaia: XM=F23=SIMBAD; CXO: XM=F23=SIMBAD; XMM: XM=F23=SIMBAD,5.585897550942176e-07
IGR J18483-0311,     0.00,     1.00, 18 48 17.20,-03 10 16.92,0.3,0.3,0.0,2CXO J184817.1-031016,     IGR J18483-0311, 7472,         ,         ,         ,         ,         ,         ,         ,         ,         ,         ,         ,         ,         ,         ,         ,         ,         ,         ,         ,         ,         ,         ,         ,         ,         ,         ,         ,         ,         ,         ,         ,         ,         ,         ,         ,         ,         ,         ,         ,         ,         ,         ,         ,         ,         ,         ,         ,         ,         ,         ,         ,         ,         ,         ,         ,         ,         ,         ,         ,         ,         ,         ,         ,         ,         ,         ,         ,         ,         ,         ,         ,         ,         ,         ,         ,         ,         ,         ,         ,         ,         ,  ,         ,         ,         ,         ,         ,         ,         ,  ,         ,         ,         ,         ,         ,         ,         ,  ,         ,         ,         ,         ,         ,         ,         ,  ,         ,         ,         ,         ,         ,         ,         ,  ,         ,         ,         ,         ,         ,         ,         , 8,    1.000,    0.999,    1.000,   0.2113,   0.4611,   0.1329,   0.9555,282.07166666666666,-3.1713666666666667,0.07002651953878052,0.32636897917414254,0.3263692843661409,4258428501693172736,Gaia: XM=F23=SIMBAD; CXO: XM=F23=SIMBAD; XMM: XM=F23=SIMBAD,1.4746735634804148e-08
IGR J19140+0951,     0.29,     0.02, 19 14 04.25,+09 52 58.35,0.3,0.3,72.5,2CXO J191404.2+095258,        EXO 1912+097, 4590,   0.9856,   0.9813,   0.9888,   0.9956,   0.9938,   0.9975,   0.5109,   0.2904,   0.7014,2.295e-12,1.925e-12,2.447e-12,   -0.136,   -0.411,    0.154,         ,    778.6,    656.8,    913.3,         ,8.017e-05,4.895e-05,0.0001349,         ,    1.130,2.181e-12,1.449e-12,2.423e-12,    4.401,    3.424,    6.248,         ,    643.5,    563.4,    731.3,         ,8.069e-06,4.507e-06,1.312e-05,         ,    1.141,2.260e-12,2.167e-12,2.341e-12,    100.0,    73.04,         ,         ,     1430,     1367,     1497,         , 0.002377, 0.002222, 0.002490,         ,    1.352,         ,         ,         ,         ,         ,         ,         ,         ,         ,         ,         ,         ,         ,         ,         ,         ,         ,         ,         ,         ,         ,         ,         ,         , 9,    1.000,    0.999,    1.000,  0.02621,  0.09254,  0.06085,   0.1391, 9,    1.000,    1.000,    1.000,  0.02592,  0.08985,  0.06034,   0.1382, 0,    0.421,    0.304,    0.188,8.447e-05,0.0009823,0.0009453, 0.001633,  ,         ,         ,         ,         ,         ,         ,         ,  ,         ,         ,         ,         ,         ,         ,         ,  ,         ,         ,         ,         ,         ,         ,         ,288.51770833333336,9.882875,0.36527525807726363,8.88018819669987,8.880230659067132,4309253392325650176,Gaia: XM=F23=SIMBAD; CXO(2): XM=F23=SIMBAD; XMM: XM=F23=SIMBAD,2.270149443552175e-11
IGR J19140+0951,     0.73,     0.17, 19 14 04.27,+09 52 57.97,1.3,1.3,0.0,2CXO J191404.2+095258X,        EXO 1912+097, 4590,         ,         ,         ,         ,         ,         ,         ,         ,         ,         ,         ,         ,         ,         ,         ,         ,         ,         ,         ,         ,         ,         ,         ,         ,         ,         ,         ,         ,         ,         ,         ,         ,         ,         ,         ,         ,         ,         ,         ,         ,         ,         ,         ,         ,         ,         ,         ,         ,         ,         ,         ,         ,         ,         ,         ,         ,         ,         ,         ,         ,         ,         ,         ,         ,         ,         ,         ,         ,         ,         ,         ,         ,         ,         ,         ,         ,         ,         ,         ,         ,         ,  ,         ,         ,         ,         ,         ,         ,         ,  ,         ,         ,         ,         ,         ,         ,         ,  ,         ,         ,         ,         ,         ,         ,         ,  ,         ,         ,         ,         ,         ,         ,         ,  ,         ,         ,         ,         ,         ,         ,         ,  ,         ,         ,         ,         ,         ,         ,         ,288.51779166666665,9.882769444444445,0.7421770346859257,1.9523379132168253,1.9523384633878424,4309253392325650176,Gaia: XM=F23=SIMBAD; CXO(2): XM=F23=SIMBAD; XMM: XM=F23=SIMBAD,2.270149443552175e-11
IGR J19294+1816,     0.30,     0.02, 19 29 55.89,+18 18 37.90,0.31,0.3,173.0,2CXO J192955.8+181837,         G53.41+0.03,21690,   0.8595,   0.8551,   0.8638,   0.8532,   0.8351,   0.8701,  -0.0300,  -0.0931,   0.0381,1.564e-11,1.551e-11,1.576e-11,    0.919,    0.875,    0.963,         ,    333.4,    322.2,    344.9,         , 0.002207, 0.002054, 0.002375,         ,    1.052,1.536e-11,1.524e-11,1.549e-11,    1.792,    1.759,    1.826,         ,    190.2,    183.3,    197.4,         ,0.0003020,0.0002860,0.0003189,         ,    1.070,1.522e-11,1.510e-11,1.534e-11,    100.0,    96.68,         ,         ,    413.1,    406.8,    419.7,         , 0.009190, 0.009093, 0.009283,         ,    1.215,1.192e-11,3.263e-12,5.368e-11,    1.213,    1.157,    1.297,         ,  0.04484,         ,  0.04793,         ,  -0.8390,  -0.9935,    1.719,         ,    476.7,    470.2,    492.4,         , 0.001452, 0.001407,   0.1014,         ,    1.468,10,    1.000,    1.000,    1.000,   0.2402,   0.5572,  0.06365,    1.522,10,    1.000,    1.000,    1.000,   0.2221,   0.5258,  0.08899,    1.298, 9,    1.000,    1.000,    1.000, 0.007691,  0.02935,  0.02166,  0.03704, 1,    0.531,    0.867,    0.720,0.0002486, 0.002072, 0.001823, 0.002320, 6,    0.976,    1.000,    0.997,0.0003582,0.0006112,0.0002530,0.0009694,  ,         ,         ,         ,         ,         ,         ,         ,292.482875,18.31052777777778,0.33130093876574546,7.2230926599128855,7.223419790525784,4323316622779495680,"Gaia: XM=F23=SIMBAD; CXO: XM only, F23+SIMBAD absent; XMM: XM only, F23+SIMBAD absent",9.107998317992112e-10
IGR J19498+2534,     0.00,     1.00, 19 49 55.43,+25 33 59.74,0.3,0.3,109.3,2CXO J194955.4+253359,     IGR J19498+2534,20197,   0.8932,   0.8638,   0.9200,   0.9756,   0.9513,   0.9950,   0.6046,   0.3192,   0.8426,9.021e-13,6.439e-13,1.035e-12,    1.382,    0.964,    1.861,         ,    479.9,    363.5,    637.5,         ,0.0003263,0.0001622,0.0007354,         ,    0.973,9.098e-13,6.524e-13,1.032e-12,    1.475,    1.285,    1.713,         ,    297.2,    222.0,    396.7,         ,3.955e-05,2.398e-05,6.678e-05,         ,    0.740,1.002e-12,8.931e-13,1.082e-12,    27.16,    7.842,         ,         ,    487.9,    401.0,    623.8,         ,0.0005404,0.0004888,0.0006961,         ,    0.955,9.900e-13,5.562e-13,1.486e-12,    7.905,    3.190,         ,         ,   0.8898,         ,         ,         ,  -0.2250,  -0.9937,    8.304,         ,    562.4,    354.1,    747.3,         , 0.001105,1.231e-06,  0.02129,         ,    1.168, 6,    0.988,    1.000,    1.000,  0.01165,  0.04940,  0.03461,  0.06185, 6,    0.967,    1.000,    0.999,  0.01094,  0.04584,  0.03194,  0.05914, 2,    0.709,    0.865,    0.996, 0.001243, 0.003166, 0.001947, 0.005900,  ,         ,         ,         ,         ,         ,         ,         ,  ,         ,         ,         ,         ,         ,         ,         ,  ,         ,         ,         ,         ,         ,         ,         ,297.4809583333333,25.566594444444444,0.02914456115774218,0.05653265064653726,0.05653265115337001,2026914849346539008,"Gaia: XM=F23=SIMBAD; CXO: XM only, F23+SIMBAD absent; XMM: none",3.386007291100751e-07
IGR J19498+2534,     0.00,     1.00, 19 49 55.43,+25 33 59.74,0.3,0.3,109.3,2CXO J194955.4+253359,     AX J194951+2534, 8139,         ,         ,         ,         ,         ,         ,         ,         ,         ,         ,         ,         ,         ,         ,         ,         ,         ,         ,         ,         ,         ,         ,         ,         ,         ,         ,         ,         ,         ,         ,         ,         ,         ,         ,         ,         ,         ,         ,         ,         ,         ,         ,         ,         ,         ,         ,         ,         ,         ,         ,         ,         ,         ,         ,         ,         ,         ,         ,         ,         ,         ,         ,         ,         ,         ,         ,         ,         ,         ,         ,         ,         ,         ,         ,         ,         ,         ,         ,         ,         ,         ,  ,         ,         ,         ,         ,         ,         ,         ,  ,         ,         ,         ,         ,         ,         ,         ,  ,         ,         ,         ,         ,         ,         ,         ,  ,         ,         ,         ,         ,         ,         ,         ,  ,         ,         ,         ,         ,         ,         ,         ,  ,         ,         ,         ,         ,         ,         ,         ,297.4809583333333,25.566594444444444,0.02914456115774218,0.05653265064653726,0.05653265115337001,2026914849346539008,"Gaia: XM=F23=SIMBAD; CXO: XM only, F23+SIMBAD absent; XMM: none",3.386007291100751e-07
KS 1947+300,     0.18,     0.13, 19 49 35.48,+30 12 31.53,0.3,0.3,178.4,2CXO J194935.4+301231,         KS 1947+300,14647,   0.7171,   0.6864,   0.7477,   0.8957,   0.8701,   0.9176,   0.4947,   0.3916,   0.5878,1.651e-12,1.527e-12,1.763e-12,    0.641,    0.457,    0.853,         ,    81.40,    59.82,    110.8,         ,0.0001254,9.500e-05,0.0001728,         ,    1.367,1.578e-12,1.431e-12,1.679e-12,    1.595,    1.463,    1.748,         ,    30.88,    19.53,    45.05,         ,3.860e-05,3.004e-05,4.967e-05,         ,    1.155,1.609e-12,1.487e-12,1.703e-12,    100.0,    50.86,         ,         ,    167.7,    149.4,    187.6,         ,0.0007689,0.0006353,0.0008246,         ,    1.594,         ,         ,         ,         ,         ,         ,         ,         ,         ,         ,         ,         ,         ,         ,         ,         ,         ,         ,         ,         ,         ,         ,         ,         , 8,    1.000,    0.975,    1.000,  0.03685,   0.1000,  0.03525,   0.1704, 8,    1.000,    0.960,    1.000,  0.02957,  0.07592,  0.02930,   0.1206, 5,    0.890,    0.972,    0.944, 0.009996,  0.01791, 0.005167,  0.04526, 0,    0.205,    0.366,    0.708,0.0002744, 0.004142, 0.003900, 0.005182,  ,         ,         ,         ,         ,         ,         ,         ,  ,         ,         ,         ,         ,         ,         ,         ,297.3978333333333,30.208758333333332,0.18136404747376225,2.1892063924051373,2.189206409979668,2031939548802102656,"Gaia: XM=F23=SIMBAD; CXO: XM=F23=SIMBAD; XMM: XM only, F23+SIMBAD absent",2.881564693977083e-07
LS 5039,     0.04,     0.74, 18 26 15.06,-14 50 54.38,0.3,0.29,15.1,2CXO J182615.0-145055,     SNR G16.85-1.05, 4600,   0.3848,   0.3716,   0.3979,   0.7358,   0.7252,   0.7477,   0.4909,   0.4703,   0.5103,7.951e-12,7.797e-12,8.105e-12,    1.474,    1.424,    1.526,         ,    73.15,    69.53,    76.94,         , 0.001787, 0.001676, 0.001907,         ,    0.860,7.127e-12,6.977e-12,7.258e-12,   0.9882,   0.9694,    1.007,         ,    22.35,    20.50,    24.30,         ,0.0008413,0.0007885,0.0008975,         ,    1.294,7.880e-12,7.720e-12,8.019e-12,    18.40,    15.07,    23.27,         ,    68.35,    65.51,    71.28,         , 0.002534, 0.002488, 0.002585,         ,    0.848,         ,         ,         ,         ,         ,         ,         ,         ,         ,         ,         ,         ,         ,         ,         ,         ,         ,         ,         ,         ,         ,         ,         ,         , 0,    0.019,    0.954,    0.896,0.0001671,   0.5257,   0.5255,   0.5259, 0,    0.080,    0.989,    0.977, 0.001138,   0.2796,   0.2781,   0.2810, 0,    0.030,    0.547,    0.274,6.384e-05,   0.1949,   0.1948,   0.1949, 0,    0.060,    0.114,    0.115,7.994e-05,  0.05126,  0.05118,  0.05134, 2,    0.668,    0.549,    0.731,0.0009759, 0.004024, 0.003437, 0.009540,  ,         ,         ,         ,         ,         ,         ,         ,276.56275,-14.84843888888889,0.06309645109972671,0.2659098795870524,0.2659098818943188,4104196427943626624,Gaia: XM=F23=SIMBAD; CXO: XM=F23=SIMBAD; XMM: XM=F23=SIMBAD,2.0518950280255003e-06
LS 5039,     0.04,     0.74, 18 26 15.06,-14 50 54.38,0.3,0.29,15.1,2CXO J182615.0-145055,     SNR G16.85-1.05, 5341,   0.3798,   0.3666,   0.3929,   0.7033,   0.6914,   0.7152,   0.4422,   0.4229,   0.4628,4.785e-12,4.700e-12,4.874e-12,    1.497,    1.449,    1.547,         ,    67.39,    64.10,    70.79,         , 0.001091, 0.001027, 0.001160,         ,    0.952,4.278e-12,4.192e-12,4.364e-12,   0.9662,   0.9481,   0.9846,         ,    18.92,    17.18,    20.72,         ,0.0005453,0.0005116,0.0005812,         ,    1.386,4.638e-12,4.588e-12,4.690e-12,    13.58,    12.58,    21.38,         ,    64.12,    59.29,    66.07,         , 0.001479, 0.001454, 0.001540,         ,    0.936,         ,         ,         ,         ,         ,         ,         ,         ,         ,         ,         ,         ,         ,         ,         ,         ,         ,         ,         ,         ,         ,         ,         ,         , 6,    0.926,    1.000,    1.000,  0.01435,   0.3292,   0.3148,   0.3435, 2,    0.761,    0.999,    0.997, 0.007361,   0.1719,   0.1645,   0.1793, 0,    0.229,    0.987,    0.924, 0.001295,   0.1211,   0.1198,   0.1224, 0,    0.047,    0.080,    0.184,7.718e-06,  0.03613,  0.03612,  0.03614,  ,         ,         ,         ,         ,         ,         ,         ,  ,         ,         ,         ,         ,         ,         ,         ,276.56275,-14.84843888888889,0.06309645109972671,0.2659098795870524,0.2659098818943188,4104196427943626624,Gaia: XM=F23=SIMBAD; CXO: XM=F23=SIMBAD; XMM: XM=F23=SIMBAD,2.0518950280255003e-06
LS 5039,     0.04,     0.74, 18 26 15.06,-14 50 54.38,0.3,0.29,15.1,2CXO J182615.0-145055,             LS 5039,10696,   0.3873,   0.3729,   0.4004,   0.6146,   0.5978,   0.6315,   0.2986,   0.2717,   0.3254,1.827e-12,1.794e-12,1.860e-12,    1.439,    1.389,    1.491,         ,    56.43,    52.74,    60.28,         ,0.0003755,0.0003517,0.0004013,         ,    1.036,1.699e-12,1.666e-12,1.731e-12,    1.037,    1.017,    1.058,         ,    4.443,    2.438,    6.542,         ,0.0001584,0.0001480,0.0001695,         ,    1.614,1.817e-12,1.780e-12,1.851e-12,    23.35,    18.49,    30.80,         ,    51.65,    48.73,    54.70,         ,0.0005626,0.0005500,0.0005795,         ,    1.037,         ,         ,         ,         ,         ,         ,         ,         ,         ,         ,         ,         ,         ,         ,         ,         ,         ,         ,         ,         ,         ,         ,         ,         , 0,    0.044,    0.942,    0.976,0.0001193,   0.1397,   0.1396,   0.1398, 2,    0.745,    1.000,    1.000, 0.003785,  0.08023,  0.07519,  0.08377, 0,    0.107,    0.842,    0.449,0.0002005,  0.04674,  0.04654,  0.04694, 0,    0.046,    0.783,    0.298,2.285e-05,  0.01271,  0.01268,  0.01273, 0,    0.457,    0.274,    0.300,1.389e-05,0.0002462,0.0002365,0.0003566,  ,         ,         ,         ,         ,         ,         ,         ,276.56275,-14.84843888888889,0.06309645109972671,0.2659098795870524,0.2659098818943188,4104196427943626624,Gaia: XM=F23=SIMBAD; CXO: XM=F23=SIMBAD; XMM: XM=F23=SIMBAD,2.0518950280255003e-06
LS 5039,     0.04,     0.74, 18 26 15.06,-14 50 54.38,0.3,0.29,15.1,2CXO J182615.0-145055,      HESS J1826-148, 6259,   0.4984,   0.4728,   0.5228,   0.7895,   0.7689,   0.8101,   0.4797,   0.4341,   0.5240,3.529e-12,3.404e-12,3.656e-12,    0.931,    0.840,    1.025,         ,    56.83,    50.39,    63.99,         ,0.0003770,0.0003343,0.0004266,         ,    0.979,3.268e-12,3.136e-12,3.396e-12,    1.307,    1.249,    1.369,         ,    15.99,    12.34,    19.99,         ,0.0001420,0.0001241,0.0001624,         ,    1.394,3.317e-12,3.191e-12,3.436e-12,    100.0,    82.39,         ,         ,    76.58,    71.64,    81.95,         , 0.001365, 0.001294, 0.001418,         ,    1.129,         ,         ,         ,         ,         ,         ,         ,         ,         ,         ,         ,         ,         ,         ,         ,         ,         ,         ,         ,         ,         ,         ,         ,         , 0,    0.040,    0.401,    0.447,0.0001945,   0.2894,   0.2892,   0.2896, 0,    0.026,    0.153,    0.208,5.490e-05,   0.1793,   0.1792,   0.1793, 0,    0.092,    0.398,    0.567,0.0003937,  0.08714,  0.08674,  0.08753, 0,    0.135,    0.638,    0.961,0.0007107,  0.02296,  0.02195,  0.02377,  ,         ,         ,         ,         ,         ,         ,         ,  ,         ,         ,         ,         ,         ,         ,         ,276.56275,-14.84843888888889,0.06309645109972671,0.2659098795870524,0.2659098818943188,4104196427943626624,Gaia: XM=F23=SIMBAD; CXO: XM=F23=SIMBAD; XMM: XM=F23=SIMBAD,2.0518950280255003e-06
LS I+61 303,     0.00,     1.00, 02 40 31.66,+61 13 45.59,0.3,0.3,10.9,2CXO J024031.6+611345,        LS I +61 303, 8273,   0.3186,   0.3117,   0.3254,   0.5397,   0.5303,   0.5490,   0.2661,   0.2542,   0.2792,1.586e-11,1.572e-11,1.600e-11,    1.624,    1.599,    1.649,         ,    59.26,    57.45,    61.11,         , 0.004111, 0.003981, 0.004246,         ,    1.087,1.472e-11,1.458e-11,1.485e-11,   0.9642,   0.9551,   0.9734,         ,    4.066,    3.086,    5.070,         , 0.001789, 0.001731, 0.001850,         ,    2.683,1.577e-11,1.563e-11,1.591e-11,    11.47,    10.69,    12.34,         ,    51.00,    49.63,    52.40,         , 0.004859, 0.004805, 0.004916,         ,    1.107,         ,         ,         ,         ,         ,         ,         ,         ,         ,         ,         ,         ,         ,         ,         ,         ,         ,         ,         ,         ,         ,         ,         ,         , 9,    1.000,    1.000,    1.000,  0.07514,    1.093,   0.9881,    1.160, 8,    1.000,    1.000,    1.000,  0.03275,   0.5895,   0.5435,   0.6167, 8,    1.000,    1.000,    1.000,  0.03148,   0.3970,   0.3538,   0.4280, 6,    0.986,    1.000,    0.999, 0.009219,   0.1066,  0.09738,   0.1158, 0,    0.463,    0.801,    0.820,0.0007134, 0.002836, 0.001951, 0.003968,  ,         ,         ,         ,         ,         ,         ,         ,40.131916666666655,61.229330555555556,0.025294786243796632,0.04258398878786091,0.042583988907003316,465645515129855872,Gaia: XM=F23=SIMBAD; CXO: XM=F23=SIMBAD; XMM: XM=F23=SIMBAD,2.0381435706386848e-06
LS I+61 303,     0.00,     1.00, 02 40 31.66,+61 13 45.59,0.3,0.3,10.9,2CXO J024031.6+611345,           LSI+61303, 6585,   0.5084,   0.4966,   0.5191,   0.7470,   0.7352,   0.7601,   0.3860,   0.3604,   0.4116,1.913e-12,1.881e-12,1.945e-12,    1.039,    0.992,    1.086,         ,    55.72,    51.99,    59.60,         ,0.0002347,0.0002203,0.0002503,         ,    1.207,1.795e-12,1.763e-12,1.823e-12,    1.273,    1.247,    1.300,         ,    7.181,    5.173,    9.283,         ,8.261e-05,7.739e-05,8.816e-05,         ,    1.792,1.848e-12,1.820e-12,1.880e-12,    100.0,    93.53,         ,         ,    69.61,    67.30,    72.00,         ,0.0007506,0.0007353,0.0007635,         ,    1.293,         ,         ,         ,         ,         ,         ,         ,         ,         ,         ,         ,         ,         ,         ,         ,         ,         ,         ,         ,         ,         ,         ,         ,         , 8,    1.000,    1.000,    1.000,  0.01529,   0.1258,   0.1016,   0.1555, 8,    1.000,    1.000,    1.000,  0.01142,  0.08133,  0.06556,   0.1089, 5,    0.717,    1.000,    0.999, 0.002335,  0.03573,  0.03247,  0.03781, 0,    0.080,    0.891,    0.942,3.892e-05, 0.008541, 0.008497, 0.008595, 0,    0.460,    0.502,    0.487,1.007e-05,0.0002011,0.0001981,0.0002872,  ,         ,         ,         ,         ,         ,         ,         ,40.131916666666655,61.229330555555556,0.025294786243796632,0.04258398878786091,0.042583988907003316,465645515129855872,Gaia: XM=F23=SIMBAD; CXO: XM=F23=SIMBAD; XMM: XM=F23=SIMBAD,2.0381435706386848e-06
MWC 656,     0.13,     0.36, 22 42 57.29,+44 43 18.27,0.35,0.33,128.3,2CXO J224257.2+444318,             MWC 656,16753,  -0.3373,  -0.6964,   0.0144,  -0.5771,  -0.8651,  -0.2092,  -0.2386,  -0.5066,   0.0868,         ,         ,         ,         ,         ,         ,         ,         ,         ,         ,         ,         ,         ,         ,         ,         ,         ,         ,         ,         ,         ,         ,         ,         ,         ,         ,         ,         ,         ,         ,         ,         ,         ,         ,         ,         ,         ,         ,         ,         ,         ,         ,         ,         ,         ,         ,         ,         ,         ,         ,         ,         ,         ,         ,         ,         ,         ,         ,         ,         ,         ,         ,         ,         ,         ,         ,         ,         ,         ,         ,         ,         , 0,    0.405,    0.214,    0.025,1.843e-05,0.0003341,0.0003277,0.0004620, 1,    0.500,    0.787,    0.782,2.480e-06,6.681e-05,6.617e-05,0.0001002, 0,    0.470,    0.112,    0.009,6.832e-06,0.0001503,0.0001486,0.0002175, 0,    0.496,    0.635,    0.229,5.617e-06,0.0001169,0.0001152,0.0001751,  ,         ,         ,         ,         ,         ,         ,         ,  ,         ,         ,         ,         ,         ,         ,         ,340.7387083333333,44.72174166666667,0.10455296714982493,0.5394131237653624,0.539413128220726,1982359580155628160,"Gaia: XM=F23=SIMBAD; CXO: XM only, F23+SIMBAD absent; XMM: XM only, F23+SIMBAD absent",4.570583680333474e-07
PSR B1259-63,     0.08,     0.52, 13 02 47.65,-63 50 08.68,0.29,0.29,0.0,2CXO J130247.6-635008,        PSR B1259-63,22694,   0.1761,   0.1618,   0.1905,   0.0550,   0.0281,   0.0831,  -0.1237,  -0.1505,  -0.0943,1.931e-12,1.898e-12,1.963e-12,    1.865,    1.816,    1.915,         ,    41.73,    37.71,    45.88,         ,0.0006081,0.0005707,0.0006486,         ,    1.158,1.739e-12,1.715e-12,1.766e-12,   0.8245,   0.8134,   0.8358,         ,9.381e-07,         ,   0.1817,         ,0.0003773,0.0003596,0.0003958,         ,    2.256,1.932e-12,1.898e-12,1.961e-12,    6.767,    6.218,    7.423,         ,    27.75,    24.74,    30.79,         ,0.0005945,0.0005752,0.0006148,         ,    1.178,1.933e-12,1.904e-12,1.963e-12,    3.845,    3.517,    6.668,         ,8.225e-06,         , 0.009923,         ,  -0.4227,  -0.7405,    9.076,         ,    27.81,    24.74,    30.80,         ,0.0008089,0.0007161,  0.05976,         ,    1.189, 7,    0.999,    1.000,    1.000,  0.01093,   0.1248,   0.1076,   0.1410, 5,    0.898,    0.999,    1.000, 0.003751,  0.06988,  0.06613,  0.07363, 0,    0.045,    0.953,    0.999,0.0001191,  0.04554,  0.04533,  0.04571, 0,    0.060,    0.616,    0.553,1.125e-05, 0.009418, 0.009407, 0.009429, 0,    0.478,    0.101,    0.134,6.691e-06,0.0001455,0.0001437,0.0002113,  ,         ,         ,         ,         ,         ,         ,         ,195.69854166666664,-63.835744444444444,0.09685327679542816,0.6681276754662465,0.6681276779371556,5862299960127967488,Gaia: XM=F23=SIMBAD; CXO: XM=F23=SIMBAD; XMM: XM=F23=SIMBAD,1.454189880397265e-06
PSR B1259-63,     0.08,     0.52, 13 02 47.65,-63 50 08.68,0.29,0.29,0.0,2CXO J130247.6-635008,        PSR B1259-63,10089,   0.1699,   0.1443,   0.1955,   0.1599,   0.1280,   0.1905,  -0.0112,  -0.0431,   0.0219,8.702e-13,8.448e-13,8.951e-13,    1.688,    1.616,    1.762,         ,    25.20,    21.78,    28.80,         ,0.0002075,0.0001914,0.0002252,         ,    1.069,7.248e-13,7.044e-13,7.476e-13,   0.7579,   0.7386,   0.7776,         ,4.249e-07,         ,   0.2346,         ,0.0002200,0.0002021,0.0002394,         ,    2.494,8.663e-13,8.386e-13,8.894e-13,    9.275,    7.747,    11.32,         ,    17.70,    15.17,    20.41,         ,0.0002357,0.0002277,0.0002447,         ,    1.120,8.787e-13,8.146e-13,9.084e-13,    8.911,    7.510,    10.61,         ,   0.5469,   0.3356,   0.7575,         ,   0.1228,   0.1039,   0.1377,         ,    18.60,    16.03,    21.74,         ,0.0008158,0.0007688,0.0008687,         ,    1.070, 0,    0.042,    0.682,    0.851,6.613e-05,  0.07564,  0.07557,  0.07570, 0,    0.042,    0.211,    0.529,1.337e-05,  0.03158,  0.03156,  0.03159, 0,    0.044,    0.626,    0.797,1.389e-05,  0.02910,  0.02909,  0.02912, 0,    0.399,    0.862,    0.881,0.0006324,  0.01496,  0.01433,  0.01559, 1,    0.521,    0.390,    0.849,3.849e-05,0.0001771,0.0001438,0.0002710,  ,         ,         ,         ,         ,         ,         ,         ,195.69854166666664,-63.835744444444444,0.09685327679542816,0.6681276754662465,0.6681276779371556,5862299960127967488,Gaia: XM=F23=SIMBAD; CXO: XM=F23=SIMBAD; XMM: XM=F23=SIMBAD,1.454189880397265e-06
PSR B1259-63,     0.08,     0.52, 13 02 47.65,-63 50 08.68,0.29,0.29,0.0,2CXO J130247.6-635008,        PSR B1259-63,14205,   0.2748,   0.2617,   0.2867,   0.3186,   0.3017,   0.3342,   0.0475,   0.0294,   0.0681,1.587e-12,1.563e-12,1.611e-12,    1.499,    1.461,    1.538,         ,    28.34,    26.12,    30.63,         ,0.0003137,0.0002995,0.0003288,         ,    0.953,1.394e-12,1.373e-12,1.415e-12,   0.8687,   0.8575,   0.8801,         ,2.088e-07,         ,  0.08438,         ,0.0002473,0.0002371,0.0002578,         ,    2.385,1.583e-12,1.559e-12,1.605e-12,    17.33,    14.95,    20.45,         ,    23.26,    21.55,    25.04,         ,0.0004338,0.0004271,0.0004406,         ,    0.963,         ,         ,         ,         ,         ,         ,         ,         ,         ,         ,         ,         ,         ,         ,         ,         ,         ,         ,         ,         ,         ,         ,         ,         , 0,    0.353,    0.997,    0.990, 0.001439,   0.1217,   0.1200,   0.1231, 0,    0.117,    0.965,    0.928,0.0002201,  0.05946,  0.05924,  0.05969, 0,    0.211,    0.952,    0.793,0.0003883,  0.04352,  0.04313,  0.04391, 0,    0.040,    0.660,    0.491,1.099e-05,  0.01859,  0.01857,  0.01860, 1,    0.662,    0.986,    0.972,8.009e-05,0.0002815,0.0001850,0.0003551,  ,         ,         ,         ,         ,         ,         ,         ,195.69854166666664,-63.835744444444444,0.09685327679542816,0.6681276754662465,0.6681276779371556,5862299960127967488,Gaia: XM=F23=SIMBAD; CXO: XM=F23=SIMBAD; XMM: XM=F23=SIMBAD,1.454189880397265e-06
PSR B1259-63,     0.08,     0.52, 13 02 47.65,-63 50 08.68,0.29,0.29,0.0,2CXO J130247.6-635008,        PSR B1259-63,14206,   0.1437,   0.1268,   0.1605,   0.1874,   0.1643,   0.2092,   0.0437,   0.0206,   0.0681,9.137e-13,8.964e-13,9.315e-13,    1.801,    1.751,    1.853,         ,    33.28,    30.63,    36.05,         ,0.0002568,0.0002423,0.0002723,         ,    1.013,7.775e-13,7.610e-13,7.922e-13,   0.7604,   0.7477,   0.7734,         ,4.621e-07,         ,   0.1458,         ,0.0002313,0.0002186,0.0002448,         ,    2.707,9.103e-13,8.903e-13,9.269e-13,    7.423,    6.688,    8.266,         ,    23.27,    21.35,    25.28,         ,0.0002667,0.0002594,0.0002749,         ,    1.111,         ,         ,         ,         ,         ,         ,         ,         ,         ,         ,         ,         ,         ,         ,         ,         ,         ,         ,         ,         ,         ,         ,         ,         , 0,    0.019,    0.043,    0.077,6.375e-06,  0.07503,  0.07502,  0.07503, 0,    0.027,    0.278,    0.192,4.418e-07,  0.03245,  0.03245,  0.03245, 0,    0.034,    0.291,    0.339,1.540e-05,  0.03047,  0.03045,  0.03048, 0,    0.045,    0.082,    0.106,4.308e-06,  0.01211,  0.01211,  0.01211, 0,    0.498,    0.030,    0.066,4.245e-06,9.662e-05,9.550e-05,0.0001452,  ,         ,         ,         ,         ,         ,         ,         ,195.69854166666664,-63.835744444444444,0.09685327679542816,0.6681276754662465,0.6681276779371556,5862299960127967488,Gaia: XM=F23=SIMBAD; CXO: XM=F23=SIMBAD; XMM: XM=F23=SIMBAD,1.454189880397265e-06
PSR B1259-63,     0.08,     0.52, 13 02 47.65,-63 50 08.68,0.29,0.29,0.0,2CXO J130247.6-635008,        PSR B1259-63,16563,   0.2811,   0.2630,   0.2992,   0.3960,   0.3716,   0.4204,   0.1299,   0.1006,   0.1593,1.445e-12,1.413e-12,1.477e-12,    1.446,    1.388,    1.506,         ,    34.10,    30.28,    38.11,         ,0.0002761,0.0002565,0.0002975,         ,    1.158,1.282e-12,1.253e-12,1.310e-12,   0.9266,   0.9088,   0.9451,         ,1.285e-06,         ,   0.2489,         ,0.0001789,0.0001680,0.0001902,         ,    2.117,1.440e-12,1.405e-12,1.472e-12,    23.03,    17.67,    31.97,         ,    29.18,    26.21,    32.27,         ,0.0004103,0.0003991,0.0004261,         ,    1.168,         ,         ,         ,         ,         ,         ,         ,         ,         ,         ,         ,         ,         ,         ,         ,         ,         ,         ,         ,         ,         ,         ,         ,         , 0,    0.021,    0.239,    0.221,2.008e-06,   0.1093,   0.1093,   0.1093, 0,    0.029,    0.487,    0.653,7.264e-06,  0.05708,  0.05707,  0.05709, 0,    0.034,    0.084,    0.062,2.156e-06,  0.03968,  0.03967,  0.03968, 0,    0.040,    0.050,    0.182,8.806e-06,  0.01251,  0.01250,  0.01252,  ,         ,         ,         ,         ,         ,         ,         ,  ,         ,         ,         ,         ,         ,         ,         ,195.69854166666664,-63.835744444444444,0.09685327679542816,0.6681276754662465,0.6681276779371556,5862299960127967488,Gaia: XM=F23=SIMBAD; CXO: XM=F23=SIMBAD; XMM: XM=F23=SIMBAD,1.454189880397265e-06
PSR B1259-63,     0.08,     0.52, 13 02 47.65,-63 50 08.68,0.29,0.29,0.0,2CXO J130247.6-635008,        PSR B1259-63,16583,   0.2848,   0.2667,   0.3029,   0.4160,   0.3904,   0.4403,   0.1474,   0.1168,   0.1780,1.603e-12,1.566e-12,1.637e-12,    1.562,    1.501,    1.624,         ,    41.77,    37.69,    46.05,         ,0.0003611,0.0003344,0.0003902,         ,    0.956,1.439e-12,1.409e-12,1.469e-12,   0.9084,   0.8920,   0.9251,         ,8.658e-07,         ,   0.3354,         ,0.0002164,0.0002040,0.0002293,         ,    1.765,1.609e-12,1.576e-12,1.643e-12,    14.59,    11.72,    18.38,         ,    34.55,    31.42,    37.47,         ,0.0004628,0.0004520,0.0004742,         ,    0.978,1.531e-12,6.143e-13,3.815e-12,    8.140,    6.503,    10.56,         ,3.937e-06,         ,   0.1556,         ,  -0.4196,  -0.6850,    5.130,         ,    34.35,    20.82,    43.79,         ,0.0006281,0.0001763,  0.01891,         ,    0.988, 0,    0.021,    0.274,    0.388,4.373e-06,   0.1226,   0.1226,   0.1226, 0,    0.029,    0.206,    0.365,7.037e-06,  0.06472,  0.06472,  0.06473, 0,    0.036,    0.012,    0.013,1.508e-05,  0.04436,  0.04435,  0.04438, 0,    0.060,    0.673,    0.709,2.089e-06,  0.01349,  0.01349,  0.01349,  ,         ,         ,         ,         ,         ,         ,         ,  ,         ,         ,         ,         ,         ,         ,         ,195.69854166666664,-63.835744444444444,0.09685327679542816,0.6681276754662465,0.6681276779371556,5862299960127967488,Gaia: XM=F23=SIMBAD; CXO: XM=F23=SIMBAD; XMM: XM=F23=SIMBAD,1.454189880397265e-06
PSR B1259-63,     0.08,     0.52, 13 02 47.65,-63 50 08.68,0.29,0.29,0.0,2CXO J130247.6-635008,        PSR B1259-63,16822,   0.2573,   0.2442,   0.2692,   0.2686,   0.2517,   0.2892,   0.0125,  -0.0069,   0.0344,1.424e-12,1.401e-12,1.446e-12,    1.580,    1.540,    1.622,         ,    31.77,    29.19,    34.46,         ,0.0003133,0.0002980,0.0003296,         ,    0.916,1.270e-12,1.249e-12,1.287e-12,   0.8707,   0.8589,   0.8826,         ,5.537e-07,         ,   0.1134,         ,0.0002232,0.0002134,0.0002333,         ,    2.186,1.417e-12,1.395e-12,1.438e-12,    12.73,    11.19,    15.12,         ,    25.10,    23.16,    27.19,         ,0.0003889,0.0003822,0.0004023,         ,    0.925,1.422e-12,1.170e-12,1.744e-12,    14.57,    12.51,    16.72,         ,   0.1821,  0.05555,   0.3095,         ,   0.2148,  0.06948,   0.2366,         ,    25.81,    23.73,    28.03,         , 0.001636, 0.001324, 0.001708,         ,    0.924, 0,    0.031,    0.967,    0.934,6.608e-05,   0.1027,   0.1026,   0.1027, 0,    0.025,    0.534,    0.150,1.220e-05,  0.05248,  0.05247,  0.05250, 0,    0.079,    0.762,    0.554,9.392e-05,  0.03708,  0.03698,  0.03717, 0,    0.036,    0.814,    0.975,2.173e-05,  0.01311,  0.01308,  0.01314, 0,    0.459,    0.267,    0.204,9.186e-06,0.0001868,0.0001841,0.0002690,  ,         ,         ,         ,         ,         ,         ,         ,195.69854166666664,-63.835744444444444,0.09685327679542816,0.6681276754662465,0.6681276779371556,5862299960127967488,Gaia: XM=F23=SIMBAD; CXO: XM=F23=SIMBAD; XMM: XM=F23=SIMBAD,1.454189880397265e-06
PSR B1259-63,     0.08,     0.52, 13 02 47.65,-63 50 08.68,0.29,0.29,0.0,2CXO J130247.6-635008,        PSR B1259-63,16823,   0.2349,   0.2130,   0.2567,   0.1961,   0.1655,   0.2280,  -0.0400,  -0.0731,  -0.0056,9.519e-13,9.272e-13,9.749e-13,    1.625,    1.556,    1.696,         ,    31.15,    26.91,    35.64,         ,0.0002196,0.0002018,0.0002391,         ,    1.042,8.305e-13,8.088e-13,8.527e-13,   0.8462,   0.8270,   0.8660,         ,5.088e-06,         ,   0.3007,         ,0.0001635,0.0001513,0.0001764,         ,    2.200,9.510e-13,9.276e-13,9.747e-13,    11.65,    9.579,    15.17,         ,    23.17,    19.89,    26.59,         ,0.0002598,0.0002523,0.0002682,         ,    1.079,         ,         ,         ,         ,         ,         ,         ,         ,         ,         ,         ,         ,         ,         ,         ,         ,         ,         ,         ,         ,         ,         ,         ,         , 0,    0.035,    0.744,    0.491,4.291e-05,  0.07239,  0.07235,  0.07244, 0,    0.035,    0.394,    0.210,7.166e-06,  0.03661,  0.03660,  0.03662, 0,    0.026,    0.163,    0.440,7.263e-06,  0.02633,  0.02632,  0.02634, 0,    0.220,    0.801,    0.633,0.0001921, 0.009453, 0.009261, 0.009645,  ,         ,         ,         ,         ,         ,         ,         ,  ,         ,         ,         ,         ,         ,         ,         ,195.69854166666664,-63.835744444444444,0.09685327679542816,0.6681276754662465,0.6681276779371556,5862299960127967488,Gaia: XM=F23=SIMBAD; CXO: XM=F23=SIMBAD; XMM: XM=F23=SIMBAD,1.454189880397265e-06
PSR B1259-63,     0.08,     0.52, 13 02 47.65,-63 50 08.68,0.29,0.29,0.0,2CXO J130247.6-635008,        PSR B1259-63,18744,   0.1974,   0.1743,   0.2205,   0.2024,   0.1680,   0.2380,   0.0050,  -0.0306,   0.0431,9.658e-13,9.397e-13,9.925e-13,    1.738,    1.665,    1.813,         ,    33.67,    28.90,    38.75,         ,0.0002553,0.0002333,0.0002800,         ,    0.795,8.547e-13,8.310e-13,8.778e-13,   0.8077,   0.7901,   0.8257,         ,4.820e-07,         ,   0.3564,         ,0.0002017,0.0001870,0.0002172,         ,    1.669,9.602e-13,9.304e-13,9.876e-13,    8.192,    6.984,    9.831,         ,    24.41,    20.75,    28.25,         ,0.0002780,0.0002665,0.0002912,         ,    0.802,9.373e-13,4.568e-13,2.657e-12,    6.025,    3.834,    9.968,         ,  0.09603,         ,   0.6079,         ,  -0.2890,  -0.6985,    8.057,         ,    23.60,    19.48,    33.43,         ,0.0005057,0.0004460,  0.02134,         ,    0.812, 2,    0.702,    0.998,    0.993, 0.003312,  0.07471,  0.07139,  0.07802, 6,    0.909,    0.999,    1.000, 0.003350,  0.03675,  0.03341,  0.04010, 0,    0.041,    0.101,    0.087,1.358e-06,  0.02851,  0.02850,  0.02851, 0,    0.265,    0.853,    0.784,0.0002627, 0.009446, 0.009184, 0.009709,  ,         ,         ,         ,         ,         ,         ,         ,  ,         ,         ,         ,         ,         ,         ,         ,195.69854166666664,-63.835744444444444,0.09685327679542816,0.6681276754662465,0.6681276779371556,5862299960127967488,Gaia: XM=F23=SIMBAD; CXO: XM=F23=SIMBAD; XMM: XM=F23=SIMBAD,1.454189880397265e-06
PSR B1259-63,     0.08,     0.52, 13 02 47.65,-63 50 08.68,0.29,0.29,0.0,2CXO J130247.6-635008,        PSR B1259-63,19280,   0.0962,   0.0806,   0.1118,   0.0325,   0.0094,   0.0543,  -0.0637,  -0.0868,  -0.0418,1.221e-12,1.201e-12,1.242e-12,    1.942,    1.894,    1.992,         ,    31.62,    28.75,    34.62,         ,0.0003915,0.0003697,0.0004148,         ,    0.891,1.031e-12,1.011e-12,1.047e-12,   0.7193,   0.7082,   0.7306,         ,5.571e-07,         ,   0.1203,         ,0.0003812,0.0003608,0.0004027,         ,    2.883,1.225e-12,1.203e-12,1.244e-12,    5.867,    5.406,    6.383,         ,    18.11,    16.04,    20.28,         ,0.0003698,0.0003582,0.0003824,         ,    0.998,         ,         ,         ,         ,         ,         ,         ,         ,         ,         ,         ,         ,         ,         ,         ,         ,         ,         ,         ,         ,         ,         ,         ,         , 2,    0.815,    0.996,    0.993, 0.003321,  0.09125,  0.08793,  0.09457, 0,    0.286,    0.994,    0.991,0.0006489,  0.04094,  0.04003,  0.04167, 0,    0.066,    0.568,    0.843,7.391e-05,  0.03778,  0.03770,  0.03785, 0,    0.289,    0.994,    0.975,0.0002740,  0.01254,  0.01226,  0.01281, 2,    0.767,    0.923,    0.809,3.798e-05,0.0001310,0.0001136,0.0003585,  ,         ,         ,         ,         ,         ,         ,         ,195.69854166666664,-63.835744444444444,0.09685327679542816,0.6681276754662465,0.6681276779371556,5862299960127967488,Gaia: XM=F23=SIMBAD; CXO: XM=F23=SIMBAD; XMM: XM=F23=SIMBAD,1.454189880397265e-06
PSR B1259-63,     0.08,     0.52, 13 02 47.65,-63 50 08.68,0.29,0.29,0.0,2CXO J130247.6-635008,        PSR B1259-63,19281,   0.2399,   0.2230,   0.2555,   0.2361,   0.2105,   0.2617,  -0.0037,  -0.0319,   0.0256,1.679e-12,1.646e-12,1.709e-12,    1.584,    1.531,    1.638,         ,    30.93,    27.09,    34.93,         ,0.0003694,0.0003453,0.0003958,         ,    0.932,1.496e-12,1.466e-12,1.525e-12,   0.8814,   0.8670,   0.8960,         ,5.242e-07,         ,   0.1843,         ,0.0002520,0.0002385,0.0002661,         ,    1.973,1.667e-12,1.625e-12,1.708e-12,    12.92,    11.03,    15.83,         ,    23.37,    20.58,    26.42,         ,0.0004549,0.0004450,0.0004725,         ,    0.935,1.702e-12,1.610e-12,1.789e-12,    13.65,    11.29,    15.57,         ,   0.2753,   0.1300,   0.4283,         ,   0.1808,   0.1575,   0.1959,         ,    24.55,    22.13,    27.82,         , 0.001810, 0.001729, 0.001887,         ,    0.928, 0,    0.017,    0.790,    0.953,5.204e-05,   0.1130,   0.1130,   0.1131, 0,    0.024,    0.807,    0.647,3.333e-05,  0.06092,  0.06088,  0.06097, 0,    0.031,    0.382,    0.647,3.920e-06,  0.04090,  0.04089,  0.04090, 0,    0.053,    0.763,    0.641,2.642e-05,  0.01123,  0.01120,  0.01126, 1,    0.581,    0.742,    0.587,6.687e-05,0.0002496,0.0001799,0.0003257,  ,         ,         ,         ,         ,         ,         ,         ,195.69854166666664,-63.835744444444444,0.09685327679542816,0.6681276754662465,0.6681276779371556,5862299960127967488,Gaia: XM=F23=SIMBAD; CXO: XM=F23=SIMBAD; XMM: XM=F23=SIMBAD,1.454189880397265e-06
PSR B1259-63,     0.08,     0.52, 13 02 47.65,-63 50 08.68,0.29,0.29,0.0,2CXO J130247.6-635008,        PSR B1259-63,20054,   0.2136,   0.2017,   0.2267,   0.1736,   0.1543,   0.1918,  -0.0425,  -0.0631,  -0.0231,1.744e-12,1.719e-12,1.768e-12,    1.698,    1.659,    1.738,         ,    30.78,    28.07,    33.55,         ,0.0004336,0.0004129,0.0004557,         ,    1.150,1.542e-12,1.520e-12,1.563e-12,   0.8281,   0.8182,   0.8383,         ,2.994e-07,         ,  0.09678,         ,0.0003290,0.0003156,0.0003427,         ,    2.543,1.743e-12,1.715e-12,1.767e-12,    9.241,    8.397,    10.22,         ,    21.66,    19.59,    23.80,         ,0.0004839,0.0004738,0.0004949,         ,    1.153,         ,         ,         ,         ,         ,         ,         ,         ,         ,         ,         ,         ,         ,         ,         ,         ,         ,         ,         ,         ,         ,         ,         ,         , 7,    0.997,    1.000,    1.000, 0.007446,   0.1220,   0.1116,   0.1284, 5,    0.870,    1.000,    1.000, 0.003855,  0.06320,  0.05793,  0.06708, 2,    0.729,    1.000,    0.999, 0.002311,  0.04505,  0.04254,  0.04810, 0,    0.042,    0.063,    0.234,5.086e-06,  0.01376,  0.01376,  0.01377, 0,    0.455,    0.383,    0.088,8.764e-06,0.0001843,0.0001820,0.0002616,  ,         ,         ,         ,         ,         ,         ,         ,195.69854166666664,-63.835744444444444,0.09685327679542816,0.6681276754662465,0.6681276779371556,5862299960127967488,Gaia: XM=F23=SIMBAD; CXO: XM=F23=SIMBAD; XMM: XM=F23=SIMBAD,1.454189880397265e-06
PSR B1259-63,     0.08,     0.52, 13 02 47.65,-63 50 08.68,0.29,0.29,0.0,2CXO J130247.6-635008,        PSR B1259-63,20116,   0.2386,   0.2142,   0.2617,   0.1911,   0.1555,   0.2267,  -0.0487,  -0.0881,  -0.0106,1.615e-12,1.568e-12,1.654e-12,    1.452,    1.381,    1.525,         ,    19.68,    14.81,    24.80,         ,0.0002891,0.0002640,0.0003168,         ,    1.027,1.398e-12,1.361e-12,1.436e-12,   0.9007,   0.8789,   0.9232,         ,9.519e-07,         ,   0.2991,         ,0.0002177,0.0002007,0.0002360,         ,    2.138,1.607e-12,1.558e-12,1.648e-12,    21.29,    15.81,    31.20,         ,    15.08,    11.24,    19.14,         ,0.0004249,0.0004118,0.0004425,         ,    1.023,         ,         ,         ,         ,         ,         ,         ,         ,         ,         ,         ,         ,         ,         ,         ,         ,         ,         ,         ,         ,         ,         ,         ,         , 0,    0.027,    0.239,    0.420,2.055e-05,   0.1073,   0.1073,   0.1073, 0,    0.055,    0.740,    0.666,8.840e-05,  0.05724,  0.05716,  0.05733, 0,    0.066,    0.728,    0.942,8.773e-05,  0.03857,  0.03849,  0.03866, 0,    0.090,    0.095,    0.012,4.222e-05,  0.01147,  0.01143,  0.01151, 0,    0.460,    0.755,    0.773,2.059e-05,0.0003317,0.0003237,0.0004694,  ,         ,         ,         ,         ,         ,         ,         ,195.69854166666664,-63.835744444444444,0.09685327679542816,0.6681276754662465,0.6681276779371556,5862299960127967488,Gaia: XM=F23=SIMBAD; CXO: XM=F23=SIMBAD; XMM: XM=F23=SIMBAD,1.454189880397265e-06
PSR B1259-63,     0.08,     0.52, 13 02 47.65,-63 50 08.68,0.29,0.29,0.0,2CXO J130247.6-635008,        PSR B1259-63,21245,   0.2249,   0.2030,   0.2480,   0.1199,   0.0806,   0.1580,  -0.1087,  -0.1493,  -0.0681,1.022e-12,9.957e-13,1.047e-12,    1.501,    1.431,    1.571,         ,    19.65,    14.90,    24.65,         ,0.0001932,0.0001770,0.0002112,         ,    0.943,8.700e-13,8.471e-13,8.925e-13,   0.8828,   0.8618,   0.9045,         ,7.769e-06,         ,   0.2929,         ,0.0001460,0.0001346,0.0001584,         ,    2.284,1.023e-12,9.947e-13,1.047e-12,    18.46,    14.20,    25.64,         ,    13.59,    9.869,    17.49,         ,0.0002663,0.0002592,0.0002742,         ,    0.960,1.027e-12,9.936e-13,1.055e-12,    19.90,    15.55,    25.68,         ,   0.3122,         ,   0.6655,         ,   0.1959,   0.1564,   0.2927,         ,    14.07,    10.59,    17.99,         , 0.001050,0.0009884, 0.001243,         ,    0.967, 0,    0.063,    0.883,    0.807,0.0001167,  0.06601,  0.06589,  0.06613, 0,    0.039,    0.625,    0.294,2.335e-05,  0.03612,  0.03609,  0.03614, 0,    0.082,    0.670,    0.568,7.928e-05,  0.02350,  0.02342,  0.02358, 0,    0.095,    0.327,    0.708,2.787e-05, 0.006388, 0.006360, 0.006416, 1,    0.508,    0.297,    0.455,9.566e-06,0.0001617,0.0001588,0.0002524,  ,         ,         ,         ,         ,         ,         ,         ,195.69854166666664,-63.835744444444444,0.09685327679542816,0.6681276754662465,0.6681276779371556,5862299960127967488,Gaia: XM=F23=SIMBAD; CXO: XM=F23=SIMBAD; XMM: XM=F23=SIMBAD,1.454189880397265e-06
PSR B1259-63,     0.08,     0.52, 13 02 47.65,-63 50 08.68,0.29,0.29,0.0,2CXO J130247.6-635008,        PSR B1259-63,21246,   0.1587,   0.1355,   0.1818,   0.0525,   0.0119,   0.0918,  -0.1062,  -0.1480,  -0.0668,8.128e-13,7.914e-13,8.344e-13,    1.827,    1.748,    1.909,         ,    34.21,    28.60,    40.07,         ,0.0002366,0.0002143,0.0002617,         ,    1.119,7.018e-13,6.827e-13,7.206e-13,   0.7965,   0.7777,   0.8161,         ,1.090e-06,         ,   0.3776,         ,0.0001751,0.0001609,0.0001905,         ,    2.343,8.135e-13,7.880e-13,8.359e-13,    7.450,    6.398,    8.840,         ,    21.05,    16.86,    25.44,         ,0.0002357,0.0002248,0.0002481,         ,    1.175,         ,         ,         ,         ,         ,         ,         ,         ,         ,         ,         ,         ,         ,         ,         ,         ,         ,         ,         ,         ,         ,         ,         ,         , 0,    0.027,    0.109,    0.355,7.941e-06,  0.05601,  0.05600,  0.05602, 0,    0.035,    0.139,    0.057,2.644e-06,  0.02920,  0.02920,  0.02920, 0,    0.041,    0.436,    0.376,1.018e-06,  0.02142,  0.02142,  0.02142, 0,    0.061,    0.873,    0.947,4.466e-05, 0.005387, 0.005310, 0.005437,  ,         ,         ,         ,         ,         ,         ,         ,  ,         ,         ,         ,         ,         ,         ,         ,195.69854166666664,-63.835744444444444,0.09685327679542816,0.6681276754662465,0.6681276779371556,5862299960127967488,Gaia: XM=F23=SIMBAD; CXO: XM=F23=SIMBAD; XMM: XM=F23=SIMBAD,1.454189880397265e-06
PSR B1259-63,     0.08,     0.52, 13 02 47.65,-63 50 08.68,0.29,0.29,0.0,2CXO J130247.6-635008,        PSR B1259-63,21247,   0.1312,   0.1068,   0.1568,  -0.0475,  -0.0868,  -0.0094,  -0.1786,  -0.2180,  -0.1405,7.584e-13,7.362e-13,7.824e-13,    1.790,    1.708,    1.874,         ,    20.82,    15.18,    26.83,         ,0.0001945,0.0001756,0.0002157,         ,    1.046,6.283e-13,6.105e-13,6.444e-13,   0.7626,   0.7436,   0.7823,         ,5.075e-07,         ,   0.3638,         ,0.0001858,0.0001696,0.0002033,         ,    2.424,7.628e-13,7.357e-13,7.850e-13,    7.670,    6.495,    9.219,         ,    9.437,    5.182,    14.01,         ,0.0002016,0.0001922,0.0002129,         ,    1.068,         ,         ,         ,         ,         ,         ,         ,         ,         ,         ,         ,         ,         ,         ,         ,         ,         ,         ,         ,         ,         ,         ,         ,         , 0,    0.054,    0.668,    0.460,7.304e-05,  0.05032,  0.05025,  0.05039, 0,    0.078,    0.624,    0.304,7.763e-05,  0.02573,  0.02566,  0.02581, 0,    0.069,    0.890,    0.814,5.990e-05,  0.01935,  0.01927,  0.01944, 0,    0.182,    0.804,    0.578,8.998e-05, 0.005237, 0.005147, 0.005327,  ,         ,         ,         ,         ,         ,         ,         ,  ,         ,         ,         ,         ,         ,         ,         ,195.69854166666664,-63.835744444444444,0.09685327679542816,0.6681276754662465,0.6681276779371556,5862299960127967488,Gaia: XM=F23=SIMBAD; CXO: XM=F23=SIMBAD; XMM: XM=F23=SIMBAD,1.454189880397265e-06
PSR B1259-63,     0.08,     0.52, 13 02 47.65,-63 50 08.68,0.29,0.29,0.0,2CXO J130247.6-635008,        PSR B1259-63,22693,   0.1549,   0.1393,   0.1718,   0.0100,  -0.0206,   0.0381,  -0.1449,  -0.1755,  -0.1168,1.418e-12,1.388e-12,1.445e-12,    1.815,    1.757,    1.874,         ,    30.21,    25.75,    34.86,         ,0.0003965,0.0003683,0.0004276,         ,    1.075,1.230e-12,1.205e-12,1.253e-12,   0.8002,   0.7870,   0.8137,         ,1.200e-06,         ,   0.2076,         ,0.0003000,0.0002827,0.0003184,         ,    2.318,1.422e-12,1.391e-12,1.448e-12,    7.391,    6.621,    8.334,         ,    17.61,    14.28,    21.09,         ,0.0004019,0.0003876,0.0004177,         ,    1.095,         ,         ,         ,         ,         ,         ,         ,         ,         ,         ,         ,         ,         ,         ,         ,         ,         ,         ,         ,         ,         ,         ,         ,         , 0,    0.019,    0.646,    0.684,3.737e-06,  0.09126,  0.09126,  0.09126, 0,    0.027,    0.300,    0.692,8.104e-06,  0.04933,  0.04932,  0.04934, 0,    0.032,    0.533,    0.220,8.288e-06,  0.03436,  0.03435,  0.03437, 0,    0.067,    0.222,    0.451,1.012e-05, 0.007571, 0.007560, 0.007581, 0,    0.492,    0.113,    0.407,3.315e-06,8.677e-05,8.598e-05,0.0001275,  ,         ,         ,         ,         ,         ,         ,         ,195.69854166666664,-63.835744444444444,0.09685327679542816,0.6681276754662465,0.6681276779371556,5862299960127967488,Gaia: XM=F23=SIMBAD; CXO: XM=F23=SIMBAD; XMM: XM=F23=SIMBAD,1.454189880397265e-06
PSR B1259-63,     0.08,     0.52, 13 02 47.65,-63 50 08.68,0.29,0.29,0.0,2CXO J130247.6-635008,        PSR B1259-63,23437,   0.2486,   0.2317,   0.2642,   0.2636,   0.2255,   0.2979,   0.0150,  -0.0256,   0.0543,2.603e-12,2.556e-12,2.648e-12,    1.582,    1.523,    1.641,         ,    43.36,    38.12,    48.81,         ,0.0006038,0.0005583,0.0006538,         ,    1.000,2.365e-12,2.324e-12,2.408e-12,   0.9530,   0.9368,   0.9696,         ,5.522e-07,         ,   0.2804,         ,0.0002972,0.0002805,0.0003148,         ,    1.894,2.621e-12,2.579e-12,2.664e-12,    14.64,    12.06,    17.98,         ,    33.71,    29.71,    37.53,         ,0.0007511,0.0007346,0.0007691,         ,    1.015,         ,         ,         ,         ,         ,         ,         ,         ,         ,         ,         ,         ,         ,         ,         ,         ,         ,         ,         ,         ,         ,         ,         ,         , 0,    0.022,    0.978,    0.884,7.315e-05,   0.1568,   0.1568,   0.1569, 0,    0.039,    0.735,    0.689,7.368e-05,  0.09576,  0.09569,  0.09584, 0,    0.040,    0.935,    0.825,0.0001022,  0.05317,  0.05305,  0.05330, 0,    0.177,    0.907,    0.951,0.0001375, 0.007912, 0.007723, 0.008083,  ,         ,         ,         ,         ,         ,         ,         ,  ,         ,         ,         ,         ,         ,         ,         ,195.69854166666664,-63.835744444444444,0.09685327679542816,0.6681276754662465,0.6681276779371556,5862299960127967488,Gaia: XM=F23=SIMBAD; CXO: XM=F23=SIMBAD; XMM: XM=F23=SIMBAD,1.454189880397265e-06
PSR B1259-63,     0.08,     0.52, 13 02 47.65,-63 50 08.68,0.29,0.29,0.0,2CXO J130247.6-635008,        PSR B1259-63,24862,   0.2886,   0.2680,   0.3092,   0.1349,   0.0968,   0.1730,  -0.1611,  -0.2005,  -0.1205,2.306e-12,2.256e-12,2.363e-12,    1.590,    1.516,    1.666,         ,    41.75,    34.64,    49.29,         ,0.0005373,0.0004856,0.0005959,         ,    1.037,2.131e-12,2.083e-12,2.174e-12,   0.9417,   0.9230,   0.9610,         ,1.381e-05,         ,   0.4570,         ,0.0002796,0.0002609,0.0002991,         ,    1.526,2.282e-12,2.207e-12,2.360e-12,    12.77,    10.46,    16.33,         ,    33.00,    28.32,    38.73,         ,0.0006550,0.0006354,0.0006819,         ,    1.011,         ,         ,         ,         ,         ,         ,         ,         ,         ,         ,         ,         ,         ,         ,         ,         ,         ,         ,         ,         ,         ,         ,         ,         , 0,    0.023,    0.202,    0.246,8.081e-06,   0.1401,   0.1400,   0.1401, 0,    0.031,    0.087,    0.091,2.659e-05,  0.08712,  0.08709,  0.08714, 0,    0.050,    0.591,    0.579,4.993e-05,  0.04378,  0.04373,  0.04383, 0,    0.438,    0.986,    0.946,0.0007302, 0.009155, 0.008261,  0.01000,  ,         ,         ,         ,         ,         ,         ,         ,  ,         ,         ,         ,         ,         ,         ,         ,195.69854166666664,-63.835744444444444,0.09685327679542816,0.6681276754662465,0.6681276779371556,5862299960127967488,Gaia: XM=F23=SIMBAD; CXO: XM=F23=SIMBAD; XMM: XM=F23=SIMBAD,1.454189880397265e-06
PSR B1259-63,     0.08,     0.52, 13 02 47.65,-63 50 08.68,0.29,0.29,0.0,2CXO J130247.6-635008,        PSR B1259-63,24905,   0.3036,   0.2854,   0.3242,   0.1774,   0.1393,   0.2155,  -0.1349,  -0.1755,  -0.0943,2.394e-12,2.338e-12,2.445e-12,    1.487,    1.418,    1.558,         ,    30.32,    24.09,    36.93,         ,0.0004720,0.0004299,0.0005194,         ,    0.972,2.150e-12,2.105e-12,2.190e-12,   0.9459,   0.9273,   0.9650,         ,3.593e-05,         ,   0.3469,         ,0.0002778,0.0002598,0.0002969,         ,    1.643,2.390e-12,2.329e-12,2.439e-12,    18.33,    14.34,    24.93,         ,    24.39,    19.45,    29.53,         ,0.0006593,0.0006432,0.0006754,         ,    0.958,2.680e-12,1.009e-12,4.559e-12,    11.16,   0.9630,    19.57,         ,5.273e-06,         ,         ,         ,  -0.3373,  -0.9356,    3.223,         ,    24.94,    14.87,    29.23,         , 0.001100,4.619e-05,  0.01263,         ,    0.970, 0,    0.020,    0.959,    0.996,8.453e-05,   0.1429,   0.1428,   0.1430, 0,    0.052,    0.993,    0.989,0.0002416,  0.08964,  0.08937,  0.08998, 0,    0.053,    0.812,    0.539,6.253e-05,  0.04453,  0.04446,  0.04459, 0,    0.104,    0.366,    0.328,4.651e-05, 0.008778, 0.008732, 0.008825,  ,         ,         ,         ,         ,         ,         ,         ,  ,         ,         ,         ,         ,         ,         ,         ,195.69854166666664,-63.835744444444444,0.09685327679542816,0.6681276754662465,0.6681276779371556,5862299960127967488,Gaia: XM=F23=SIMBAD; CXO: XM=F23=SIMBAD; XMM: XM=F23=SIMBAD,1.454189880397265e-06
PSR B1259-63,     0.08,     0.52, 13 02 47.65,-63 50 08.68,0.29,0.29,0.0,2CXO J130247.6-635008,2XMM J130323.8-634806,18087,   0.0912,   0.0381,   0.1443,  -0.0949,  -0.1643,  -0.0231,  -0.1849,  -0.2517,  -0.1143,6.652e-13,6.180e-13,7.023e-13,    1.657,    1.490,    1.834,         ,    7.652,         ,    18.17,         ,0.0001367,0.0001127,0.0001678,         ,    1.482,4.823e-13,4.515e-13,5.103e-13,   0.6846,   0.6463,   0.7255,         ,8.716e-08,         ,    1.275,         ,0.0002233,0.0001822,0.0002738,         ,    2.951,6.513e-13,5.989e-13,6.933e-13,    9.846,    6.665,    14.62,         ,9.687e-05,         ,    7.444,         ,0.0001583,0.0001509,0.0001726,         ,    1.505,6.716e-13,5.168e-13,8.306e-13,    7.121,    5.311,    10.29,         ,    1.066,   0.2328,    2.549,         ,-0.001011, -0.02702,  0.04827,         ,    3.810,         ,    13.42,         ,0.0004278,0.0001759,0.0008192,         ,    1.564, 0,    0.057,    0.012,    0.003,6.081e-05,  0.05632,  0.05626,  0.05638, 0,    0.078,    0.119,    0.009,1.003e-05,  0.02428,  0.02427,  0.02429, 0,    0.119,    0.252,    0.008,0.0001816,  0.02328,  0.02310,  0.02346, 0,    0.088,    0.058,    0.244,3.375e-05, 0.008756, 0.008712, 0.008798,  ,         ,         ,         ,         ,         ,         ,         ,  ,         ,         ,         ,         ,         ,         ,         ,195.69854166666664,-63.835744444444444,0.09685327679542816,0.6681276754662465,0.6681276779371556,5862299960127967488,Gaia: XM=F23=SIMBAD; CXO: XM=F23=SIMBAD; XMM: XM=F23=SIMBAD,1.454189880397265e-06
RX J0812.4-3114,     0.00,     1.00, 08 12 28.36,-31 14 52.10,0.35,0.33,109.5,2CXO J081228.3-311452,     RX J0812.4-3114,14637,  -0.9994,  -1.0000,  -0.5503,  -0.9994,  -1.0000,  -0.8751,  -0.6433,  -0.7889,  -0.4616,         ,         ,         ,         ,         ,         ,         ,         ,         ,         ,         ,         ,         ,         ,         ,         ,         ,         ,         ,         ,         ,         ,         ,         ,         ,         ,         ,         ,         ,         ,         ,         ,         ,         ,         ,         ,         ,         ,         ,         ,         ,         ,         ,         ,         ,         ,         ,         ,         ,         ,         ,         ,         ,         ,         ,         ,         ,         ,         ,         ,         ,         ,         ,         ,         ,         ,         ,         ,         ,         ,         ,         , 0,    0.285,    0.176,    0.428,0.0003662, 0.003946, 0.003652, 0.005367,  ,         ,         ,         ,         ,         ,         ,         , 0,    0.445,    0.250,    0.352,8.834e-05,0.0009866,0.0009345, 0.001350, 0,    0.242,    0.306,    0.247,0.0001978, 0.002959, 0.002806, 0.003685,  ,         ,         ,         ,         ,         ,         ,         ,  ,         ,         ,         ,         ,         ,         ,         ,123.11816666666662,-31.247805555555555,0.05523777313487376,0.16654605193357627,0.16654605234160533,5548261400354128768,Gaia: XM=F23=SIMBAD; CXO: XM=F23=SIMBAD; XMM: none,7.836925334545798e-07
RX J1744.7-2713,     0.42,     0.00, 17 44 45.79,-27 13 44.37,0.33,0.32,112.2,2CXO J174445.7-271344,             GBSGTO1, 8647,   0.1749,   0.0818,   0.2655,   0.2923,   0.1755,   0.4066,   0.1212,  -0.0019,   0.2480,8.116e-13,7.103e-13,9.073e-13,    1.688,    1.416,    1.986,         ,    34.72,    19.54,    52.97,         ,0.0002146,0.0001529,0.0003057,         ,    0.808,7.127e-13,6.183e-13,7.968e-13,   0.8394,   0.7680,   0.9153,         ,7.437e-06,         ,    3.615,         ,0.0001558,0.0001175,0.0002065,         ,    1.689,8.248e-13,7.142e-13,9.143e-13,    9.099,    5.219,    24.61,         ,    26.91,    15.53,    40.28,         ,0.0002434,0.0002128,0.0002905,         ,    0.793,         ,         ,         ,         ,         ,         ,         ,         ,         ,         ,         ,         ,         ,         ,         ,         ,         ,         ,         ,         ,         ,         ,         ,         , 0,    0.134,    0.184,    0.352,0.0007559,  0.07644,  0.07568,  0.07719, 0,    0.140,    0.669,    0.616,0.0005313,  0.03291,  0.03234,  0.03355, 6,    0.952,    0.993,    0.970,  0.01103,  0.03105,  0.02003,  0.04208, 0,    0.186,    0.513,    0.161,0.0003378,  0.01239,  0.01207,  0.01282,  ,         ,         ,         ,         ,         ,         ,         ,  ,         ,         ,         ,         ,         ,         ,         ,266.1907916666666,-27.228991666666666,0.36834300082260557,7.936374571965562,7.9363747206084225,4060784345959549184,Gaia: XM=F23=SIMBAD; CXO: XM=F23=SIMBAD; XMM: none,8.374347267551628e-07
SAX J1818.6-1703,     0.10,     0.60, 18 18 37.90,-17 02 47.94,0.47,0.37,20.8,2CXO J181837.9-170248,M17 Infrared Dark Cloud,12348,   0.9919,   0.9888,   0.9938,   0.9881,   0.9813,   0.9938,  -0.2823,  -0.5378,   0.0606,1.341e-12,1.116e-12,1.422e-12,    1.554,    1.260,    1.858,         ,     2604,     2401,     2819,         , 0.001571,0.0008997, 0.002796,         ,    0.966,1.367e-12,1.212e-12,1.430e-12,    1.864,    1.704,    2.055,         ,     2067,     1929,     2212,         ,5.795e-05,4.159e-05,8.055e-05,         ,    0.970,1.407e-12,1.334e-12,1.448e-12,    13.58,    10.57,     1326,         ,     2679,     2361,     2750,         , 0.002106, 0.002035, 0.002235,         ,    0.970,         ,         ,         ,         ,         ,         ,         ,         ,         ,         ,         ,         ,         ,         ,         ,         ,         ,         ,         ,         ,         ,         ,         ,         ,10,    1.000,    1.000,    1.000,  0.04870,  0.03721, 0.001926,   0.2527,10,    1.000,    1.000,    1.000,  0.04887,  0.03668, 0.002052,   0.2661,  ,         ,         ,         ,         ,         ,         ,         ,  ,         ,         ,         ,         ,         ,         ,         ,  ,         ,         ,         ,         ,         ,         ,         ,  ,         ,         ,         ,         ,         ,         ,         ,274.65791666666667,-17.046650000000003,0.11215322408590472,0.44159784445133515,0.441598038550282,4097365235226829312,Gaia: XM=F23=SIMBAD; CXO: XM=F23=SIMBAD; XMM: none,1.1058972388657949e-08
SAX J1818.6-1703,     0.10,     0.60, 18 18 37.90,-17 02 47.94,0.47,0.37,20.8,2CXO J181837.9-170248,    SAX J1818.6-1703, 6654,   0.9319,   0.9225,   0.9400,   0.9856,   0.9813,   0.9900,   0.6671,   0.5628,   0.7651,2.565e-12,2.374e-12,2.685e-12,    0.971,    0.773,    1.175,         ,    408.3,    364.8,    454.7,         ,0.0004309,0.0003135,0.0005982,         ,    1.189,2.530e-12,2.340e-12,2.640e-12,    1.820,    1.673,    1.994,         ,    251.2,    225.2,    279.6,         ,5.135e-05,3.991e-05,6.581e-05,         ,    1.345,2.576e-12,2.461e-12,2.675e-12,    100.0,    60.34,         ,         ,    465.9,    445.4,    487.9,         , 0.001632, 0.001474, 0.001698,         ,    1.226,         ,         ,         ,         ,         ,         ,         ,         ,         ,         ,         ,         ,         ,         ,         ,         ,         ,         ,         ,         ,         ,         ,         ,         , 0,    0.000,    0.694,    0.553,7.735e-08,   0.1346,   0.1346,   0.1346, 0,    0.000,    0.665,    0.233,2.140e-07,   0.1269,   0.1269,   0.1269, 0,    0.257,    0.890,    0.832,0.0004331, 0.006628, 0.005975, 0.007108, 1,    0.557,    0.933,    0.951,0.0002457, 0.001006,0.0007937, 0.001822,  ,         ,         ,         ,         ,         ,         ,         ,  ,         ,         ,         ,         ,         ,         ,         ,274.65791666666667,-17.046650000000003,0.11215322408590472,0.44159784445133515,0.441598038550282,4097365235226829312,Gaia: XM=F23=SIMBAD; CXO: XM=F23=SIMBAD; XMM: none,1.1058972388657949e-08
SAX J1819.3-2525,     0.12,     0.31, 18 19 21.62,-25 24 25.86,0.3,0.3,104.1,2CXO J181921.6-252425,     IGR J18193-2542, 7534,         ,         ,         ,         ,         ,         ,         ,         ,         ,         ,         ,         ,         ,         ,         ,         ,         ,         ,         ,         ,         ,         ,         ,         ,         ,         ,         ,         ,         ,         ,         ,         ,         ,         ,         ,         ,         ,         ,         ,         ,         ,         ,         ,         ,         ,         ,         ,         ,         ,         ,         ,         ,         ,         ,         ,         ,         ,         ,         ,         ,         ,         ,         ,         ,         ,         ,         ,         ,         ,         ,         ,         ,         ,         ,         ,         ,         ,         ,         ,         ,         ,  ,         ,         ,         ,         ,         ,         ,         ,  ,         ,         ,         ,         ,         ,         ,         ,  ,         ,         ,         ,         ,         ,         ,         ,  ,         ,         ,         ,         ,         ,         ,         ,  ,         ,         ,         ,         ,         ,         ,         ,  ,         ,         ,         ,         ,         ,         ,         ,274.8400833333333,-25.407183333333332,0.18246335292454335,2.215825740970135,2.21582578900411,4053096388919082368,"Ambiguous with LMXB: V* V4641 Sgr; Gaia: XM=F23=SIMBAD; CXO: XM=F23=SIMBAD; XMM: XM only, F23+SIMBAD absent",4.182173736040274e-07
SAX J1819.3-2525,     0.12,     0.31, 18 19 21.62,-25 24 25.86,0.3,0.3,104.1,2CXO J181921.6-252425,           V4641 SGR, 3800,         ,         ,         ,   0.6184,   0.2242,   0.8876,         ,         ,         ,         ,         ,         ,         ,         ,         ,         ,         ,         ,         ,         ,         ,         ,         ,         ,         ,         ,         ,         ,         ,         ,         ,         ,         ,         ,         ,         ,         ,         ,         ,         ,         ,         ,         ,         ,         ,         ,         ,         ,         ,         ,         ,         ,         ,         ,         ,         ,         ,         ,         ,         ,         ,         ,         ,         ,         ,         ,         ,         ,         ,         ,         ,         ,         ,         ,         ,         ,         ,         ,         ,         ,         , 0,    0.483,    0.221,    0.167,1.049e-05,0.0001955,0.0001919,0.0002818,  ,         ,         ,         ,         ,         ,         ,         ,  ,         ,         ,         ,         ,         ,         ,         ,  ,         ,         ,         ,         ,         ,         ,         ,  ,         ,         ,         ,         ,         ,         ,         ,  ,         ,         ,         ,         ,         ,         ,         ,274.8400833333333,-25.407183333333332,0.18246335292454335,2.215825740970135,2.21582578900411,4053096388919082368,"Ambiguous with LMXB: V* V4641 Sgr; Gaia: XM=F23=SIMBAD; CXO: XM=F23=SIMBAD; XMM: XM only, F23+SIMBAD absent",4.182173736040274e-07
SAX J1819.3-2525,     0.12,     0.31, 18 19 21.62,-25 24 25.86,0.3,0.3,104.1,2CXO J181921.6-252425,            V4641SGR, 4285,   0.5172,   0.0568,   0.8389,   0.9994,   0.4666,   1.0000,   0.9994,   0.0956,   1.0000,         ,         ,         ,         ,         ,         ,         ,         ,         ,         ,         ,         ,         ,         ,         ,         ,         ,         ,         ,         ,         ,         ,         ,         ,         ,         ,         ,         ,         ,         ,         ,         ,         ,         ,         ,         ,         ,         ,         ,         ,         ,         ,         ,         ,         ,         ,         ,         ,         ,         ,         ,         ,         ,         ,         ,         ,         ,         ,         ,         ,         ,         ,         ,         ,         ,         ,         ,         ,         ,         ,         ,         ,  ,         ,         ,         ,         ,         ,         ,         ,  ,         ,         ,         ,         ,         ,         ,         ,  ,         ,         ,         ,         ,         ,         ,         ,  ,         ,         ,         ,         ,         ,         ,         ,  ,         ,         ,         ,         ,         ,         ,         ,  ,         ,         ,         ,         ,         ,         ,         ,274.8400833333333,-25.407183333333332,0.18246335292454335,2.215825740970135,2.21582578900411,4053096388919082368,"Ambiguous with LMXB: V* V4641 Sgr; Gaia: XM=F23=SIMBAD; CXO: XM=F23=SIMBAD; XMM: XM only, F23+SIMBAD absent",4.182173736040274e-07
SAX J1819.3-2525,     0.12,     0.31, 18 19 21.62,-25 24 25.86,0.3,0.3,104.1,2CXO J181921.6-252425,          V 4641 Sgr, 4451,   0.5921,   0.5578,   0.6252,   0.4572,   0.4179,   0.4953,  -0.1861,  -0.2430,  -0.1268,7.048e-13,6.638e-13,7.522e-13,    0.708,    0.619,    0.760,         ,8.235e-07,         ,   0.7168,         ,4.679e-05,4.330e-05,5.033e-05,         ,    4.783,1.055e-12,3.892e-13,1.832e-12,    2.758,    2.682,    3.964,         ,6.682e-07,         ,    1.439,         ,4.957e-06,6.114e-09,7.097e-06,         ,    7.757,5.262e-13,4.981e-13,5.557e-13,    100.0,    81.32,         ,         ,    7.336,    5.142,    9.731,         ,0.0001723,0.0001607,0.0001818,         ,    5.352,         ,         ,         ,         ,         ,         ,         ,         ,         ,         ,         ,         ,         ,         ,         ,         ,         ,         ,         ,         ,         ,         ,         ,         ,10,    1.000,    1.000,    1.000,   0.1188,  0.08154, 0.004544,   0.5956,10,    1.000,    1.000,    1.000,  0.07877,  0.04405, 0.004400,   0.5361, 9,    1.000,    1.000,    1.000,  0.01790,  0.01693, 0.002768,  0.07562,10,    1.000,    1.000,    1.000,  0.02542,  0.02045, 0.001636,   0.1100, 6,    0.927,    0.997,    0.996,0.0005921,0.0009559,0.0005669, 0.003070,  ,         ,         ,         ,         ,         ,         ,         ,274.8400833333333,-25.407183333333332,0.18246335292454335,2.215825740970135,2.21582578900411,4053096388919082368,"Ambiguous with LMXB: V* V4641 Sgr; Gaia: XM=F23=SIMBAD; CXO: XM=F23=SIMBAD; XMM: XM only, F23+SIMBAD absent",4.182173736040274e-07
SAX J1819.3-2525,     0.12,     0.31, 18 19 21.62,-25 24 25.86,0.3,0.3,104.1,2CXO J181921.6-252425,          V 4641 Sgr, 4452,   0.5209,   0.2667,   0.7289,   0.4347,   0.1605,   0.6690,  -0.1212,  -0.4491,   0.2305,         ,         ,         ,         ,         ,         ,         ,         ,         ,         ,         ,         ,         ,         ,         ,         ,         ,         ,         ,         ,         ,         ,         ,         ,         ,         ,         ,         ,         ,         ,         ,         ,         ,         ,         ,         ,         ,         ,         ,         ,         ,         ,         ,         ,         ,         ,         ,         ,         ,         ,         ,         ,         ,         ,         ,         ,         ,         ,         ,         ,         ,         ,         ,         ,         ,         ,         ,         ,         ,         ,         ,         , 1,    0.504,    0.313,    0.433,0.0001113,0.0008537,0.0007783, 0.001624, 0,    0.408,    0.620,    0.141,5.953e-05,0.0004282,0.0003622,0.0004902,  ,         ,         ,         ,         ,         ,         ,         ,  ,         ,         ,         ,         ,         ,         ,         ,  ,         ,         ,         ,         ,         ,         ,         ,  ,         ,         ,         ,         ,         ,         ,         ,274.8400833333333,-25.407183333333332,0.18246335292454335,2.215825740970135,2.21582578900411,4053096388919082368,"Ambiguous with LMXB: V* V4641 Sgr; Gaia: XM=F23=SIMBAD; CXO: XM=F23=SIMBAD; XMM: XM only, F23+SIMBAD absent",4.182173736040274e-07
SAX J1819.3-2525,     0.12,     0.31, 18 19 21.62,-25 24 25.86,0.3,0.3,104.1,2CXO J181921.6-252425,          V 4641 Sgr, 4453,   0.4297,   0.1618,   0.6540,   0.3310,   0.0481,   0.5815,  -0.1199,  -0.4279,   0.2080,         ,         ,         ,         ,         ,         ,         ,         ,         ,         ,         ,         ,         ,         ,         ,         ,         ,         ,         ,         ,         ,         ,         ,         ,         ,         ,         ,         ,         ,         ,         ,         ,         ,         ,         ,         ,         ,         ,         ,         ,         ,         ,         ,         ,         ,         ,         ,         ,         ,         ,         ,         ,         ,         ,         ,         ,         ,         ,         ,         ,         ,         ,         ,         ,         ,         ,         ,         ,         ,         ,         ,         , 0,    0.226,    0.439,    0.529,2.499e-05,0.0004885,0.0004695,0.0006213, 1,    0.641,    0.859,    0.900,4.868e-05,0.0002155,0.0001824,0.0004033, 0,    0.424,    0.283,    0.025,1.143e-05,0.0001366,0.0001293,0.0001930, 0,    0.484,    0.700,    0.383,1.352e-05,0.0001369,0.0001283,0.0002238,  ,         ,         ,         ,         ,         ,         ,         ,  ,         ,         ,         ,         ,         ,         ,         ,274.8400833333333,-25.407183333333332,0.18246335292454335,2.215825740970135,2.21582578900411,4053096388919082368,"Ambiguous with LMXB: V* V4641 Sgr; Gaia: XM=F23=SIMBAD; CXO: XM=F23=SIMBAD; XMM: XM only, F23+SIMBAD absent",4.182173736040274e-07
SAX J2103.5+4545,     0.13,     0.29, 21 03 35.69,+45 45 05.51,0.3,0.29,96.4,2CXO J210335.6+454505,    SAX J2103.5+4545,14648,   0.3973,   0.2854,   0.5016,   0.7383,   0.6290,   0.8289,   0.4785,   0.2967,   0.6402,         ,         ,         ,         ,         ,         ,         ,         ,         ,         ,         ,         ,         ,         ,         ,         ,         ,         ,         ,         ,         ,         ,         ,         ,         ,         ,         ,         ,         ,         ,         ,         ,         ,         ,         ,         ,         ,         ,         ,         ,         ,         ,         ,         ,         ,         ,         ,         ,         ,         ,         ,         ,         ,         ,         ,         ,         ,         ,         ,         ,         ,         ,         ,         ,         ,         ,         ,         ,         ,         ,         ,         , 6,    0.988,    0.383,    0.505, 0.009412,  0.01679, 0.006979,  0.05362, 6,    0.986,    0.478,    0.752, 0.005730, 0.009447, 0.004180,  0.03618, 1,    0.607,    0.753,    0.701, 0.001485, 0.005925, 0.004831,  0.01252, 0,    0.396,    0.044,    0.209,0.0001195, 0.001381, 0.001301, 0.001818,  ,         ,         ,         ,         ,         ,         ,         ,  ,         ,         ,         ,         ,         ,         ,         ,315.89870833333333,45.751530555555554,0.15434991260790007,1.6964693036339153,1.6964693147390608,2162805896614571904,Gaia: XM=F23=SIMBAD; CXO: XM=F23=SIMBAD; XMM: none,8.056123771642587e-07
SAX J2103.5+4545,     0.13,     0.29, 21 03 35.69,+45 45 05.51,0.3,0.29,96.4,2CXO J210335.6+454505,    SAX J2103.5+4545,15780,   0.4735,   0.4416,   0.5053,   0.7470,   0.7152,   0.7789,   0.4235,   0.3604,   0.4866,1.955e-13,1.834e-13,2.060e-13,    1.840,    1.655,    2.049,         ,    118.1,    96.94,    143.9,         ,7.960e-05,6.082e-05,0.0001082,         ,    1.642,1.904e-13,1.813e-13,1.993e-13,   0.9701,   0.9274,    1.014,         ,    31.40,    24.06,    39.95,         ,2.512e-05,2.124e-05,2.987e-05,         ,    1.173,1.915e-13,1.749e-13,2.016e-13,    6.298,    4.808,    9.030,         ,    107.4,    91.04,    125.3,         ,8.252e-05,7.172e-05,9.666e-05,         ,    1.521,         ,         ,         ,         ,         ,         ,         ,         ,         ,         ,         ,         ,         ,         ,         ,         ,         ,         ,         ,         ,         ,         ,         ,         , 0,    0.077,    0.419,    0.586,5.059e-05,  0.01664,  0.01659,  0.01669, 0,    0.442,    0.274,    0.672, 0.002108,  0.01015, 0.008425,  0.02287, 2,    0.787,    0.130,    0.041, 0.001703, 0.005153, 0.003830,  0.01286, 0,    0.346,    0.884,    0.718,8.719e-05, 0.001338, 0.001251, 0.001425,  ,         ,         ,         ,         ,         ,         ,         ,  ,         ,         ,         ,         ,         ,         ,         ,315.89870833333333,45.751530555555554,0.15434991260790007,1.6964693036339153,1.6964693147390608,2162805896614571904,Gaia: XM=F23=SIMBAD; CXO: XM=F23=SIMBAD; XMM: none,8.056123771642587e-07
SAX J2239.3+6116,     0.19,     0.13, 22 39 20.84,+61 16 26.78,0.31,0.3,113.1,2CXO J223920.8+611626,    SAX J2239.3+6116,14650,   0.7096,   0.6327,   0.7801,   0.8819,   0.8139,   0.9363,   0.4472,   0.2067,   0.6602,         ,         ,         ,         ,         ,         ,         ,         ,         ,         ,         ,         ,         ,         ,         ,         ,         ,         ,         ,         ,         ,         ,         ,         ,         ,         ,         ,         ,         ,         ,         ,         ,         ,         ,         ,         ,         ,         ,         ,         ,         ,         ,         ,         ,         ,         ,         ,         ,         ,         ,         ,         ,         ,         ,         ,         ,         ,         ,         ,         ,         ,         ,         ,         ,         ,         ,         ,         ,         ,         ,         ,         , 0,    0.308,    0.799,    0.541, 0.002842,  0.01813,  0.01415,  0.02564, 0,    0.399,    0.623,    0.741, 0.002876,  0.01402,  0.01071,  0.02326, 0,    0.235,    0.300,    0.117,0.0002430, 0.003356, 0.003141, 0.004368, 2,    0.695,    0.969,    0.967,0.0003317,0.0007609,0.0004394, 0.001163,  ,         ,         ,         ,         ,         ,         ,         ,  ,         ,         ,         ,         ,         ,         ,         ,339.8368333333333,61.27410555555556,0.18887132000975876,2.250321492128326,2.2503215081547245,2201091578667140352,Gaia: XM=F23=SIMBAD; CXO: XM=F23=SIMBAD; XMM: none,2.0731316520308724e-06
SGR 0755-2933,     0.01,     0.92, 07 55 42.49,-29 33 53.48,0.29,0.29,0.0,2CXO J075542.4-293353,       SGR 0755-2933,22454,   0.4872,   0.4666,   0.5078,   0.6046,   0.5653,   0.6477,   0.1649,   0.1018,   0.2342,1.289e-12,1.254e-12,1.323e-12,    1.311,    1.219,    1.406,         ,    77.64,    66.85,    89.20,         ,0.0002379,0.0002081,0.0002730,         ,    1.241,1.245e-12,1.211e-12,1.275e-12,    1.223,    1.191,    1.253,         ,2.347e-05,         ,    3.832,         ,6.481e-05,6.019e-05,7.053e-05,         ,    1.392,1.280e-12,1.167e-12,1.361e-12,    56.68,    29.12,    172.7,         ,    74.42,    65.92,    80.26,         ,0.0004723,0.0004470,0.0005419,         ,    1.236,1.309e-12,1.138e-12,1.533e-12,    31.53,    19.96,    80.71,         ,    1.224,   0.5520,    3.496,         ,   0.1260,   0.1095,   0.1454,         ,    80.13,    69.37,    89.68,         , 0.001398, 0.001228, 0.001548,         ,    1.233, 9,    1.000,    1.000,    1.000,  0.01406,  0.07704,  0.05774,   0.1023, 8,    1.000,    1.000,    1.000, 0.009323,  0.05627,  0.04577,  0.07112, 5,    0.708,    0.995,    0.982, 0.002410,  0.01895,  0.01571,  0.02245, 0,    0.399,    0.933,    0.929,0.0003333, 0.002527, 0.002306, 0.004378,  ,         ,         ,         ,         ,         ,         ,         ,  ,         ,         ,         ,         ,         ,         ,         ,118.92704166666665,-29.564855555555557,0.06297709221910049,0.2824854171457531,0.2824854185126516,5597252305589385984,"Gaia: XM=F23=SIMBAD; CXO: XM only, F23+SIMBAD absent; XMM: none",7.137071541373678e-07
SNR 021.5-00.9,     0.05,     0.67, 18 33 28.30,-10 24 08.71,0.31,0.3,31.5,2CXO J183328.3-102408,"G21.5-0.9 [Chip I1, T=120, Offsets=-7,0,-1]", 1719,   0.4472,   0.3854,   0.5053,   0.7520,   0.6902,   0.8101,   0.4560,   0.3417,   0.5678,4.044e-13,3.615e-13,4.415e-13,    1.499,    1.263,    1.756,         ,    78.23,    58.64,    102.4,         ,9.820e-05,7.118e-05,0.0001390,         ,    0.797,3.774e-13,3.341e-13,4.135e-13,    1.031,   0.9445,    1.128,         ,    17.17,    5.903,    30.60,         ,3.920e-05,2.847e-05,5.404e-05,         ,    0.882,4.019e-13,3.539e-13,4.421e-13,    13.58,    7.882,    76.04,         ,    75.49,    57.09,    88.08,         ,0.0001341,0.0001223,0.0001493,         ,    0.777,         ,         ,         ,         ,         ,         ,         ,         ,         ,         ,         ,         ,         ,         ,         ,         ,         ,         ,         ,         ,         ,         ,         ,         , 0,    0.071,    0.887,    0.620,0.0002033,  0.03199,  0.03170,  0.03221, 0,    0.314,    0.969,    0.857, 0.001145,  0.01906,  0.01745,  0.02015, 0,    0.182,    0.087,    0.061,0.0002037,  0.01057,  0.01037,  0.01078, 5,    0.822,    0.303,    0.761,0.0007418, 0.002352, 0.001881, 0.007708,  ,         ,         ,         ,         ,         ,         ,         ,  ,         ,         ,         ,         ,         ,         ,         ,278.36791666666664,-10.402419444444444,0.049070772562864795,0.15861115065332906,0.1586111536309466,4155023796790984064,"Gaia: XM=F23, SIMBAD absent; CXO: XM=F23, SIMBAD absent; XMM: XM=F23, SIMBAD absent",3.159458729825118e-09
SNR 021.5-00.9,     0.05,     0.67, 18 33 28.30,-10 24 08.71,0.31,0.3,31.5,2CXO J183328.3-102408,"G21.5-0.9 [Chip I3, T=110, Offsets=-2,0,2]", 1779,   0.2511,   0.1380,   0.3592,   0.6196,   0.4928,   0.7414,   0.4322,   0.2680,   0.5965,         ,         ,         ,         ,         ,         ,         ,         ,         ,         ,         ,         ,         ,         ,         ,         ,         ,         ,         ,         ,         ,         ,         ,         ,         ,         ,         ,         ,         ,         ,         ,         ,         ,         ,         ,         ,         ,         ,         ,         ,         ,         ,         ,         ,         ,         ,         ,         ,         ,         ,         ,         ,         ,         ,         ,         ,         ,         ,         ,         ,         ,         ,         ,         ,         ,         ,         ,         ,         ,         ,         ,         , 0,    0.268,    0.874,    0.950,0.0005997,  0.01594,  0.01534,  0.01654, 0,    0.331,    0.446,    0.505,0.0004996, 0.007826, 0.007326, 0.008325, 1,    0.513,    0.859,    0.760, 0.001417, 0.006548, 0.005216,  0.01268, 0,    0.476,    0.070,    0.060,0.0001797, 0.001565, 0.001458, 0.002634,  ,         ,         ,         ,         ,         ,         ,         ,  ,         ,         ,         ,         ,         ,         ,         ,278.36791666666664,-10.402419444444444,0.049070772562864795,0.15861115065332906,0.1586111536309466,4155023796790984064,"Gaia: XM=F23, SIMBAD absent; CXO: XM=F23, SIMBAD absent; XMM: XM=F23, SIMBAD absent",3.159458729825118e-09
SNR 021.5-00.9,     0.05,     0.67, 18 33 28.30,-10 24 08.71,0.31,0.3,31.5,2CXO J183328.3-102408,"G21.5-0.9 [Chip I1, T=120, Offsets=-5,0,-1]", 1720,   0.4922,   0.4216,   0.5590,   0.7008,   0.6277,   0.7714,   0.3148,   0.1805,   0.4503,3.206e-13,2.808e-13,3.612e-13,    1.347,    1.060,    1.655,         ,    60.52,    40.05,    85.86,         ,6.249e-05,4.312e-05,9.239e-05,         ,    0.923,2.879e-13,2.436e-13,3.224e-13,    1.009,   0.9117,    1.124,         ,    11.39,         ,    26.75,         ,3.223e-05,2.228e-05,4.651e-05,         ,    0.521,3.360e-13,2.831e-13,3.713e-13,    25.97,    8.426,5.013e+04,         ,    60.42,    43.97,    81.58,         ,0.0001055,9.269e-05,0.0001469,         ,    0.891,2.954e-13,7.267e-14,1.312e-12,    6.658,    3.523,         ,         ,    4.982,         ,         ,         , -0.03481,  -0.9884,    7.275,         ,    89.21,    39.27,    141.5,         ,0.0001750,3.929e-06, 0.001561,         ,    1.166, 0,    0.110,    0.487,    0.887,0.0001643,  0.02594,  0.02577,  0.02610, 0,    0.067,    0.250,    0.444,1.601e-05,  0.01586,  0.01584,  0.01587, 0,    0.169,    0.868,    0.899,0.0004407, 0.007652, 0.007249, 0.008687, 0,    0.207,    0.065,    0.191,0.0001318, 0.002419, 0.002315, 0.002932,  ,         ,         ,         ,         ,         ,         ,         ,  ,         ,         ,         ,         ,         ,         ,         ,278.36791666666664,-10.402419444444444,0.049070772562864795,0.15861115065332906,0.1586111536309466,4155023796790984064,"Gaia: XM=F23, SIMBAD absent; CXO: XM=F23, SIMBAD absent; XMM: XM=F23, SIMBAD absent",3.159458729825118e-09
SNR 021.5-00.9,     0.05,     0.67, 18 33 28.30,-10 24 08.71,0.31,0.3,31.5,2CXO J183328.3-102408,"G21.5-0.9 [Chip I3, T=120, Offsets=-5,0,2]", 1724,   0.3485,   0.2842,   0.4091,   0.6408,   0.5715,   0.7064,   0.3760,   0.2742,   0.4766,4.209e-13,3.806e-13,4.565e-13,    1.629,    1.415,    1.859,         ,    67.56,    52.90,    84.61,         ,0.0001160,8.807e-05,0.0001545,         ,    0.848,3.920e-13,3.490e-13,4.319e-13,   0.9901,   0.9076,    1.082,         ,    7.956,         ,    17.89,         ,4.585e-05,3.377e-05,6.254e-05,         ,    1.316,4.278e-13,3.724e-13,4.655e-13,    11.50,    6.713,    26.92,         ,    58.89,    49.44,    72.05,         ,0.0001363,0.0001244,0.0001545,         ,    0.849,4.285e-13,3.167e-13,5.428e-13,    7.786,    4.496,    22.04,         ,    1.158,         ,         ,         ,  -0.3402,  -0.9519,    7.882,         ,    56.77,    46.56,    71.57,         ,0.0001861,1.426e-05,  0.01101,         ,    0.957, 0,    0.104,    0.503,    0.617,0.0002015,  0.03511,  0.03491,  0.03531, 0,    0.129,    0.184,    0.311,0.0001664,  0.01853,  0.01837,  0.01870, 0,    0.086,    0.228,    0.568,4.814e-05,  0.01292,  0.01284,  0.01298, 0,    0.431,    0.540,    0.629,0.0005433, 0.003655, 0.003285, 0.006749,  ,         ,         ,         ,         ,         ,         ,         ,  ,         ,         ,         ,         ,         ,         ,         ,278.36791666666664,-10.402419444444444,0.049070772562864795,0.15861115065332906,0.1586111536309466,4155023796790984064,"Gaia: XM=F23, SIMBAD absent; CXO: XM=F23, SIMBAD absent; XMM: XM=F23, SIMBAD absent",3.159458729825118e-09
SNR 021.5-00.9,     0.05,     0.67, 18 33 28.30,-10 24 08.71,0.31,0.3,31.5,2CXO J183328.3-102408,"G21.5-0.9 [Chip I1, T=120, Offsets=-4,0,-1]", 1721,   0.3923,   0.3254,   0.4591,   0.6146,   0.5378,   0.6864,   0.2886,   0.1730,   0.4029,3.725e-13,3.283e-13,4.140e-13,    1.694,    1.417,    2.007,         ,    79.04,    56.43,    108.1,         ,0.0001175,8.091e-05,0.0001792,         ,    1.149,3.477e-13,3.099e-13,3.825e-13,   0.9467,   0.8615,    1.041,         ,    12.14,   0.8204,    25.92,         ,4.907e-05,3.462e-05,7.042e-05,         ,    1.259,3.757e-13,3.207e-13,4.078e-13,    9.279,    5.236,    22.67,         ,    68.53,    52.47,    89.48,         ,0.0001307,0.0001147,0.0001614,         ,    1.115,4.571e-13,2.042e-13,7.294e-13,    3.169,    2.469,    17.88,         ,    2.675,   0.7656,         ,         ,  0.02846, -0.03565,  0.05224,         ,    130.3,    72.80,    163.7,         ,0.0003865,5.036e-05,0.0005050,         ,    1.208, 0,    0.076,    0.800,    0.950,2.152e-05,  0.03161,  0.03159,  0.03163, 0,    0.117,    0.460,    0.233,0.0001065,  0.01728,  0.01717,  0.01739, 0,    0.287,    0.861,    0.981, 0.001221,  0.01072, 0.008779,  0.01333, 0,    0.409,    0.346,    0.503,0.0005060, 0.003616, 0.003244, 0.006824,  ,         ,         ,         ,         ,         ,         ,         ,  ,         ,         ,         ,         ,         ,         ,         ,278.36791666666664,-10.402419444444444,0.049070772562864795,0.15861115065332906,0.1586111536309466,4155023796790984064,"Gaia: XM=F23, SIMBAD absent; CXO: XM=F23, SIMBAD absent; XMM: XM=F23, SIMBAD absent",3.159458729825118e-09
SNR 021.5-00.9,     0.05,     0.67, 18 33 28.30,-10 24 08.71,0.31,0.3,31.5,2CXO J183328.3-102408,"G21.5-0.9 [Chip I3, T=120, Offsets=-4,0,2]", 1725,   0.5584,   0.5028,   0.6102,   0.7008,   0.6440,   0.7577,   0.2324,   0.1168,   0.3492,4.665e-13,3.963e-13,5.147e-13,    1.448,    1.168,    1.769,         ,    90.16,    60.67,    128.7,         ,0.0001117,7.397e-05,0.0001781,         ,    1.256,4.641e-13,4.158e-13,5.035e-13,    1.111,    1.022,    1.210,         ,    15.21,    3.111,    30.50,         ,3.615e-05,2.680e-05,4.908e-05,         ,    0.734,4.722e-13,4.141e-13,5.290e-13,    13.58,    7.346,    106.2,         ,    93.71,    66.12,    109.5,         ,0.0001651,0.0001499,0.0001846,         ,    1.194,4.343e-13,1.457e-13,1.951e-12,    11.69,    2.452,    38.59,         ,    4.987,         ,         ,         ,  -0.3712,  -0.9385,    4.487,         ,    79.93,    65.55,    117.8,         ,0.0001439,4.682e-05, 0.002127,         ,    1.331, 0,    0.104,    0.958,    0.851,0.0004136,  0.03484,  0.03424,  0.03522, 1,    0.507,    0.992,    0.984, 0.002481,  0.02231,  0.01876,  0.02471, 0,    0.109,    0.334,    0.524,6.229e-05, 0.009006, 0.008905, 0.009087, 1,    0.518,    0.834,    0.987,0.0006604, 0.003523, 0.002946, 0.006790,  ,         ,         ,         ,         ,         ,         ,         ,  ,         ,         ,         ,         ,         ,         ,         ,278.36791666666664,-10.402419444444444,0.049070772562864795,0.15861115065332906,0.1586111536309466,4155023796790984064,"Gaia: XM=F23, SIMBAD absent; CXO: XM=F23, SIMBAD absent; XMM: XM=F23, SIMBAD absent",3.159458729825118e-09
SNR 021.5-00.9,     0.05,     0.67, 18 33 28.30,-10 24 08.71,0.31,0.3,31.5,2CXO J183328.3-102408,"G21.5-0.9 [Chip S3, T=110, Offsets=-1,0,0]", 1770,   0.3473,   0.2592,   0.4329,   0.7495,   0.6615,   0.8351,   0.5397,   0.3979,   0.6814,         ,         ,         ,         ,         ,         ,         ,         ,         ,         ,         ,         ,         ,         ,         ,         ,         ,         ,         ,         ,         ,         ,         ,         ,         ,         ,         ,         ,         ,         ,         ,         ,         ,         ,         ,         ,         ,         ,         ,         ,         ,         ,         ,         ,         ,         ,         ,         ,         ,         ,         ,         ,         ,         ,         ,         ,         ,         ,         ,         ,         ,         ,         ,         ,         ,         ,         ,         ,         ,         ,         ,         , 0,    0.139,    0.757,    0.716,0.0008784,  0.02096,  0.01912,  0.02207, 0,    0.092,    0.210,    0.526,6.579e-05,  0.01150,  0.01142,  0.01157, 2,    0.805,    0.790,    0.498, 0.003449, 0.008044, 0.003710,  0.01321, 0,    0.404,    0.280,    0.417,0.0001586, 0.001505, 0.001395, 0.002117,  ,         ,         ,         ,         ,         ,         ,         ,  ,         ,         ,         ,         ,         ,         ,         ,278.36791666666664,-10.402419444444444,0.049070772562864795,0.15861115065332906,0.1586111536309466,4155023796790984064,"Gaia: XM=F23, SIMBAD absent; CXO: XM=F23, SIMBAD absent; XMM: XM=F23, SIMBAD absent",3.159458729825118e-09
SNR 021.5-00.9,     0.05,     0.67, 18 33 28.30,-10 24 08.71,0.31,0.3,31.5,2CXO J183328.3-102408,"G21.5-0.9 [Chip S3, T=110, Offsets=-1,0,-3]", 1771,   0.4372,   0.3479,   0.5228,   0.7083,   0.6140,   0.8001,   0.3885,   0.2242,   0.5540,         ,         ,         ,         ,         ,         ,         ,         ,         ,         ,         ,         ,         ,         ,         ,         ,         ,         ,         ,         ,         ,         ,         ,         ,         ,         ,         ,         ,         ,         ,         ,         ,         ,         ,         ,         ,         ,         ,         ,         ,         ,         ,         ,         ,         ,         ,         ,         ,         ,         ,         ,         ,         ,         ,         ,         ,         ,         ,         ,         ,         ,         ,         ,         ,         ,         ,         ,         ,         ,         ,         ,         , 0,    0.069,    0.096,    0.145,4.218e-05,  0.01923,  0.01918,  0.01930, 0,    0.138,    0.502,    0.189,0.0001841,  0.01117,  0.01095,  0.01135, 2,    0.822,    0.976,    0.872, 0.001866, 0.006272, 0.004406, 0.008138,  ,         ,         ,         ,         ,         ,         ,         ,  ,         ,         ,         ,         ,         ,         ,         ,  ,         ,         ,         ,         ,         ,         ,         ,278.36791666666664,-10.402419444444444,0.049070772562864795,0.15861115065332906,0.1586111536309466,4155023796790984064,"Gaia: XM=F23, SIMBAD absent; CXO: XM=F23, SIMBAD absent; XMM: XM=F23, SIMBAD absent",3.159458729825118e-09
SNR 021.5-00.9,     0.05,     0.67, 18 33 28.30,-10 24 08.71,0.31,0.3,31.5,2CXO J183328.3-102408,"G21.5-0.9 [Chip I1, T=120, Offsets=-2,0,-1]", 1722,   0.4472,   0.3791,   0.5141,   0.6558,   0.5815,   0.7264,   0.2923,   0.1693,   0.4154,4.204e-13,3.715e-13,4.630e-13,    1.136,    0.880,    1.413,         ,    51.89,    33.07,    74.92,         ,6.035e-05,4.265e-05,8.706e-05,         ,    0.546,3.852e-13,3.424e-13,4.318e-13,    1.198,    1.075,    1.304,         ,0.0001696,         ,    11.54,         ,2.257e-05,1.777e-05,3.198e-05,         ,    0.949,4.311e-13,3.770e-13,4.710e-13,    100.0,    23.85,         ,         ,    58.27,    48.03,    72.57,         ,0.0001694,0.0001286,0.0001854,         ,    0.567,3.673e-13,1.234e-13,1.511e-12,    54.37,    5.817,         ,         ,    4.972,         ,         ,         ,  0.05121,  -0.9878,   0.9529,         ,    60.17,    49.07,    93.66,         ,0.0003230,1.931e-06,0.0008802,         ,    0.648, 0,    0.176,    0.439,    0.862,0.0004684,  0.02899,  0.02852,  0.02946, 0,    0.119,    0.323,    0.431,0.0009185,  0.01691,  0.01559,  0.01961, 0,    0.292,    0.791,    0.831,0.0006480, 0.009141, 0.007735, 0.009919, 1,    0.552,    0.071,    0.260,0.0005135, 0.002952, 0.002636, 0.006463,  ,         ,         ,         ,         ,         ,         ,         ,  ,         ,         ,         ,         ,         ,         ,         ,278.36791666666664,-10.402419444444444,0.049070772562864795,0.15861115065332906,0.1586111536309466,4155023796790984064,"Gaia: XM=F23, SIMBAD absent; CXO: XM=F23, SIMBAD absent; XMM: XM=F23, SIMBAD absent",3.159458729825118e-09
SNR 021.5-00.9,     0.05,     0.67, 18 33 28.30,-10 24 08.71,0.31,0.3,31.5,2CXO J183328.3-102408,"G21.5-0.9 [Chip I3, T=120, Offsets=-2,0,2]", 1726,   0.4385,   0.3704,   0.5041,   0.6808,   0.6090,   0.7502,   0.3423,   0.2192,   0.4628,4.206e-13,3.723e-13,4.647e-13,    1.174,    0.935,    1.434,         ,    52.16,    33.97,    74.89,         ,6.350e-05,4.583e-05,9.016e-05,         ,    0.434,4.043e-13,3.624e-13,4.451e-13,    1.186,    1.078,    1.281,         ,0.0001109,         ,    10.71,         ,2.395e-05,1.926e-05,3.264e-05,         ,    0.501,4.311e-13,3.858e-13,4.693e-13,    100.0,    20.51,         ,         ,    56.21,    46.16,    72.50,         ,0.0001702,0.0001273,0.0001863,         ,    0.435,4.434e-13,1.954e-13,7.321e-13,    63.84,    16.18,         ,         ,    5.000,         ,         ,         ,   0.3810,  -0.9879,    1.336,         ,    57.52,    47.38,    75.24,         ,0.0004709,9.889e-07, 0.002007,         ,    0.489, 0,    0.049,    0.139,    0.470,1.806e-05,  0.02871,  0.02868,  0.02872, 0,    0.065,    0.457,    0.512,1.695e-05,  0.01670,  0.01668,  0.01672, 0,    0.086,    0.689,    0.418,8.756e-05, 0.009262, 0.009138, 0.009401, 0,    0.345,    0.609,    0.952,0.0004021, 0.002740, 0.002203, 0.003419,  ,         ,         ,         ,         ,         ,         ,         ,  ,         ,         ,         ,         ,         ,         ,         ,278.36791666666664,-10.402419444444444,0.049070772562864795,0.15861115065332906,0.1586111536309466,4155023796790984064,"Gaia: XM=F23, SIMBAD absent; CXO: XM=F23, SIMBAD absent; XMM: XM=F23, SIMBAD absent",3.159458729825118e-09
SNR 021.5-00.9,     0.05,     0.67, 18 33 28.30,-10 24 08.71,0.31,0.3,31.5,2CXO J183328.3-102408,"G21.5-0.9 [Chip S3, T=120, Offsets=-1,0,3]", 1716,   0.4397,   0.3729,   0.5016,   0.7295,   0.6640,   0.7889,   0.4235,   0.3092,   0.5353,4.028e-13,3.591e-13,4.464e-13,    1.448,    1.201,    1.715,         ,    77.14,    57.98,    100.1,         ,9.222e-05,6.624e-05,0.0001306,         ,    1.045,3.736e-13,3.229e-13,4.137e-13,    1.064,   0.9642,    1.177,         ,    16.78,    5.726,    29.96,         ,3.488e-05,2.469e-05,4.928e-05,         ,    1.283,3.963e-13,3.532e-13,4.421e-13,    13.58,    8.563,    396.5,         ,    77.62,    55.43,    90.30,         ,0.0001338,0.0001215,0.0001493,         ,    1.054,5.194e-13,2.001e-13,8.813e-13,    18.97,    8.588,         ,         ,    3.060,         ,         ,         , -0.07093,  -0.9883,    6.344,         ,    71.19,    57.16,    90.35,         ,0.0002738,1.435e-06, 0.007788,         ,    1.235, 0,    0.202,    0.543,    0.413,0.0005889,  0.02989,  0.02930,  0.03048, 0,    0.294,    0.743,    0.382,0.0007042,  0.01706,  0.01636,  0.01777, 0,    0.137,    0.401,    0.789,0.0002226,  0.01013, 0.009758,  0.01035, 0,    0.462,    0.422,    0.321,0.0003854, 0.002694, 0.002436, 0.004362,  ,         ,         ,         ,         ,         ,         ,         ,  ,         ,         ,         ,         ,         ,         ,         ,278.36791666666664,-10.402419444444444,0.049070772562864795,0.15861115065332906,0.1586111536309466,4155023796790984064,"Gaia: XM=F23, SIMBAD absent; CXO: XM=F23, SIMBAD absent; XMM: XM=F23, SIMBAD absent",3.159458729825118e-09
SNR 021.5-00.9,     0.05,     0.67, 18 33 28.30,-10 24 08.71,0.31,0.3,31.5,2CXO J183328.3-102408,"G21.5-0.9 [Chip S3, T=120, Offsets=-1,0,0]", 1717,   0.3560,   0.2867,   0.4216,   0.7808,   0.7177,   0.8401,   0.5871,   0.4816,   0.6889,4.144e-13,3.536e-13,4.586e-13,    1.584,    1.296,    1.898,         ,    92.95,    70.24,    120.0,         ,0.0001167,7.953e-05,0.0001752,         ,    1.117,3.741e-13,3.143e-13,4.175e-13,    1.045,   0.9344,    1.173,         ,    21.97,    9.504,    36.74,         ,3.803e-05,2.569e-05,5.666e-05,         ,    1.739,4.265e-13,3.739e-13,4.712e-13,    15.86,    7.065,    109.5,         ,    81.83,    64.71,    96.99,         ,0.0001438,0.0001307,0.0001583,         ,    1.152,         ,         ,         ,         ,         ,         ,         ,         ,         ,         ,         ,         ,         ,         ,         ,         ,         ,         ,         ,         ,         ,         ,         ,         , 6,    0.982,    0.999,    0.990, 0.007057,  0.03069,  0.02363,  0.03775, 0,    0.273,    0.968,    0.888,0.0007896,  0.01663,  0.01545,  0.01780, 6,    0.964,    0.993,    0.959, 0.003852,  0.01199, 0.008135,  0.01584, 0,    0.392,    0.455,    0.698,0.0002226, 0.002108, 0.001934, 0.003248,  ,         ,         ,         ,         ,         ,         ,         ,  ,         ,         ,         ,         ,         ,         ,         ,278.36791666666664,-10.402419444444444,0.049070772562864795,0.15861115065332906,0.1586111536309466,4155023796790984064,"Gaia: XM=F23, SIMBAD absent; CXO: XM=F23, SIMBAD absent; XMM: XM=F23, SIMBAD absent",3.159458729825118e-09
SNR 021.5-00.9,     0.05,     0.67, 18 33 28.30,-10 24 08.71,0.31,0.3,31.5,2CXO J183328.3-102408,"G21.5-09[S3,-120,-1.0,0,0]", 5166,   0.4222,   0.3529,   0.4866,   0.6796,   0.6040,   0.7489,   0.3585,   0.2355,   0.4791,2.987e-13,2.645e-13,3.274e-13,    1.350,    1.115,    1.604,         ,    57.79,    39.90,    80.03,         ,5.692e-05,4.155e-05,7.962e-05,         ,    1.516,2.963e-13,2.634e-13,3.248e-13,    1.102,    1.000,    1.203,         ,    2.876,         ,    15.33,         ,2.228e-05,1.697e-05,3.097e-05,         ,    1.443,3.077e-13,2.717e-13,3.322e-13,    30.27,    10.69,     1567,         ,    56.60,    41.89,    75.06,         ,9.778e-05,8.628e-05,0.0001316,         ,    1.490,         ,         ,         ,         ,         ,         ,         ,         ,         ,         ,         ,         ,         ,         ,         ,         ,         ,         ,         ,         ,         ,         ,         ,         , 0,    0.194,    0.792,    0.584,0.0004263,  0.02278,  0.02236,  0.02321, 0,    0.124,    0.249,    0.067,9.792e-05,  0.01290,  0.01281,  0.01300, 0,    0.295,    0.744,    0.387,0.0003771, 0.007762, 0.007385, 0.008139, 0,    0.464,    0.488,    0.311,0.0002733, 0.002117, 0.001943, 0.003515,  ,         ,         ,         ,         ,         ,         ,         ,  ,         ,         ,         ,         ,         ,         ,         ,278.36791666666664,-10.402419444444444,0.049070772562864795,0.15861115065332906,0.1586111536309466,4155023796790984064,"Gaia: XM=F23, SIMBAD absent; CXO: XM=F23, SIMBAD absent; XMM: XM=F23, SIMBAD absent",3.159458729825118e-09
SNR 021.5-00.9,     0.05,     0.67, 18 33 28.30,-10 24 08.71,0.31,0.3,31.5,2CXO J183328.3-102408,"G21.5-09[S3,-120,-1.0,0,0]", 6071,   0.4435,   0.3641,   0.5178,   0.6471,   0.5578,   0.7327,   0.2798,   0.1368,   0.4266,2.272e-13,1.978e-13,2.566e-13,    1.409,    1.127,    1.717,         ,    62.98,    40.64,    91.35,         ,4.874e-05,3.319e-05,7.327e-05,         ,    1.402,2.244e-13,1.777e-13,2.769e-13,    1.070,   0.9563,    1.192,         ,    5.207,         ,    21.60,         ,1.937e-05,1.372e-05,2.889e-05,         ,    1.271,2.282e-13,1.877e-13,2.557e-13,    13.58,    7.789,     1862,         ,    66.81,    41.40,    83.17,         ,7.464e-05,6.654e-05,8.519e-05,         ,    1.384,1.930e-13,5.147e-14,9.270e-13,    8.321,    4.481,         ,         ,    1.903,         ,         ,         ,  -0.1249,  -0.9887,    7.190,         ,    70.48,    42.14,    128.1,         ,0.0001483,4.639e-07, 0.004967,         ,    1.798, 0,    0.060,    0.094,    0.026,2.941e-05,  0.01766,  0.01762,  0.01771, 0,    0.207,    0.619,    0.662,0.0002527,  0.01018, 0.009929,  0.01043, 0,    0.096,    0.007,    0.047,8.474e-06, 0.005715, 0.005704, 0.005725, 1,    0.541,    0.675,    0.677,0.0003517, 0.001766, 0.001414, 0.002118,  ,         ,         ,         ,         ,         ,         ,         ,  ,         ,         ,         ,         ,         ,         ,         ,278.36791666666664,-10.402419444444444,0.049070772562864795,0.15861115065332906,0.1586111536309466,4155023796790984064,"Gaia: XM=F23, SIMBAD absent; CXO: XM=F23, SIMBAD absent; XMM: XM=F23, SIMBAD absent",3.159458729825118e-09
SNR 021.5-00.9,     0.05,     0.67, 18 33 28.30,-10 24 08.71,0.31,0.3,31.5,2CXO J183328.3-102408,"G21.5-09[S3,-120,-1.0,0,0]", 6741,   0.3935,   0.3267,   0.4591,   0.7558,   0.6839,   0.8214,   0.5109,   0.3891,   0.6302,3.213e-13,2.844e-13,3.545e-13,    1.827,    1.555,    2.122,         ,    114.5,    90.56,    142.5,         ,0.0001291,8.965e-05,0.0001891,         ,    0.820,3.056e-13,2.649e-13,3.401e-13,    1.033,   0.9368,    1.141,         ,    27.11,    13.74,    42.85,         ,3.285e-05,2.326e-05,4.683e-05,         ,    1.149,3.200e-13,2.711e-13,3.507e-13,    7.767,    5.021,    15.87,         ,    98.55,    80.77,    118.4,         ,0.0001263,0.0001091,0.0001520,         ,    0.816,3.516e-13,1.452e-13,1.352e-12,    5.967,    2.381,    10.64,         ,   0.9423,         ,    3.948,         ,  -0.3017,  -0.8571,    7.787,         ,    95.14,    73.24,    114.8,         ,0.0001840,0.0001148, 0.006866,         ,    0.891, 0,    0.059,    0.747,    0.611,0.0001231,  0.02372,  0.02354,  0.02385, 0,    0.097,    0.379,    0.358,5.813e-07,  0.01364,  0.01364,  0.01364, 0,    0.258,    0.937,    0.796,0.0009998, 0.008547, 0.007532,  0.01311, 1,    0.508,    0.927,    0.626,0.0003270, 0.001519, 0.001209, 0.002042,  ,         ,         ,         ,         ,         ,         ,         ,  ,         ,         ,         ,         ,         ,         ,         ,278.36791666666664,-10.402419444444444,0.049070772562864795,0.15861115065332906,0.1586111536309466,4155023796790984064,"Gaia: XM=F23, SIMBAD absent; CXO: XM=F23, SIMBAD absent; XMM: XM=F23, SIMBAD absent",3.159458729825118e-09
SNR 021.5-00.9,     0.05,     0.67, 18 33 28.30,-10 24 08.71,0.31,0.3,31.5,2CXO J183328.3-102408,"G21.5-0.9 [Chip S3, T=120, Offsets=-1,0,0]", 2873,   0.3798,   0.3042,   0.4503,   0.6958,   0.6140,   0.7751,   0.4260,   0.2967,   0.5565,2.884e-13,2.483e-13,3.228e-13,    1.704,    1.420,    2.014,         ,    84.59,    62.20,    111.7,         ,9.323e-05,6.439e-05,0.0001382,         ,    0.990,2.714e-13,2.286e-13,3.059e-13,   0.9927,   0.8939,    1.103,         ,    15.10,    2.271,    30.61,         ,3.287e-05,2.269e-05,4.804e-05,         ,    1.124,2.925e-13,2.553e-13,3.220e-13,    9.108,    5.161,    24.05,         ,    74.44,    57.27,    95.55,         ,0.0001030,8.977e-05,0.0001259,         ,    0.965,         ,         ,         ,         ,         ,         ,         ,         ,         ,         ,         ,         ,         ,         ,         ,         ,         ,         ,         ,         ,         ,         ,         ,         , 0,    0.184,    0.951,    0.998,0.0006725,  0.02419,  0.02328,  0.02503, 0,    0.100,    0.759,    0.957,0.0001013,  0.01323,  0.01309,  0.01336, 0,    0.131,    0.763,    0.751,0.0001843, 0.008782, 0.008543, 0.009121, 0,    0.413,    0.719,    0.817,0.0004167, 0.002187, 0.001639, 0.002986,  ,         ,         ,         ,         ,         ,         ,         ,  ,         ,         ,         ,         ,         ,         ,         ,278.36791666666664,-10.402419444444444,0.049070772562864795,0.15861115065332906,0.1586111536309466,4155023796790984064,"Gaia: XM=F23, SIMBAD absent; CXO: XM=F23, SIMBAD absent; XMM: XM=F23, SIMBAD absent",3.159458729825118e-09
SNR 021.5-00.9,     0.05,     0.67, 18 33 28.30,-10 24 08.71,0.31,0.3,31.5,2CXO J183328.3-102408,"G21.5-0.9[Chip S3, T=120, Offsets=-1.0,0,0]", 3700,   0.4310,   0.3654,   0.4953,   0.6359,   0.5603,   0.7089,   0.2786,   0.1580,   0.4004,3.591e-13,3.113e-13,3.999e-13,    1.619,    1.343,    1.923,         ,    77.89,    55.31,    106.3,         ,0.0001029,7.118e-05,0.0001541,         ,    0.840,3.292e-13,2.900e-13,3.632e-13,   0.9512,   0.8636,    1.051,         ,    15.10,    2.410,    30.66,         ,4.618e-05,3.216e-05,6.662e-05,         ,    0.922,3.672e-13,3.100e-13,4.145e-13,    11.15,    5.744,    35.19,         ,    69.27,    55.57,    91.33,         ,0.0001223,0.0001093,0.0001483,         ,    0.817,3.980e-13,1.647e-13,7.551e-13,    3.885,    2.845,    15.22,         ,    1.811,   0.2207,    3.152,         ,  0.07821,  0.03613,   0.3041,         ,    108.0,    66.85,    138.4,         ,0.0004202,0.0001232, 0.001589,         ,    0.853, 0,    0.052,    0.374,    0.796,0.0001130,  0.02968,  0.02951,  0.02979, 0,    0.206,    0.744,    0.729,0.0003875,  0.01675,  0.01637,  0.01714, 2,    0.670,    0.560,    0.904, 0.002432, 0.009836, 0.006106,  0.01200, 0,    0.187,    0.355,    0.238,0.0001602, 0.003111, 0.002966, 0.003836,  ,         ,         ,         ,         ,         ,         ,         ,  ,         ,         ,         ,         ,         ,         ,         ,278.36791666666664,-10.402419444444444,0.049070772562864795,0.15861115065332906,0.1586111536309466,4155023796790984064,"Gaia: XM=F23, SIMBAD absent; CXO: XM=F23, SIMBAD absent; XMM: XM=F23, SIMBAD absent",3.159458729825118e-09
SNR 021.5-00.9,     0.05,     0.67, 18 33 28.30,-10 24 08.71,0.31,0.3,31.5,2CXO J183328.3-102408,"G21.5-09[S3,-120,-1.0,0,0]", 5159,   0.4322,   0.3354,   0.5240,   0.6846,   0.5753,   0.7914,   0.3498,   0.1693,   0.5378,         ,         ,         ,         ,         ,         ,         ,         ,         ,         ,         ,         ,         ,         ,         ,         ,         ,         ,         ,         ,         ,         ,         ,         ,         ,         ,         ,         ,         ,         ,         ,         ,         ,         ,         ,         ,         ,         ,         ,         ,         ,         ,         ,         ,         ,         ,         ,         ,         ,         ,         ,         ,         ,         ,         ,         ,         ,         ,         ,         ,         ,         ,         ,         ,         ,         ,         ,         ,         ,         ,         ,         , 0,    0.090,    0.594,    0.354,0.0001297,  0.01495,  0.01477,  0.01513, 0,    0.254,    0.871,    0.558,0.0004495, 0.008560, 0.008124, 0.009190, 0,    0.297,    0.529,    0.900,0.0005025, 0.005024, 0.004580, 0.007338,  ,         ,         ,         ,         ,         ,         ,         ,  ,         ,         ,         ,         ,         ,         ,         ,  ,         ,         ,         ,         ,         ,         ,         ,278.36791666666664,-10.402419444444444,0.049070772562864795,0.15861115065332906,0.1586111536309466,4155023796790984064,"Gaia: XM=F23, SIMBAD absent; CXO: XM=F23, SIMBAD absent; XMM: XM=F23, SIMBAD absent",3.159458729825118e-09
SNR 021.5-00.9,     0.05,     0.67, 18 33 28.30,-10 24 08.71,0.31,0.3,31.5,2CXO J183328.3-102408,"G21.5-09[I3,-120,-2.5,2.5,0]", 8371,   0.4922,   0.4179,   0.5640,   0.6983,   0.6090,   0.7826,   0.3061,   0.1468,   0.4703,2.550e-13,2.222e-13,2.869e-13,    0.933,    0.621,    1.263,         ,    36.86,    15.31,    62.24,         ,2.748e-05,1.806e-05,4.216e-05,         ,    1.458,2.246e-13,1.914e-13,2.504e-13,    1.239,    1.111,    1.397,         ,3.992e-05,         ,    7.315,         ,1.204e-05,8.638e-06,1.643e-05,         ,    2.300,2.516e-13,2.242e-13,2.790e-13,    100.0,    31.11,         ,         ,    56.04,    43.66,    70.77,         ,9.919e-05,7.695e-05,0.0001100,         ,    1.596,2.508e-13,2.096e-13,2.821e-13,    16.24,    6.647,    50.45,         ,    5.000,    2.418,         ,         ,   0.1473, -0.01825,   0.1900,         ,    67.68,    51.77,    94.25,         ,0.0001706,0.0001247,0.0002163,         ,    1.807, 0,    0.125,    0.709,    0.788,0.0001476,  0.01732,  0.01718,  0.01747, 0,    0.117,    0.722,    0.858,5.708e-05,  0.01105,  0.01099,  0.01111, 0,    0.122,    0.076,    0.162,4.318e-05, 0.004982, 0.004928, 0.005043, 1,    0.638,    0.794,    0.922,0.0002574, 0.001294, 0.001141, 0.002948,  ,         ,         ,         ,         ,         ,         ,         ,  ,         ,         ,         ,         ,         ,         ,         ,278.36791666666664,-10.402419444444444,0.049070772562864795,0.15861115065332906,0.1586111536309466,4155023796790984064,"Gaia: XM=F23, SIMBAD absent; CXO: XM=F23, SIMBAD absent; XMM: XM=F23, SIMBAD absent",3.159458729825118e-09
SNR 021.5-00.9,     0.05,     0.67, 18 33 28.30,-10 24 08.71,0.31,0.3,31.5,2CXO J183328.3-102408,"G21.5-09[I3,-120,-2.5,2.5,0]", 5158,   0.4172,   0.3317,   0.4991,   0.7146,   0.6190,   0.8039,   0.4185,   0.2567,   0.5778,         ,         ,         ,         ,         ,         ,         ,         ,         ,         ,         ,         ,         ,         ,         ,         ,         ,         ,         ,         ,         ,         ,         ,         ,         ,         ,         ,         ,         ,         ,         ,         ,         ,         ,         ,         ,         ,         ,         ,         ,         ,         ,         ,         ,         ,         ,         ,         ,         ,         ,         ,         ,         ,         ,         ,         ,         ,         ,         ,         ,         ,         ,         ,         ,         ,         ,         ,         ,         ,         ,         ,         , 0,    0.080,    0.340,    0.771,6.373e-05,  0.01478,  0.01468,  0.01486, 0,    0.102,    0.129,    0.397,5.770e-05, 0.008846, 0.008750, 0.008920, 0,    0.238,    0.315,    0.475,0.0004261, 0.004924, 0.004581, 0.007063, 0,    0.358,    0.483,    0.283,6.807e-05, 0.001005,0.0009611, 0.001294,  ,         ,         ,         ,         ,         ,         ,         ,  ,         ,         ,         ,         ,         ,         ,         ,278.36791666666664,-10.402419444444444,0.049070772562864795,0.15861115065332906,0.1586111536309466,4155023796790984064,"Gaia: XM=F23, SIMBAD absent; CXO: XM=F23, SIMBAD absent; XMM: XM=F23, SIMBAD absent",3.159458729825118e-09
SNR 021.5-00.9,     0.05,     0.67, 18 33 28.30,-10 24 08.71,0.31,0.3,31.5,2CXO J183328.3-102408,"G21.5-09[I3,-120,-2.5,2.5,0]", 5165,   0.4210,   0.3267,   0.5103,   0.7021,   0.5965,   0.8001,   0.3910,   0.2155,   0.5653,         ,         ,         ,         ,         ,         ,         ,         ,         ,         ,         ,         ,         ,         ,         ,         ,         ,         ,         ,         ,         ,         ,         ,         ,         ,         ,         ,         ,         ,         ,         ,         ,         ,         ,         ,         ,         ,         ,         ,         ,         ,         ,         ,         ,         ,         ,         ,         ,         ,         ,         ,         ,         ,         ,         ,         ,         ,         ,         ,         ,         ,         ,         ,         ,         ,         ,         ,         ,         ,         ,         ,         , 0,    0.238,    0.898,    0.779,0.0003901,  0.01289,  0.01250,  0.01328, 5,    0.699,    0.899,    0.757, 0.002472, 0.007693, 0.005796,  0.02279, 0,    0.254,    0.792,    0.628,0.0002129, 0.004242, 0.004022, 0.004511, 0,    0.390,    0.329,    0.295,6.929e-05,0.0009353,0.0008941, 0.001227,  ,         ,         ,         ,         ,         ,         ,         ,  ,         ,         ,         ,         ,         ,         ,         ,278.36791666666664,-10.402419444444444,0.049070772562864795,0.15861115065332906,0.1586111536309466,4155023796790984064,"Gaia: XM=F23, SIMBAD absent; CXO: XM=F23, SIMBAD absent; XMM: XM=F23, SIMBAD absent",3.159458729825118e-09
SNR 021.5-00.9,     0.05,     0.67, 18 33 28.30,-10 24 08.71,0.31,0.3,31.5,2CXO J183328.3-102408,"G21.5-09[I3,-120,-2.5,2.5,0]", 6070,   0.4022,   0.3167,   0.4828,   0.5909,   0.4891,   0.6902,   0.2423,   0.0918,   0.3966,2.389e-13,2.048e-13,2.714e-13,    1.195,    0.888,    1.530,         ,    42.73,    20.34,    70.91,         ,3.655e-05,2.417e-05,5.695e-05,         ,    1.379,2.157e-13,1.894e-13,2.409e-13,    1.090,   0.9883,    1.206,         ,1.015e-05,         ,    8.603,         ,1.771e-05,1.314e-05,2.396e-05,         ,    1.792,2.486e-13,2.065e-13,2.792e-13,    100.0,    15.22,         ,         ,    45.03,    33.35,    65.30,         ,9.511e-05,6.826e-05,0.0001060,         ,    1.382,5.634e-13,1.902e-13,7.042e-13,    63.99,    9.108,         ,         ,   0.4069,         ,    37.84,         ,  0.04281,  -0.9895,    3.038,         ,    47.14,    33.85,    70.88,         ,0.0002752,3.898e-07, 0.002055,         ,    1.934, 0,    0.108,    0.169,    0.060,9.113e-05,  0.01708,  0.01698,  0.01717, 0,    0.146,    0.110,    0.086,0.0001067, 0.009712, 0.009605, 0.009819, 0,    0.096,    0.274,    0.388,4.169e-05, 0.005656, 0.005590, 0.005693, 0,    0.238,    0.208,    0.041,9.167e-05, 0.001708, 0.001644, 0.002067,  ,         ,         ,         ,         ,         ,         ,         ,  ,         ,         ,         ,         ,         ,         ,         ,278.36791666666664,-10.402419444444444,0.049070772562864795,0.15861115065332906,0.1586111536309466,4155023796790984064,"Gaia: XM=F23, SIMBAD absent; CXO: XM=F23, SIMBAD absent; XMM: XM=F23, SIMBAD absent",3.159458729825118e-09
SNR 021.5-00.9,     0.05,     0.67, 18 33 28.30,-10 24 08.71,0.31,0.3,31.5,2CXO J183328.3-102408,"G21.5-09[I3,-120,-2.5,2.5,0]", 6740,   0.3573,   0.2892,   0.4229,   0.7733,   0.7014,   0.8413,   0.5721,   0.4516,   0.6889,3.434e-13,2.995e-13,3.810e-13,    1.637,    1.373,    1.918,         ,    87.75,    66.93,    111.4,         ,0.0001024,7.238e-05,0.0001462,         ,    1.079,3.205e-13,2.754e-13,3.539e-13,    1.036,   0.9351,    1.152,         ,    15.58,    2.829,    30.31,         ,3.266e-05,2.268e-05,4.722e-05,         ,    1.663,3.580e-13,2.701e-13,4.023e-13,    12.87,    6.618,    44.65,         ,    75.88,    60.42,    94.41,         ,0.0001173,0.0001068,0.0001302,         ,    1.114,         ,         ,         ,         ,         ,         ,         ,         ,         ,         ,         ,         ,         ,         ,         ,         ,         ,         ,         ,         ,         ,         ,         ,         , 0,    0.060,    0.722,    0.747,0.0001124,  0.02473,  0.02459,  0.02489, 0,    0.127,    0.539,    0.600,0.0001816,  0.01444,  0.01421,  0.01465, 0,    0.109,    0.331,    0.576,0.0004186, 0.009068, 0.008695,  0.01113, 1,    0.508,    0.154,    0.394,0.0001536, 0.001237, 0.001156, 0.002166,  ,         ,         ,         ,         ,         ,         ,         ,  ,         ,         ,         ,         ,         ,         ,         ,278.36791666666664,-10.402419444444444,0.049070772562864795,0.15861115065332906,0.1586111536309466,4155023796790984064,"Gaia: XM=F23, SIMBAD absent; CXO: XM=F23, SIMBAD absent; XMM: XM=F23, SIMBAD absent",3.159458729825118e-09
SNR 021.5-00.9,     0.05,     0.67, 18 33 28.30,-10 24 08.71,0.31,0.3,31.5,2CXO J183328.3-102408,"G21.5-0.9 [Chip S2, T=110, Offsets=5,0,1]", 1780,   0.4247,   0.3342,   0.5103,   0.6846,   0.5853,   0.7764,   0.3598,   0.1980,   0.5215,         ,         ,         ,         ,         ,         ,         ,         ,         ,         ,         ,         ,         ,         ,         ,         ,         ,         ,         ,         ,         ,         ,         ,         ,         ,         ,         ,         ,         ,         ,         ,         ,         ,         ,         ,         ,         ,         ,         ,         ,         ,         ,         ,         ,         ,         ,         ,         ,         ,         ,         ,         ,         ,         ,         ,         ,         ,         ,         ,         ,         ,         ,         ,         ,         ,         ,         ,         ,         ,         ,         ,         , 0,    0.064,    0.509,    0.644,8.266e-05,  0.01860,  0.01851,  0.01871, 0,    0.140,    0.752,    0.532,0.0001738,  0.01078,  0.01056,  0.01096, 0,    0.275,    0.460,    0.504,0.0002941, 0.006153, 0.005859, 0.006447, 0,    0.414,    0.544,    0.925,0.0001834, 0.001678, 0.001544, 0.002455,  ,         ,         ,         ,         ,         ,         ,         ,  ,         ,         ,         ,         ,         ,         ,         ,278.36791666666664,-10.402419444444444,0.049070772562864795,0.15861115065332906,0.1586111536309466,4155023796790984064,"Gaia: XM=F23, SIMBAD absent; CXO: XM=F23, SIMBAD absent; XMM: XM=F23, SIMBAD absent",3.159458729825118e-09
SNR 021.5-00.9,     0.05,     0.67, 18 33 28.30,-10 24 08.71,0.31,0.3,31.5,2CXO J183328.3-102408,"G21.5-0.9 [Chip S2, T=110, Offsets=5,0,0]", 1781,   0.5659,   0.4853,   0.6402,   0.8395,   0.7676,   0.9026,   0.5147,   0.3354,   0.6814,         ,         ,         ,         ,         ,         ,         ,         ,         ,         ,         ,         ,         ,         ,         ,         ,         ,         ,         ,         ,         ,         ,         ,         ,         ,         ,         ,         ,         ,         ,         ,         ,         ,         ,         ,         ,         ,         ,         ,         ,         ,         ,         ,         ,         ,         ,         ,         ,         ,         ,         ,         ,         ,         ,         ,         ,         ,         ,         ,         ,         ,         ,         ,         ,         ,         ,         ,         ,         ,         ,         ,         , 0,    0.101,    0.281,    0.231,4.131e-05,  0.01818,  0.01814,  0.01822, 0,    0.102,    0.782,    0.662,8.298e-05,  0.01222,  0.01209,  0.01233, 0,    0.229,    0.380,    0.296,0.0004085, 0.004994, 0.004638, 0.006829, 0,    0.467,    0.021,    0.090,9.939e-05,0.0009716,0.0009143, 0.001485,  ,         ,         ,         ,         ,         ,         ,         ,  ,         ,         ,         ,         ,         ,         ,         ,278.36791666666664,-10.402419444444444,0.049070772562864795,0.15861115065332906,0.1586111536309466,4155023796790984064,"Gaia: XM=F23, SIMBAD absent; CXO: XM=F23, SIMBAD absent; XMM: XM=F23, SIMBAD absent",3.159458729825118e-09
SNR 021.5-00.9,     0.05,     0.67, 18 33 28.30,-10 24 08.71,0.31,0.3,31.5,2CXO J183328.3-102408,"G21.5-0.9 [Chip S2, T=110, Offsets=5,0,-3]", 1782,   0.2898,   0.1943,   0.3816,   0.8195,   0.7314,   0.8951,   0.6908,   0.5565,   0.8139,         ,         ,         ,         ,         ,         ,         ,         ,         ,         ,         ,         ,         ,         ,         ,         ,         ,         ,         ,         ,         ,         ,         ,         ,         ,         ,         ,         ,         ,         ,         ,         ,         ,         ,         ,         ,         ,         ,         ,         ,         ,         ,         ,         ,         ,         ,         ,         ,         ,         ,         ,         ,         ,         ,         ,         ,         ,         ,         ,         ,         ,         ,         ,         ,         ,         ,         ,         ,         ,         ,         ,         , 0,    0.073,    0.692,    0.490,6.453e-05,  0.01859,  0.01852,  0.01867, 1,    0.537,    0.247,    0.562, 0.002652, 0.009787, 0.005485,  0.01577, 0,    0.204,    0.882,    0.718,0.0003106, 0.007825, 0.007503, 0.008251,  ,         ,         ,         ,         ,         ,         ,         ,  ,         ,         ,         ,         ,         ,         ,         ,  ,         ,         ,         ,         ,         ,         ,         ,278.36791666666664,-10.402419444444444,0.049070772562864795,0.15861115065332906,0.1586111536309466,4155023796790984064,"Gaia: XM=F23, SIMBAD absent; CXO: XM=F23, SIMBAD absent; XMM: XM=F23, SIMBAD absent",3.159458729825118e-09
SNR 021.5-00.9,     0.05,     0.67, 18 33 28.30,-10 24 08.71,0.31,0.3,31.5,2CXO J183328.3-102408,"G21.5-0.9[Chip S3, T=120, Offsets=-1,5,11.7]", 4353,   0.5709,   0.5253,   0.6152,   0.8057,   0.7614,   0.8476,   0.4322,   0.3267,   0.5365,6.565e-13,5.995e-13,7.085e-13,    0.926,    0.730,    1.131,         ,    64.70,    48.58,    83.55,         ,7.218e-05,5.505e-05,9.533e-05,         ,    1.451,6.153e-13,5.516e-13,6.697e-13,    1.390,    1.266,    1.535,         ,    12.42,    2.895,    23.44,         ,2.249e-05,1.687e-05,2.979e-05,         ,    1.722,6.254e-13,5.801e-13,6.762e-13,    100.0,    50.99,         ,         ,    88.24,    77.37,    100.9,         ,0.0002669,0.0002175,0.0002873,         ,    1.582,5.559e-13,1.831e-13,2.047e-12,    64.00,    16.55,         ,         ,    5.000,         ,         ,         ,  0.04044,  -0.9899,   0.3085,         ,    89.32,    74.38,    111.1,         ,0.0005197,1.380e-06, 0.001700,         ,    1.744, 0,    0.078,    0.022,    0.070,0.0001157,  0.03990,  0.03978,  0.04001, 0,    0.092,    0.069,    0.025,0.0001074,  0.02649,  0.02638,  0.02660, 0,    0.072,    0.026,    0.037,1.104e-05,  0.01083,  0.01082,  0.01085, 6,    0.924,    0.790,    0.893, 0.001246, 0.002568, 0.001590, 0.005938,  ,         ,         ,         ,         ,         ,         ,         ,  ,         ,         ,         ,         ,         ,         ,         ,278.36791666666664,-10.402419444444444,0.049070772562864795,0.15861115065332906,0.1586111536309466,4155023796790984064,"Gaia: XM=F23, SIMBAD absent; CXO: XM=F23, SIMBAD absent; XMM: XM=F23, SIMBAD absent",3.159458729825118e-09
SNR 021.5-00.9,     0.05,     0.67, 18 33 28.30,-10 24 08.71,0.31,0.3,31.5,2CXO J183328.3-102408,"G21.5-0.9[Chip S3, T=120, Offsets=-1,10,-17]", 4354,   0.5422,   0.4878,   0.5965,   0.7520,   0.6914,   0.8101,   0.3473,   0.2230,   0.4766,4.845e-13,4.256e-13,5.385e-13,    0.940,    0.688,    1.216,         ,    49.52,    29.62,    74.62,         ,5.395e-05,3.819e-05,7.839e-05,         ,    1.192,3.681e-13,2.105e-13,4.534e-13,    1.267,    1.129,    1.398,         ,    1.840,         ,    15.38,         ,2.143e-05,1.630e-05,3.087e-05,         ,    1.433,4.777e-13,4.283e-13,5.230e-13,    99.99,    35.28,         ,         ,    72.52,    60.42,    86.99,         ,0.0001965,0.0001573,0.0002148,         ,    1.276,4.307e-13,1.267e-13,1.686e-12,    7.861,    3.900,         ,         ,    4.207,         ,         ,         ,  -0.6884,  -0.9874,   0.9560,         ,    68.75,    55.38,    87.44,         ,4.742e-05,8.547e-07,0.0001373,         ,    1.408, 0,    0.100,    0.270,    0.551,0.0001699,  0.03145,  0.03128,  0.03162, 0,    0.175,    0.548,    0.708,0.0003262,  0.01980,  0.01947,  0.02013, 0,    0.094,    0.614,    0.306,5.380e-05, 0.008767, 0.008707, 0.008833, 0,    0.157,    0.644,    0.797,0.0001085, 0.002889, 0.002721, 0.003007,  ,         ,         ,         ,         ,         ,         ,         ,  ,         ,         ,         ,         ,         ,         ,         ,278.36791666666664,-10.402419444444444,0.049070772562864795,0.15861115065332906,0.1586111536309466,4155023796790984064,"Gaia: XM=F23, SIMBAD absent; CXO: XM=F23, SIMBAD absent; XMM: XM=F23, SIMBAD absent",3.159458729825118e-09
SNR 021.5-00.9,     0.05,     0.67, 18 33 28.30,-10 24 08.71,0.31,0.3,31.5,2CXO J183328.3-102408,"G21.5-0.9[Chip S3, T=120, Offsets=-1,15,-2]", 4355,   0.4222,   0.3592,   0.4841,   0.6621,   0.5890,   0.7327,   0.3285,   0.2130,   0.4478,5.517e-13,4.912e-13,6.077e-13,    1.375,    1.126,    1.643,         ,    71.98,    54.39,    92.92,         ,0.0001131,8.249e-05,0.0001574,         ,    0.885,4.889e-13,4.215e-13,5.480e-13,    1.092,   0.9791,    1.222,         ,    14.76,    4.174,    27.30,         ,4.209e-05,2.958e-05,6.034e-05,         ,    1.301,5.756e-13,5.171e-13,6.242e-13,    40.70,    11.97,1.840e+04,         ,    66.91,    54.33,    83.16,         ,0.0001954,0.0001671,0.0002548,         ,    0.895,5.661e-13,1.707e-13,2.251e-12,    34.46,    8.043,         ,         ,    3.748,         ,         ,         , 0.005130,  -0.9907,    3.776,         ,    66.70,    55.45,    88.30,         ,0.0004223,8.839e-07, 0.005508,         ,    0.981, 0,    0.057,    0.929,    0.696,0.0002155,  0.03793,  0.03763,  0.03821, 0,    0.066,    0.958,    0.882,0.0001614,  0.02108,  0.02095,  0.02134, 0,    0.081,    0.546,    0.754,5.067e-05,  0.01246,  0.01239,  0.01252, 0,    0.175,    0.632,    0.395,0.0002549, 0.004366, 0.004181, 0.005460,  ,         ,         ,         ,         ,         ,         ,         ,  ,         ,         ,         ,         ,         ,         ,         ,278.36791666666664,-10.402419444444444,0.049070772562864795,0.15861115065332906,0.1586111536309466,4155023796790984064,"Gaia: XM=F23, SIMBAD absent; CXO: XM=F23, SIMBAD absent; XMM: XM=F23, SIMBAD absent",3.159458729825118e-09
SNR 021.5-00.9,     0.05,     0.67, 18 33 28.30,-10 24 08.71,0.31,0.3,31.5,2CXO J183328.3-102408,       SNR G21.5-0.9,  142,         ,         ,         ,         ,         ,         ,         ,         ,         ,         ,         ,         ,         ,         ,         ,         ,         ,         ,         ,         ,         ,         ,         ,         ,         ,         ,         ,         ,         ,         ,         ,         ,         ,         ,         ,         ,         ,         ,         ,         ,         ,         ,         ,         ,         ,         ,         ,         ,         ,         ,         ,         ,         ,         ,         ,         ,         ,         ,         ,         ,         ,         ,         ,         ,         ,         ,         ,         ,         ,         ,         ,         ,         ,         ,         ,         ,         ,         ,         ,         ,         ,  ,         ,         ,         ,         ,         ,         ,         ,  ,         ,         ,         ,         ,         ,         ,         ,  ,         ,         ,         ,         ,         ,         ,         ,  ,         ,         ,         ,         ,         ,         ,         ,  ,         ,         ,         ,         ,         ,         ,         , 0,    0.141,    0.914,    0.972,0.0002754,  0.01741,  0.01703,  0.01770,278.36791666666664,-10.402419444444444,0.049070772562864795,0.15861115065332906,0.1586111536309466,4155023796790984064,"Gaia: XM=F23, SIMBAD absent; CXO: XM=F23, SIMBAD absent; XMM: XM=F23, SIMBAD absent",3.159458729825118e-09
SNR 021.5-00.9,     0.05,     0.67, 18 33 28.30,-10 24 08.71,0.31,0.3,31.5,2CXO J183328.3-102408,       SNR G21.5-0.9,  144,         ,         ,         ,         ,         ,         ,         ,         ,         ,         ,         ,         ,         ,         ,         ,         ,         ,         ,         ,         ,         ,         ,         ,         ,         ,         ,         ,         ,         ,         ,         ,         ,         ,         ,         ,         ,         ,         ,         ,         ,         ,         ,         ,         ,         ,         ,         ,         ,         ,         ,         ,         ,         ,         ,         ,         ,         ,         ,         ,         ,         ,         ,         ,         ,         ,         ,         ,         ,         ,         ,         ,         ,         ,         ,         ,         ,         ,         ,         ,         ,         ,  ,         ,         ,         ,         ,         ,         ,         ,  ,         ,         ,         ,         ,         ,         ,         ,  ,         ,         ,         ,         ,         ,         ,         ,  ,         ,         ,         ,         ,         ,         ,         ,  ,         ,         ,         ,         ,         ,         ,         , 0,    0.136,    0.970,    0.991,0.0001964,  0.01902,  0.01884,  0.01927,278.36791666666664,-10.402419444444444,0.049070772562864795,0.15861115065332906,0.1586111536309466,4155023796790984064,"Gaia: XM=F23, SIMBAD absent; CXO: XM=F23, SIMBAD absent; XMM: XM=F23, SIMBAD absent",3.159458729825118e-09
SNR 021.5-00.9,     0.05,     0.67, 18 33 28.30,-10 24 08.71,0.31,0.3,31.5,2CXO J183328.3-102408,       SNR G21.5-0.9, 1555,         ,         ,         ,         ,         ,         ,         ,         ,         ,         ,         ,         ,         ,         ,         ,         ,         ,         ,         ,         ,         ,         ,         ,         ,         ,         ,         ,         ,         ,         ,         ,         ,         ,         ,         ,         ,         ,         ,         ,         ,         ,         ,         ,         ,         ,         ,         ,         ,         ,         ,         ,         ,         ,         ,         ,         ,         ,         ,         ,         ,         ,         ,         ,         ,         ,         ,         ,         ,         ,         ,         ,         ,         ,         ,         ,         ,         ,         ,         ,         ,         ,  ,         ,         ,         ,         ,         ,         ,         ,  ,         ,         ,         ,         ,         ,         ,         ,  ,         ,         ,         ,         ,         ,         ,         ,  ,         ,         ,         ,         ,         ,         ,         ,  ,         ,         ,         ,         ,         ,         ,         , 0,    0.091,    0.856,    0.930,0.0003040,  0.01568,  0.01521,  0.01613,278.36791666666664,-10.402419444444444,0.049070772562864795,0.15861115065332906,0.1586111536309466,4155023796790984064,"Gaia: XM=F23, SIMBAD absent; CXO: XM=F23, SIMBAD absent; XMM: XM=F23, SIMBAD absent",3.159458729825118e-09
SNR 021.5-00.9,     0.05,     0.67, 18 33 28.30,-10 24 08.71,0.31,0.3,31.5,2CXO J183328.3-102408,       SNR G21.5-0.9, 1556,         ,         ,         ,         ,         ,         ,         ,         ,         ,         ,         ,         ,         ,         ,         ,         ,         ,         ,         ,         ,         ,         ,         ,         ,         ,         ,         ,         ,         ,         ,         ,         ,         ,         ,         ,         ,         ,         ,         ,         ,         ,         ,         ,         ,         ,         ,         ,         ,         ,         ,         ,         ,         ,         ,         ,         ,         ,         ,         ,         ,         ,         ,         ,         ,         ,         ,         ,         ,         ,         ,         ,         ,         ,         ,         ,         ,         ,         ,         ,         ,         ,  ,         ,         ,         ,         ,         ,         ,         ,  ,         ,         ,         ,         ,         ,         ,         ,  ,         ,         ,         ,         ,         ,         ,         ,  ,         ,         ,         ,         ,         ,         ,         ,  ,         ,         ,         ,         ,         ,         ,         , 0,    0.236,    0.907,    0.851,0.0004948,  0.01697,  0.01643,  0.01761,278.36791666666664,-10.402419444444444,0.049070772562864795,0.15861115065332906,0.1586111536309466,4155023796790984064,"Gaia: XM=F23, SIMBAD absent; CXO: XM=F23, SIMBAD absent; XMM: XM=F23, SIMBAD absent",3.159458729825118e-09
SNR 021.5-00.9,     0.05,     0.67, 18 33 28.30,-10 24 08.71,0.31,0.3,31.5,2CXO J183328.3-102408,       SNR G21.5-0.9, 2867,         ,         ,         ,         ,         ,         ,         ,         ,         ,         ,         ,         ,         ,         ,         ,         ,         ,         ,         ,         ,         ,         ,         ,         ,         ,         ,         ,         ,         ,         ,         ,         ,         ,         ,         ,         ,         ,         ,         ,         ,         ,         ,         ,         ,         ,         ,         ,         ,         ,         ,         ,         ,         ,         ,         ,         ,         ,         ,         ,         ,         ,         ,         ,         ,         ,         ,         ,         ,         ,         ,         ,         ,         ,         ,         ,         ,         ,         ,         ,         ,         ,  ,         ,         ,         ,         ,         ,         ,         ,  ,         ,         ,         ,         ,         ,         ,         ,  ,         ,         ,         ,         ,         ,         ,         ,  ,         ,         ,         ,         ,         ,         ,         ,  ,         ,         ,         ,         ,         ,         ,         , 0,    0.068,    0.142,    0.397,2.462e-05,  0.01798,  0.01796,  0.01801,278.36791666666664,-10.402419444444444,0.049070772562864795,0.15861115065332906,0.1586111536309466,4155023796790984064,"Gaia: XM=F23, SIMBAD absent; CXO: XM=F23, SIMBAD absent; XMM: XM=F23, SIMBAD absent",3.159458729825118e-09
SNR 021.5-00.9,     0.05,     0.67, 18 33 28.30,-10 24 08.71,0.31,0.3,31.5,2CXO J183328.3-102408,       SNR G21.5-0.9, 2874,         ,         ,         ,         ,         ,         ,         ,         ,         ,         ,         ,         ,         ,         ,         ,         ,         ,         ,         ,         ,         ,         ,         ,         ,         ,         ,         ,         ,         ,         ,         ,         ,         ,         ,         ,         ,         ,         ,         ,         ,         ,         ,         ,         ,         ,         ,         ,         ,         ,         ,         ,         ,         ,         ,         ,         ,         ,         ,         ,         ,         ,         ,         ,         ,         ,         ,         ,         ,         ,         ,         ,         ,         ,         ,         ,         ,         ,         ,         ,         ,         ,  ,         ,         ,         ,         ,         ,         ,         ,  ,         ,         ,         ,         ,         ,         ,         ,  ,         ,         ,         ,         ,         ,         ,         ,  ,         ,         ,         ,         ,         ,         ,         ,  ,         ,         ,         ,         ,         ,         ,         , 0,    0.059,    0.536,    0.611,2.995e-06,  0.02009,  0.02009,  0.02009,278.36791666666664,-10.402419444444444,0.049070772562864795,0.15861115065332906,0.1586111536309466,4155023796790984064,"Gaia: XM=F23, SIMBAD absent; CXO: XM=F23, SIMBAD absent; XMM: XM=F23, SIMBAD absent",3.159458729825118e-09
SNR 021.5-00.9,     0.05,     0.67, 18 33 28.30,-10 24 08.71,0.31,0.3,31.5,2CXO J183328.3-102408,       SNR G21.5-0.9, 3694,         ,         ,         ,         ,         ,         ,         ,         ,         ,         ,         ,         ,         ,         ,         ,         ,         ,         ,         ,         ,         ,         ,         ,         ,         ,         ,         ,         ,         ,         ,         ,         ,         ,         ,         ,         ,         ,         ,         ,         ,         ,         ,         ,         ,         ,         ,         ,         ,         ,         ,         ,         ,         ,         ,         ,         ,         ,         ,         ,         ,         ,         ,         ,         ,         ,         ,         ,         ,         ,         ,         ,         ,         ,         ,         ,         ,         ,         ,         ,         ,         ,  ,         ,         ,         ,         ,         ,         ,         ,  ,         ,         ,         ,         ,         ,         ,         ,  ,         ,         ,         ,         ,         ,         ,         ,  ,         ,         ,         ,         ,         ,         ,         ,  ,         ,         ,         ,         ,         ,         ,         , 0,    0.064,    0.742,    0.600,3.060e-05,  0.02225,  0.02222,  0.02228,278.36791666666664,-10.402419444444444,0.049070772562864795,0.15861115065332906,0.1586111536309466,4155023796790984064,"Gaia: XM=F23, SIMBAD absent; CXO: XM=F23, SIMBAD absent; XMM: XM=F23, SIMBAD absent",3.159458729825118e-09
SNR 021.5-00.9,     0.05,     0.67, 18 33 28.30,-10 24 08.71,0.31,0.3,31.5,2CXO J183328.3-102408,       SNR G21.5-0.9, 3701,         ,         ,         ,         ,         ,         ,         ,         ,         ,         ,         ,         ,         ,         ,         ,         ,         ,         ,         ,         ,         ,         ,         ,         ,         ,         ,         ,         ,         ,         ,         ,         ,         ,         ,         ,         ,         ,         ,         ,         ,         ,         ,         ,         ,         ,         ,         ,         ,         ,         ,         ,         ,         ,         ,         ,         ,         ,         ,         ,         ,         ,         ,         ,         ,         ,         ,         ,         ,         ,         ,         ,         ,         ,         ,         ,         ,         ,         ,         ,         ,         ,  ,         ,         ,         ,         ,         ,         ,         ,  ,         ,         ,         ,         ,         ,         ,         ,  ,         ,         ,         ,         ,         ,         ,         ,  ,         ,         ,         ,         ,         ,         ,         ,  ,         ,         ,         ,         ,         ,         ,         , 8,    1.000,    1.000,    1.000,  0.01305,  0.03271,  0.01404,  0.06994,278.36791666666664,-10.402419444444444,0.049070772562864795,0.15861115065332906,0.1586111536309466,4155023796790984064,"Gaia: XM=F23, SIMBAD absent; CXO: XM=F23, SIMBAD absent; XMM: XM=F23, SIMBAD absent",3.159458729825118e-09
SNR 021.5-00.9,     0.05,     0.67, 18 33 28.30,-10 24 08.71,0.31,0.3,31.5,2CXO J183328.3-102408,       SNR G21.5-0.9, 5167,         ,         ,         ,         ,         ,         ,         ,         ,         ,         ,         ,         ,         ,         ,         ,         ,         ,         ,         ,         ,         ,         ,         ,         ,         ,         ,         ,         ,         ,         ,         ,         ,         ,         ,         ,         ,         ,         ,         ,         ,         ,         ,         ,         ,         ,         ,         ,         ,         ,         ,         ,         ,         ,         ,         ,         ,         ,         ,         ,         ,         ,         ,         ,         ,         ,         ,         ,         ,         ,         ,         ,         ,         ,         ,         ,         ,         ,         ,         ,         ,         ,  ,         ,         ,         ,         ,         ,         ,         ,  ,         ,         ,         ,         ,         ,         ,         ,  ,         ,         ,         ,         ,         ,         ,         ,  ,         ,         ,         ,         ,         ,         ,         ,  ,         ,         ,         ,         ,         ,         ,         , 0,    0.060,    0.555,    0.901,8.104e-05,  0.01946,  0.01932,  0.01952,278.36791666666664,-10.402419444444444,0.049070772562864795,0.15861115065332906,0.1586111536309466,4155023796790984064,"Gaia: XM=F23, SIMBAD absent; CXO: XM=F23, SIMBAD absent; XMM: XM=F23, SIMBAD absent",3.159458729825118e-09
SNR 021.5-00.9,     0.05,     0.67, 18 33 28.30,-10 24 08.71,0.31,0.3,31.5,2CXO J183328.3-102408,       SNR G21.5-0.9, 6072,         ,         ,         ,         ,         ,         ,         ,         ,         ,         ,         ,         ,         ,         ,         ,         ,         ,         ,         ,         ,         ,         ,         ,         ,         ,         ,         ,         ,         ,         ,         ,         ,         ,         ,         ,         ,         ,         ,         ,         ,         ,         ,         ,         ,         ,         ,         ,         ,         ,         ,         ,         ,         ,         ,         ,         ,         ,         ,         ,         ,         ,         ,         ,         ,         ,         ,         ,         ,         ,         ,         ,         ,         ,         ,         ,         ,         ,         ,         ,         ,         ,  ,         ,         ,         ,         ,         ,         ,         ,  ,         ,         ,         ,         ,         ,         ,         ,  ,         ,         ,         ,         ,         ,         ,         ,  ,         ,         ,         ,         ,         ,         ,         ,  ,         ,         ,         ,         ,         ,         ,         , 0,    0.135,    0.597,    0.313,0.0001834,  0.01998,  0.01980,  0.02016,278.36791666666664,-10.402419444444444,0.049070772562864795,0.15861115065332906,0.1586111536309466,4155023796790984064,"Gaia: XM=F23, SIMBAD absent; CXO: XM=F23, SIMBAD absent; XMM: XM=F23, SIMBAD absent",3.159458729825118e-09
SNR 021.5-00.9,     0.05,     0.67, 18 33 28.30,-10 24 08.71,0.31,0.3,31.5,2CXO J183328.3-102408,       SNR G21.5-0.9, 6742,         ,         ,         ,         ,         ,         ,         ,         ,         ,         ,         ,         ,         ,         ,         ,         ,         ,         ,         ,         ,         ,         ,         ,         ,         ,         ,         ,         ,         ,         ,         ,         ,         ,         ,         ,         ,         ,         ,         ,         ,         ,         ,         ,         ,         ,         ,         ,         ,         ,         ,         ,         ,         ,         ,         ,         ,         ,         ,         ,         ,         ,         ,         ,         ,         ,         ,         ,         ,         ,         ,         ,         ,         ,         ,         ,         ,         ,         ,         ,         ,         ,  ,         ,         ,         ,         ,         ,         ,         ,  ,         ,         ,         ,         ,         ,         ,         ,  ,         ,         ,         ,         ,         ,         ,         ,  ,         ,         ,         ,         ,         ,         ,         ,  ,         ,         ,         ,         ,         ,         ,         , 0,    0.037,    0.881,    0.780,2.880e-05,  0.02713,  0.02710,  0.02716,278.36791666666664,-10.402419444444444,0.049070772562864795,0.15861115065332906,0.1586111536309466,4155023796790984064,"Gaia: XM=F23, SIMBAD absent; CXO: XM=F23, SIMBAD absent; XMM: XM=F23, SIMBAD absent",3.159458729825118e-09
SNR 021.5-00.9,     0.05,     0.67, 18 33 28.30,-10 24 08.71,0.31,0.3,31.5,2CXO J183328.3-102408,       SNR G21.5-0.9, 8373,         ,         ,         ,         ,         ,         ,         ,         ,         ,         ,         ,         ,         ,         ,         ,         ,         ,         ,         ,         ,         ,         ,         ,         ,         ,         ,         ,         ,         ,         ,         ,         ,         ,         ,         ,         ,         ,         ,         ,         ,         ,         ,         ,         ,         ,         ,         ,         ,         ,         ,         ,         ,         ,         ,         ,         ,         ,         ,         ,         ,         ,         ,         ,         ,         ,         ,         ,         ,         ,         ,         ,         ,         ,         ,         ,         ,         ,         ,         ,         ,         ,  ,         ,         ,         ,         ,         ,         ,         ,  ,         ,         ,         ,         ,         ,         ,         ,  ,         ,         ,         ,         ,         ,         ,         ,  ,         ,         ,         ,         ,         ,         ,         ,  ,         ,         ,         ,         ,         ,         ,         , 0,    0.063,    0.073,    0.001,6.332e-05,  0.03192,  0.03186,  0.03199,278.36791666666664,-10.402419444444444,0.049070772562864795,0.15861115065332906,0.1586111536309466,4155023796790984064,"Gaia: XM=F23, SIMBAD absent; CXO: XM=F23, SIMBAD absent; XMM: XM=F23, SIMBAD absent",3.159458729825118e-09
SNR 021.5-00.9,     0.05,     0.67, 18 33 28.30,-10 24 08.71,0.31,0.3,31.5,2CXO J183328.3-102408,       SNR G21.5-0.9,10648,         ,         ,         ,         ,         ,         ,         ,         ,         ,         ,         ,         ,         ,         ,         ,         ,         ,         ,         ,         ,         ,         ,         ,         ,         ,         ,         ,         ,         ,         ,         ,         ,         ,         ,         ,         ,         ,         ,         ,         ,         ,         ,         ,         ,         ,         ,         ,         ,         ,         ,         ,         ,         ,         ,         ,         ,         ,         ,         ,         ,         ,         ,         ,         ,         ,         ,         ,         ,         ,         ,         ,         ,         ,         ,         ,         ,         ,         ,         ,         ,         ,  ,         ,         ,         ,         ,         ,         ,         ,  ,         ,         ,         ,         ,         ,         ,         ,  ,         ,         ,         ,         ,         ,         ,         ,  ,         ,         ,         ,         ,         ,         ,         ,  ,         ,         ,         ,         ,         ,         ,         , 0,    0.074,    0.763,    0.341,0.0001838,  0.03867,  0.03845,  0.03886,278.36791666666664,-10.402419444444444,0.049070772562864795,0.15861115065332906,0.1586111536309466,4155023796790984064,"Gaia: XM=F23, SIMBAD absent; CXO: XM=F23, SIMBAD absent; XMM: XM=F23, SIMBAD absent",3.159458729825118e-09
SNR 021.5-00.9,     0.05,     0.67, 18 33 28.30,-10 24 08.71,0.31,0.3,31.5,2CXO J183328.3-102408,       SNR G21.5-0.9,13091,         ,         ,         ,         ,         ,         ,         ,         ,         ,         ,         ,         ,         ,         ,         ,         ,         ,         ,         ,         ,         ,         ,         ,         ,         ,         ,         ,         ,         ,         ,         ,         ,         ,         ,         ,         ,         ,         ,         ,         ,         ,         ,         ,         ,         ,         ,         ,         ,         ,         ,         ,         ,         ,         ,         ,         ,         ,         ,         ,         ,         ,         ,         ,         ,         ,         ,         ,         ,         ,         ,         ,         ,         ,         ,         ,         ,         ,         ,         ,         ,         ,  ,         ,         ,         ,         ,         ,         ,         ,  ,         ,         ,         ,         ,         ,         ,         ,  ,         ,         ,         ,         ,         ,         ,         ,  ,         ,         ,         ,         ,         ,         ,         ,  ,         ,         ,         ,         ,         ,         ,         , 0,    0.281,    0.734,    0.847, 0.001029,  0.03772,  0.03669,  0.03875,278.36791666666664,-10.402419444444444,0.049070772562864795,0.15861115065332906,0.1586111536309466,4155023796790984064,"Gaia: XM=F23, SIMBAD absent; CXO: XM=F23, SIMBAD absent; XMM: XM=F23, SIMBAD absent",3.159458729825118e-09
SNR 021.5-00.9,     0.05,     0.67, 18 33 28.30,-10 24 08.71,0.31,0.3,31.5,2CXO J183328.3-102408,       SNR G21.5-0.9,14262,         ,         ,         ,         ,         ,         ,         ,         ,         ,         ,         ,         ,         ,         ,         ,         ,         ,         ,         ,         ,         ,         ,         ,         ,         ,         ,         ,         ,         ,         ,         ,         ,         ,         ,         ,         ,         ,         ,         ,         ,         ,         ,         ,         ,         ,         ,         ,         ,         ,         ,         ,         ,         ,         ,         ,         ,         ,         ,         ,         ,         ,         ,         ,         ,         ,         ,         ,         ,         ,         ,         ,         ,         ,         ,         ,         ,         ,         ,         ,         ,         ,  ,         ,         ,         ,         ,         ,         ,         ,  ,         ,         ,         ,         ,         ,         ,         ,  ,         ,         ,         ,         ,         ,         ,         ,  ,         ,         ,         ,         ,         ,         ,         ,  ,         ,         ,         ,         ,         ,         ,         , 0,    0.073,    0.094,    0.108,5.827e-05,  0.03054,  0.03048,  0.03060,278.36791666666664,-10.402419444444444,0.049070772562864795,0.15861115065332906,0.1586111536309466,4155023796790984064,"Gaia: XM=F23, SIMBAD absent; CXO: XM=F23, SIMBAD absent; XMM: XM=F23, SIMBAD absent",3.159458729825118e-09
SNR 021.5-00.9,     0.05,     0.67, 18 33 28.30,-10 24 08.71,0.31,0.3,31.5,2CXO J183328.3-102408,       SNR G21.5-0.9,16419,         ,         ,         ,         ,         ,         ,         ,         ,         ,         ,         ,         ,         ,         ,         ,         ,         ,         ,         ,         ,         ,         ,         ,         ,         ,         ,         ,         ,         ,         ,         ,         ,         ,         ,         ,         ,         ,         ,         ,         ,         ,         ,         ,         ,         ,         ,         ,         ,         ,         ,         ,         ,         ,         ,         ,         ,         ,         ,         ,         ,         ,         ,         ,         ,         ,         ,         ,         ,         ,         ,         ,         ,         ,         ,         ,         ,         ,         ,         ,         ,         ,  ,         ,         ,         ,         ,         ,         ,         ,  ,         ,         ,         ,         ,         ,         ,         ,  ,         ,         ,         ,         ,         ,         ,         ,  ,         ,         ,         ,         ,         ,         ,         ,  ,         ,         ,         ,         ,         ,         ,         , 0,    0.064,    0.440,    0.851,1.212e-08,  0.03316,  0.03316,  0.03316,278.36791666666664,-10.402419444444444,0.049070772562864795,0.15861115065332906,0.1586111536309466,4155023796790984064,"Gaia: XM=F23, SIMBAD absent; CXO: XM=F23, SIMBAD absent; XMM: XM=F23, SIMBAD absent",3.159458729825118e-09
SNR 021.5-00.9,     0.05,     0.67, 18 33 28.30,-10 24 08.71,0.31,0.3,31.5,2CXO J183328.3-102408,            G21.5-09,20656,         ,         ,         ,         ,         ,         ,         ,         ,         ,         ,         ,         ,         ,         ,         ,         ,         ,         ,         ,         ,         ,         ,         ,         ,         ,         ,         ,         ,         ,         ,         ,         ,         ,         ,         ,         ,         ,         ,         ,         ,         ,         ,         ,         ,         ,         ,         ,         ,         ,         ,         ,         ,         ,         ,         ,         ,         ,         ,         ,         ,         ,         ,         ,         ,         ,         ,         ,         ,         ,         ,         ,         ,         ,         ,         ,         ,         ,         ,         ,         ,         ,  ,         ,         ,         ,         ,         ,         ,         ,  ,         ,         ,         ,         ,         ,         ,         ,  ,         ,         ,         ,         ,         ,         ,         ,  ,         ,         ,         ,         ,         ,         ,         ,  ,         ,         ,         ,         ,         ,         ,         ,  ,         ,         ,         ,         ,         ,         ,         ,278.36791666666664,-10.402419444444444,0.049070772562864795,0.15861115065332906,0.1586111536309466,4155023796790984064,"Gaia: XM=F23, SIMBAD absent; CXO: XM=F23, SIMBAD absent; XMM: XM=F23, SIMBAD absent",3.159458729825118e-09
SNR 021.5-00.9,     0.05,     0.67, 18 33 28.30,-10 24 08.71,0.31,0.3,31.5,2CXO J183328.3-102408,            G21.5-09,21814,         ,         ,         ,         ,         ,         ,         ,         ,         ,         ,         ,         ,         ,         ,         ,         ,         ,         ,         ,         ,         ,         ,         ,         ,         ,         ,         ,         ,         ,         ,         ,         ,         ,         ,         ,         ,         ,         ,         ,         ,         ,         ,         ,         ,         ,         ,         ,         ,         ,         ,         ,         ,         ,         ,         ,         ,         ,         ,         ,         ,         ,         ,         ,         ,         ,         ,         ,         ,         ,         ,         ,         ,         ,         ,         ,         ,         ,         ,         ,         ,         ,  ,         ,         ,         ,         ,         ,         ,         ,  ,         ,         ,         ,         ,         ,         ,         ,  ,         ,         ,         ,         ,         ,         ,         ,  ,         ,         ,         ,         ,         ,         ,         ,  ,         ,         ,         ,         ,         ,         ,         ,  ,         ,         ,         ,         ,         ,         ,         ,278.36791666666664,-10.402419444444444,0.049070772562864795,0.15861115065332906,0.1586111536309466,4155023796790984064,"Gaia: XM=F23, SIMBAD absent; CXO: XM=F23, SIMBAD absent; XMM: XM=F23, SIMBAD absent",3.159458729825118e-09
SNR 021.5-00.9,     0.05,     0.67, 18 33 28.30,-10 24 08.71,0.31,0.3,31.5,2CXO J183328.3-102408,            G21.5-09,22803,         ,         ,         ,         ,         ,         ,         ,         ,         ,         ,         ,         ,         ,         ,         ,         ,         ,         ,         ,         ,         ,         ,         ,         ,         ,         ,         ,         ,         ,         ,         ,         ,         ,         ,         ,         ,         ,         ,         ,         ,         ,         ,         ,         ,         ,         ,         ,         ,         ,         ,         ,         ,         ,         ,         ,         ,         ,         ,         ,         ,         ,         ,         ,         ,         ,         ,         ,         ,         ,         ,         ,         ,         ,         ,         ,         ,         ,         ,         ,         ,         ,  ,         ,         ,         ,         ,         ,         ,         ,  ,         ,         ,         ,         ,         ,         ,         ,  ,         ,         ,         ,         ,         ,         ,         ,  ,         ,         ,         ,         ,         ,         ,         ,  ,         ,         ,         ,         ,         ,         ,         , 0,    0.049,    0.779,    0.756,0.0001490,  0.06849,  0.06829,  0.06864,278.36791666666664,-10.402419444444444,0.049070772562864795,0.15861115065332906,0.1586111536309466,4155023796790984064,"Gaia: XM=F23, SIMBAD absent; CXO: XM=F23, SIMBAD absent; XMM: XM=F23, SIMBAD absent",3.159458729825118e-09
SNR 021.5-00.9,     0.05,     0.67, 18 33 28.30,-10 24 08.71,0.31,0.3,31.5,2CXO J183328.3-102408,            G21.5-09,24584,         ,         ,         ,         ,         ,         ,         ,         ,         ,         ,         ,         ,         ,         ,         ,         ,         ,         ,         ,         ,         ,         ,         ,         ,         ,         ,         ,         ,         ,         ,         ,         ,         ,         ,         ,         ,         ,         ,         ,         ,         ,         ,         ,         ,         ,         ,         ,         ,         ,         ,         ,         ,         ,         ,         ,         ,         ,         ,         ,         ,         ,         ,         ,         ,         ,         ,         ,         ,         ,         ,         ,         ,         ,         ,         ,         ,         ,         ,         ,         ,         ,  ,         ,         ,         ,         ,         ,         ,         ,  ,         ,         ,         ,         ,         ,         ,         ,  ,         ,         ,         ,         ,         ,         ,         ,  ,         ,         ,         ,         ,         ,         ,         ,  ,         ,         ,         ,         ,         ,         ,         ,  ,         ,         ,         ,         ,         ,         ,         ,278.36791666666664,-10.402419444444444,0.049070772562864795,0.15861115065332906,0.1586111536309466,4155023796790984064,"Gaia: XM=F23, SIMBAD absent; CXO: XM=F23, SIMBAD absent; XMM: XM=F23, SIMBAD absent",3.159458729825118e-09
SNR 021.5-00.9,     0.05,     0.67, 18 33 28.30,-10 24 08.71,0.31,0.3,31.5,2CXO J183328.3-102408,            G21.5-09,24982,         ,         ,         ,         ,         ,         ,         ,         ,         ,         ,         ,         ,         ,         ,         ,         ,         ,         ,         ,         ,         ,         ,         ,         ,         ,         ,         ,         ,         ,         ,         ,         ,         ,         ,         ,         ,         ,         ,         ,         ,         ,         ,         ,         ,         ,         ,         ,         ,         ,         ,         ,         ,         ,         ,         ,         ,         ,         ,         ,         ,         ,         ,         ,         ,         ,         ,         ,         ,         ,         ,         ,         ,         ,         ,         ,         ,         ,         ,         ,         ,         ,  ,         ,         ,         ,         ,         ,         ,         ,  ,         ,         ,         ,         ,         ,         ,         ,  ,         ,         ,         ,         ,         ,         ,         ,  ,         ,         ,         ,         ,         ,         ,         ,  ,         ,         ,         ,         ,         ,         ,         ,  ,         ,         ,         ,         ,         ,         ,         ,278.36791666666664,-10.402419444444444,0.049070772562864795,0.15861115065332906,0.1586111536309466,4155023796790984064,"Gaia: XM=F23, SIMBAD absent; CXO: XM=F23, SIMBAD absent; XMM: XM=F23, SIMBAD absent",3.159458729825118e-09
SS 433,     0.09,     0.47, 19 11 49.57,+04 58 57.80,0.29,0.29,90.0,2CXO J191149.5+045857,              SS 433, 3790,   0.4834,   0.4766,   0.4891,   0.8157,   0.8101,   0.8201,   0.5484,   0.5365,   0.5590,4.178e-12,4.138e-12,4.222e-12,    1.291,    1.265,    1.317,         ,    84.52,    82.68,    86.43,         ,0.0007563,0.0007316,0.0007819,         ,    1.799,3.725e-12,3.683e-12,3.762e-12,    1.084,    1.072,    1.097,         ,    36.12,    34.99,    37.27,         ,0.0003207,0.0003087,0.0003331,         ,    3.911,4.203e-12,4.163e-12,4.245e-12,    98.75,    72.56,    142.8,         ,    80.83,    79.74,    82.37,         , 0.001740, 0.001619, 0.001761,         ,    1.836,4.362e-12,4.114e-12,4.596e-12,    20.08,    18.67,    21.43,         ,    3.156,    2.810,    3.549,         ,  0.03915,  0.03854,  0.03921,         ,    87.71,    86.46,    89.04,         , 0.003135, 0.003010, 0.003236,         ,    1.528, 0,    0.022,    0.834,    0.881,7.319e-05,   0.3560,   0.3560,   0.3561, 0,    0.026,    0.847,    0.877,6.551e-05,   0.2160,   0.2159,   0.2161, 0,    0.017,    0.057,    0.182,1.203e-05,   0.1129,   0.1129,   0.1129, 0,    0.020,    0.515,    0.557,5.280e-06,  0.02711,  0.02710,  0.02712, 0,    0.491,    0.264,    0.011,6.103e-05,0.0006505,0.0006208, 0.001202,  ,         ,         ,         ,         ,         ,         ,         ,287.9565416666667,4.982722222222223,0.1358500140797227,1.3144685225675794,1.3144685506717393,4293406612283985024,Gaia: XM=F23=SIMBAD; CXO: XM=F23=SIMBAD; XMM: XM=F23=SIMBAD,4.320596625196475e-07
SS 433,     0.09,     0.47, 19 11 49.57,+04 58 57.80,0.29,0.29,90.0,2CXO J191149.5+045857,              SS 433,14655,   0.5821,   0.5778,   0.5878,   0.8370,   0.8326,   0.8401,   0.4959,   0.4841,   0.5066,2.407e-11,2.387e-11,2.427e-11,    0.694,    0.673,    0.715,         ,    61.10,    59.59,    62.63,         , 0.001850, 0.001800, 0.001902,         ,    2.744,2.245e-11,2.223e-11,2.263e-11,    1.536,    1.517,    1.556,         ,    21.84,    20.89,    22.81,         ,0.0005848,0.0005651,0.0006051,         ,    5.427,2.081e-11,2.067e-11,2.096e-11,    100.0,    99.40,         ,         ,    95.85,    94.52,    97.22,         , 0.008909, 0.008835, 0.008983,         ,    4.281,         ,         ,         ,         ,         ,         ,         ,         ,         ,         ,         ,         ,         ,         ,         ,         ,         ,         ,         ,         ,         ,         ,         ,         , 0,    0.039,    0.946,    0.870,0.0006145,    1.452,    1.452,    1.453, 0,    0.013,    0.581,    0.249,7.615e-05,   0.9935,   0.9934,   0.9935, 0,    0.049,    0.761,    0.789,0.0003426,   0.3751,   0.3748,   0.3755, 0,    0.072,    0.626,    0.170,0.0002005,  0.08381,  0.08361,  0.08401, 0,    0.327,    0.929,    0.742,0.0002395, 0.002790, 0.002445, 0.002975,  ,         ,         ,         ,         ,         ,         ,         ,287.9565416666667,4.982722222222223,0.1358500140797227,1.3144685225675794,1.3144685506717393,4293406612283985024,Gaia: XM=F23=SIMBAD; CXO: XM=F23=SIMBAD; XMM: XM=F23=SIMBAD,4.320596625196475e-07
SS 433,     0.09,     0.47, 19 11 49.57,+04 58 57.80,0.29,0.29,90.0,2CXO J191149.5+045857,              SS 433, 6597,         ,         ,         ,         ,         ,         ,         ,         ,         ,         ,         ,         ,         ,         ,         ,         ,         ,         ,         ,         ,         ,         ,         ,         ,         ,         ,         ,         ,         ,         ,         ,         ,         ,         ,         ,         ,         ,         ,         ,         ,         ,         ,         ,         ,         ,         ,         ,         ,         ,         ,         ,         ,         ,         ,         ,         ,         ,         ,         ,         ,         ,         ,         ,         ,         ,         ,         ,         ,         ,         ,         ,         ,         ,         ,         ,         ,         ,         ,         ,         ,         ,  ,         ,         ,         ,         ,         ,         ,         ,  ,         ,         ,         ,         ,         ,         ,         ,  ,         ,         ,         ,         ,         ,         ,         ,  ,         ,         ,         ,         ,         ,         ,         ,  ,         ,         ,         ,         ,         ,         ,         , 1,    0.608,    0.993,    0.979,  0.01320,   0.7083,   0.6951,   0.7215,287.9565416666667,4.982722222222223,0.1358500140797227,1.3144685225675794,1.3144685506717393,4293406612283985024,Gaia: XM=F23=SIMBAD; CXO: XM=F23=SIMBAD; XMM: XM=F23=SIMBAD,4.320596625196475e-07
SS 433,     0.09,     0.47, 19 11 49.57,+04 58 57.80,0.29,0.29,90.0,2CXO J191149.5+045857,              SS 433, 6598,         ,         ,         ,         ,         ,         ,         ,         ,         ,         ,         ,         ,         ,         ,         ,         ,         ,         ,         ,         ,         ,         ,         ,         ,         ,         ,         ,         ,         ,         ,         ,         ,         ,         ,         ,         ,         ,         ,         ,         ,         ,         ,         ,         ,         ,         ,         ,         ,         ,         ,         ,         ,         ,         ,         ,         ,         ,         ,         ,         ,         ,         ,         ,         ,         ,         ,         ,         ,         ,         ,         ,         ,         ,         ,         ,         ,         ,         ,         ,         ,         ,  ,         ,         ,         ,         ,         ,         ,         ,  ,         ,         ,         ,         ,         ,         ,         ,  ,         ,         ,         ,         ,         ,         ,         ,  ,         ,         ,         ,         ,         ,         ,         ,  ,         ,         ,         ,         ,         ,         ,         , 9,    1.000,    1.000,    1.000,  0.06259,   0.5286,   0.4834,   0.6538,287.9565416666667,4.982722222222223,0.1358500140797227,1.3144685225675794,1.3144685506717393,4293406612283985024,Gaia: XM=F23=SIMBAD; CXO: XM=F23=SIMBAD; XMM: XM=F23=SIMBAD,4.320596625196475e-07
SS 433,     0.09,     0.47, 19 11 49.57,+04 58 57.80,0.29,0.29,90.0,2CXO J191149.5+045857,              SS 433, 6599,         ,         ,         ,         ,         ,         ,         ,         ,         ,         ,         ,         ,         ,         ,         ,         ,         ,         ,         ,         ,         ,         ,         ,         ,         ,         ,         ,         ,         ,         ,         ,         ,         ,         ,         ,         ,         ,         ,         ,         ,         ,         ,         ,         ,         ,         ,         ,         ,         ,         ,         ,         ,         ,         ,         ,         ,         ,         ,         ,         ,         ,         ,         ,         ,         ,         ,         ,         ,         ,         ,         ,         ,         ,         ,         ,         ,         ,         ,         ,         ,         ,  ,         ,         ,         ,         ,         ,         ,         ,  ,         ,         ,         ,         ,         ,         ,         ,  ,         ,         ,         ,         ,         ,         ,         ,  ,         ,         ,         ,         ,         ,         ,         ,  ,         ,         ,         ,         ,         ,         ,         , 6,    0.962,    1.000,    0.999,  0.02995,   0.9392,   0.9093,   0.9692,287.9565416666667,4.982722222222223,0.1358500140797227,1.3144685225675794,1.3144685506717393,4293406612283985024,Gaia: XM=F23=SIMBAD; CXO: XM=F23=SIMBAD; XMM: XM=F23=SIMBAD,4.320596625196475e-07
SS 433,     0.09,     0.47, 19 11 49.57,+04 58 57.80,0.29,0.29,90.0,2CXO J191149.5+045857,              SS 433, 6600,         ,         ,         ,         ,         ,         ,         ,         ,         ,         ,         ,         ,         ,         ,         ,         ,         ,         ,         ,         ,         ,         ,         ,         ,         ,         ,         ,         ,         ,         ,         ,         ,         ,         ,         ,         ,         ,         ,         ,         ,         ,         ,         ,         ,         ,         ,         ,         ,         ,         ,         ,         ,         ,         ,         ,         ,         ,         ,         ,         ,         ,         ,         ,         ,         ,         ,         ,         ,         ,         ,         ,         ,         ,         ,         ,         ,         ,         ,         ,         ,         ,  ,         ,         ,         ,         ,         ,         ,         ,  ,         ,         ,         ,         ,         ,         ,         ,  ,         ,         ,         ,         ,         ,         ,         ,  ,         ,         ,         ,         ,         ,         ,         ,  ,         ,         ,         ,         ,         ,         ,         , 0,    0.010,    0.782,    0.383,6.894e-05,    1.716,    1.716,    1.716,287.9565416666667,4.982722222222223,0.1358500140797227,1.3144685225675794,1.3144685506717393,4293406612283985024,Gaia: XM=F23=SIMBAD; CXO: XM=F23=SIMBAD; XMM: XM=F23=SIMBAD,4.320596625196475e-07
V 0332+53,     0.04,     0.81, 03 34 59.91,+53 10 23.34,0.41,0.39,98.1,2CXO J033459.9+531023,           V 0332+53, 1919,  -0.2736,  -0.5340,   0.0006,   0.4922,   0.1305,   0.7714,   0.6583,   0.4216,   0.8463,         ,         ,         ,         ,         ,         ,         ,         ,         ,         ,         ,         ,         ,         ,         ,         ,         ,         ,         ,         ,         ,         ,         ,         ,         ,         ,         ,         ,         ,         ,         ,         ,         ,         ,         ,         ,         ,         ,         ,         ,         ,         ,         ,         ,         ,         ,         ,         ,         ,         ,         ,         ,         ,         ,         ,         ,         ,         ,         ,         ,         ,         ,         ,         ,         ,         ,         ,         ,         ,         ,         ,         , 2,    0.784,    0.437,    0.490, 0.001091, 0.003495, 0.002836, 0.009052, 0,    0.455,    0.065,    0.137,6.578e-05,0.0007775,0.0007453, 0.001063, 1,    0.636,    0.373,    0.594,0.0005109, 0.002331, 0.002028, 0.004619,  ,         ,         ,         ,         ,         ,         ,         ,  ,         ,         ,         ,         ,         ,         ,         ,  ,         ,         ,         ,         ,         ,         ,         ,53.74962499999999,53.17315,0.03749116835351068,0.05018018839413927,0.050180188579652264,444752973131169664,Gaia: XM=F23=SIMBAD; CXO: XM=F23=SIMBAD; XMM: XM=F23=SIMBAD,1.1448553509672435e-06
X Per,     1.11,     0.03, 03 55 23.13,+31 02 44.17,1.26,1.26,0.0,2CXO J035523.1+310244X,            X Persei, 8229,         ,         ,         ,         ,         ,         ,         ,         ,         ,         ,         ,         ,         ,         ,         ,         ,         ,         ,         ,         ,         ,         ,         ,         ,         ,         ,         ,         ,         ,         ,         ,         ,         ,         ,         ,         ,         ,         ,         ,         ,         ,         ,         ,         ,         ,         ,         ,         ,         ,         ,         ,         ,         ,         ,         ,         ,         ,         ,         ,         ,         ,         ,         ,         ,         ,         ,         ,         ,         ,         ,         ,         ,         ,         ,         ,         ,         ,         ,         ,         ,         ,  ,         ,         ,         ,         ,         ,         ,         ,  ,         ,         ,         ,         ,         ,         ,         ,  ,         ,         ,         ,         ,         ,         ,         ,  ,         ,         ,         ,         ,         ,         ,         ,  ,         ,         ,         ,         ,         ,         ,         ,  ,         ,         ,         ,         ,         ,         ,         ,58.846374999999995,31.04560277777778,1.0883109687303196,4.468808497021686,4.468808500399501,168450545792009600,Gaia: XM=F23=SIMBAD; CXO: XM=F23=SIMBAD; XMM: XM=F23=SIMBAD,2.088024751763343e-07
XTE J1739-302,     0.13,     0.31, 17 39 11.54,-30 20 37.63,0.3,0.3,4.6,2CXO J173911.5-302037,       XTE J1739-302, 1908,   0.9569,   0.9475,   0.9638,   0.9881,   0.9825,   0.9925,   0.5771,   0.4004,   0.7327,5.600e-12,5.093e-12,5.887e-12,    0.604,    0.398,    0.820,         ,    453.2,    394.0,    521.8,         ,0.0005469,0.0003867,0.0007909,         ,    1.039,5.539e-12,5.007e-12,5.825e-12,    2.165,    1.960,    2.415,         ,    318.4,    280.4,    362.2,         ,7.357e-05,5.571e-05,9.664e-05,         ,    1.019,5.570e-12,5.315e-12,5.787e-12,    100.0,    67.25,         ,         ,    652.1,    612.1,    696.1,         , 0.003983, 0.003665, 0.004184,         ,    1.179,         ,         ,         ,         ,         ,         ,         ,         ,         ,         ,         ,         ,         ,         ,         ,         ,         ,         ,         ,         ,         ,         ,         ,         , 0,    0.047,    0.665,    0.792,0.0002478,   0.2315,   0.2312,   0.2317, 0,    0.064,    0.884,    0.938,0.0006792,   0.2236,   0.2228,   0.2244, 6,    0.978,    0.996,    0.982, 0.003751, 0.006868, 0.002594,  0.01168, 0,    0.499,    0.789,    0.939,0.0001213, 0.001010,0.0009352, 0.001512,  ,         ,         ,         ,         ,         ,         ,         ,  ,         ,         ,         ,         ,         ,         ,         ,264.7980833333333,-30.34378611111111,0.17299419863181728,1.9918074722523396,1.9918075822557864,4056922105185686784,Gaia: XM=F23=SIMBAD; CXO: XM=F23=SIMBAD; XMM: none,1.0200089258130845e-07
XTE J1906+090,     0.14,     0.45, 19 04 47.46,+09 02 41.58,0.44,0.4,147.6,2CXO J190447.4+090241,        XTE J1906+09, 3793,   0.8132,   0.7939,   0.8314,   0.9719,   0.9600,   0.9813,   0.7520,   0.6640,   0.8376,1.518e-12,1.422e-12,1.590e-12,    1.305,    1.123,    1.495,         ,    274.3,    242.6,    309.4,         ,0.0003714,0.0002798,0.0004979,         ,    0.689,1.476e-12,1.385e-12,1.546e-12,    1.444,    1.354,    1.544,         ,    143.5,    125.4,    163.7,         ,5.561e-05,4.486e-05,6.897e-05,         ,    0.714,1.540e-12,1.447e-12,1.600e-12,    68.35,    22.36,     3795,         ,    269.8,    250.6,    298.0,         ,0.0007691,0.0007109,0.0008666,         ,    0.686,         ,         ,         ,         ,         ,         ,         ,         ,         ,         ,         ,         ,         ,         ,         ,         ,         ,         ,         ,         ,         ,         ,         ,         , 3,    0.532,    0.950,    0.999, 0.008426,  0.06900,  0.05281,  0.08177, 0,    0.058,    0.904,    0.992,9.951e-05,  0.06005,  0.05995,  0.06015, 0,    0.086,    0.579,    0.673,0.0002955, 0.008355, 0.008117, 0.009545, 0,    0.439,    0.828,    0.393,4.559e-05,0.0005968,0.0005716,0.0008133,  ,         ,         ,         ,         ,         ,         ,         ,  ,         ,         ,         ,         ,         ,         ,         ,286.19775,9.044883333333333,0.11997787192615551,0.538838121118547,0.5388470849259265,4310649153642824320,Gaia: XM=F23=SIMBAD; CXO: XM=F23=SIMBAD; XMM: none,2.669194626047444e-10
XTE J1946+274,     0.25,     0.05, 19 45 39.35,+27 21 55.68,0.3,0.3,84.1,2CXO J194539.3+272155,       XTE J1946+274,14646,   0.5384,   0.4691,   0.6015,   0.8345,   0.7789,   0.8851,   0.5372,   0.4041,   0.6640,5.064e-13,4.323e-13,5.700e-13,    1.046,    0.751,    1.362,         ,    80.44,    55.14,    110.5,         ,7.042e-05,4.671e-05,0.0001076,         ,    1.086,4.796e-13,3.917e-13,5.414e-13,    1.384,    1.208,    1.604,         ,    17.89,    3.254,    35.72,         ,1.867e-05,1.221e-05,2.831e-05,         ,    1.385,5.190e-13,4.694e-13,5.708e-13,    100.0,    26.73,         ,         ,    94.97,    80.36,    113.2,         ,0.0002231,0.0001710,0.0002463,         ,    1.144,         ,         ,         ,         ,         ,         ,         ,         ,         ,         ,         ,         ,         ,         ,         ,         ,         ,         ,         ,         ,         ,         ,         ,         , 5,    0.862,    0.927,    1.000, 0.009385,  0.03611,  0.02397,  0.04981, 2,    0.809,    0.967,    0.999, 0.006825,  0.02368,  0.01240,  0.03050, 1,    0.554,    0.967,    0.974, 0.001537,  0.01041, 0.008522,  0.01202, 0,    0.445,    0.426,    0.597,0.0002377, 0.001974, 0.001819, 0.003236,  ,         ,         ,         ,         ,         ,         ,         ,  ,         ,         ,         ,         ,         ,         ,         ,296.4139583333333,27.365466666666666,0.24874141875915998,4.117944723461339,4.117944843928019,2028089540103670144,Gaia: XM=F23=SIMBAD; CXO: XM=F23=SIMBAD; XMM: none,6.709382818455031e-07
