SRCID,IAUNAME,OBS_ID,PPS_SRCNUM,N_OBS,N_CONTRIB,N_EXP,RA,DEC,RADEC_ERR,ELL_MAJOR,ELL_MINOR,ELL_PA,LII,BII,X_IMA,X_IMA_ERR,X_IMA_ERR_LO,X_IMA_ERR_UP,Y_IMA,Y_IMA_ERR,Y_IMA_ERR_LO,Y_IMA_ERR_UP,CCDPN,PN_RAWX,PN_RAWY,CCDM1,M1_RAWX,M1_RAWY,CCDM2,M2_RAWX,M2_RAWY,DIST_NN,N_BLEND,EP_FLUX,EP_FLUX_ERR,EP_1_FLUX,EP_1_FLUX_ERR,EP_2_FLUX,EP_2_FLUX_ERR,EP_3_FLUX,EP_3_FLUX_ERR,EP_4_FLUX,EP_4_FLUX_ERR,EP_5_FLUX,EP_5_FLUX_ERR,PN_FLUX,PN_FLUX_ERR,PN_1_FLUX,PN_1_FLUX_ERR,PN_2_FLUX,PN_2_FLUX_ERR,PN_3_FLUX,PN_3_FLUX_ERR,PN_4_FLUX,PN_4_FLUX_ERR,PN_5_FLUX,PN_5_FLUX_ERR,M1_FLUX,M1_FLUX_ERR,M1_1_FLUX,M1_1_FLUX_ERR,M1_2_FLUX,M1_2_FLUX_ERR,M1_3_FLUX,M1_3_FLUX_ERR,M1_4_FLUX,M1_4_FLUX_ERR,M1_5_FLUX,M1_5_FLUX_ERR,M2_FLUX,M2_FLUX_ERR,M2_1_FLUX,M2_1_FLUX_ERR,M2_2_FLUX,M2_2_FLUX_ERR,M2_3_FLUX,M2_3_FLUX_ERR,M2_4_FLUX,M2_4_FLUX_ERR,M2_5_FLUX,M2_5_FLUX_ERR,EP_RATE,EP_RATE_ERR,PN_RATE,PN_RATE_ERR,PN_1_RATE,PN_1_RATE_ERR,PN_2_RATE,PN_2_RATE_ERR,PN_3_RATE,PN_3_RATE_ERR,PN_4_RATE,PN_4_RATE_ERR,PN_5_RATE,PN_5_RATE_ERR,M1_RATE,M1_RATE_ERR,M1_1_RATE,M1_1_RATE_ERR,M1_2_RATE,M1_2_RATE_ERR,M1_3_RATE,M1_3_RATE_ERR,M1_4_RATE,M1_4_RATE_ERR,M1_5_RATE,M1_5_RATE_ERR,M2_RATE,M2_RATE_ERR,M2_1_RATE,M2_1_RATE_ERR,M2_2_RATE,M2_2_RATE_ERR,M2_3_RATE,M2_3_RATE_ERR,M2_4_RATE,M2_4_RATE_ERR,M2_5_RATE,M2_5_RATE_ERR,EP_CTS,EP_CTS_ERR,PN_CTS,PN_CTS_ERR,M1_CTS,M1_CTS_ERR,M2_CTS,M2_CTS_ERR,EP_DET_ML,PN_DET_ML,PN_1_DET_ML,PN_2_DET_ML,PN_3_DET_ML,PN_4_DET_ML,PN_5_DET_ML,M1_DET_ML,M1_1_DET_ML,M1_2_DET_ML,M1_3_DET_ML,M1_4_DET_ML,M1_5_DET_ML,M2_DET_ML,M2_1_DET_ML,M2_2_DET_ML,M2_3_DET_ML,M2_4_DET_ML,M2_5_DET_ML,EXTENT,EXTENT_ERR,EXTENT_ERR_LO,EXTENT_ERR_UP,EXTENT_ML,STACK_DET_ML,STACK_FLUX,STACK_FLUX_ERR,STACK_FLUX_ERR_LO,STACK_FLUX_ERR_UP,STACK_NH,STACK_NH_ERR,STACK_NH_ERR_LO,STACK_NH_ERR_UP,STACK_GAMMA,STACK_GAMMA_ERR,STACK_GAMMA_ERR_LO,STACK_GAMMA_ERR_UP,PN_1_ECF,PN_2_ECF,PN_3_ECF,PN_4_ECF,PN_5_ECF,M1_1_ECF,M1_2_ECF,M1_3_ECF,M1_4_ECF,M1_5_ECF,M2_1_ECF,M2_2_ECF,M2_3_ECF,M2_4_ECF,M2_5_ECF,EP_HR1,EP_HR1_ERR,EP_HR2,EP_HR2_ERR,EP_HR3,EP_HR3_ERR,EP_HR4,EP_HR4_ERR,PN_HR1,PN_HR1_ERR,PN_HR2,PN_HR2_ERR,PN_HR3,PN_HR3_ERR,PN_HR4,PN_HR4_ERR,M1_HR1,M1_HR1_ERR,M1_HR2,M1_HR2_ERR,M1_HR3,M1_HR3_ERR,M1_HR4,M1_HR4_ERR,M2_HR1,M2_HR1_ERR,M2_HR2,M2_HR2_ERR,M2_HR3,M2_HR3_ERR,M2_HR4,M2_HR4_ERR,PN_1_EXP,PN_2_EXP,PN_3_EXP,PN_4_EXP,PN_5_EXP,M1_1_EXP,M1_2_EXP,M1_3_EXP,M1_4_EXP,M1_5_EXP,M2_1_EXP,M2_2_EXP,M2_3_EXP,M2_4_EXP,M2_5_EXP,PN_BG,PN_1_BG,PN_2_BG,PN_3_BG,PN_4_BG,PN_5_BG,M1_BG,M1_1_BG,M1_2_BG,M1_3_BG,M1_4_BG,M1_5_BG,M2_BG,M2_1_BG,M2_2_BG,M2_3_BG,M2_4_BG,M2_5_BG,EP_ONTIME,PN_ONTIME,M1_ONTIME,M2_ONTIME,PN_PILEUP,M1_PILEUP,M2_PILEUP,PN_MASKFRAC,M1_MASKFRAC,M2_MASKFRAC,DIST_REF,EP_OFFAX,PN_OFFAX,M1_OFFAX,M2_OFFAX,TSERIES,SPECTRA,CHI2PROB,FVAR,FVAR_ERR,VAR_FLAG,PN_1_VIG,PN_2_VIG,PN_3_VIG,PN_4_VIG,PN_5_VIG,M1_1_VIG,M1_2_VIG,M1_3_VIG,M1_4_VIG,M1_5_VIG,M2_1_VIG,M2_2_VIG,M2_3_VIG,M2_4_VIG,M2_5_VIG,SUM_FLAG,EP_FLAG,PN_FLAG,M1_FLAG,M2_FLAG,VAR_CHI2,VAR_CHI2_1,VAR_CHI2_2,VAR_CHI2_3,VAR_CHI2_4,VAR_CHI2_5,VAR_PROB,VAR_PROB_1,VAR_PROB_2,VAR_PROB_3,VAR_PROB_4,VAR_PROB_5,FRATIO,FRATIO_ERR,FRATIO_1,FRATIO_1_ERR,FRATIO_2,FRATIO_2_ERR,FRATIO_3,FRATIO_3_ERR,FRATIO_4,FRATIO_4_ERR,FRATIO_5,FRATIO_5_ERR,FLUXVAR,FLUXVAR_1,FLUXVAR_2,FLUXVAR_3,FLUXVAR_4,FLUXVAR_5,MJD_FIRST,MJD_LAST,REVOLUT,PN_SUBMODE,M1_SUBMODE,M2_SUBMODE,PN_FILTER,M1_FILTER,M2_FILTER,CLASSX_CLASS,CLASSX_OUTLIER,CLASSX_PROB_AGN,CLASSX_PROB_STAR,CLASSX_PROB_GAL_XRB,CLASSX_PROB_GAL_CV,CLASSX_PROB_BKG_AGN,CLASSX_PROB_EXTRAGAL_XRB,CLASSX_PROB_EXTENDED,OM_SRCID,OM_UVW2_AB_MAG,OM_UVW2_AB_MAG_ERR,OM_UVM2_AB_MAG,OM_UVM2_AB_MAG_ERR,OM_UVW1_AB_MAG,OM_UVW1_AB_MAG_ERR,OM_U_AB_MAG,OM_U_AB_MAG_ERR,OM_B_AB_MAG,OM_B_AB_MAG_ERR,OM_V_AB_MAG,OM_V_AB_MAG_ERR,OM_MATCH_PROB,OM_UVW2_QUALITY_FLAG,OM_UVM2_QUALITY_FLAG,OM_UVW1_QUALITY_FLAG,OM_U_QUALITY_FLAG,OM_B_QUALITY_FLAG,OM_V_QUALITY_FLAG,OM_UVW2_EXTENDED_FLAG,OM_UVM2_EXTENDED_FLAG,OM_UVW1_EXTENDED_FLAG,OM_U_EXTENDED_FLAG,OM_B_EXTENDED_FLAG,OM_V_EXTENDED_FLAG,OM_UVW2_CHISQ,OM_UVW2_CHISQ_DOF,OM_UVM2_CHISQ,OM_UVM2_CHISQ_DOF,OM_UVW1_CHISQ,OM_UVW1_CHISQ_DOF,OM_U_CHISQ,OM_U_CHISQ_DOF,OM_B_CHISQ,OM_B_CHISQ_DOF,OM_V_CHISQ,OM_V_CHISQ_DOF,WISE_NAME,WISE_W1MAG,WISE_W1MAG_ERR,WISE_W2MAG,WISE_W2MAG_ERR,WISE_W3MAG,WISE_W3MAG_ERR,WISE_W4MAG,WISE_W4MAG_ERR,WISE_MATCH_PROB,GAIADR3_SOURCE_ID,GAIADR3_PARALLAX,GAIADR3_PARALLAX_ERROR,GAIADR3_PARALLAX_OVER_ERROR,GAIADR3_PM_RA,GAIADR3_PM_DEC,GAIADR3_GMAG,GAIADR3_BPMAG,GAIADR3_RPMAG,GAIA_MATCH_PROB,INFO_COUNTERPARTS,GAIADR3_DIST,CLASSOPT_CLASS,CLASSOPT_PROB_STAR,CLASSOPT_PROB_AGN,CLASSOPT_PROB_GALAXY,SPEC_FLUX_PL,SPEC_FLUX_ERR_LO_PL,SPEC_FLUX_ERR_UP_PL,SPEC_NH_PL,SPEC_NH_ERR_LO_PL,SPEC_NH_ERR_UP_PL,SPEC_GAMMA_PL,SPEC_GAMMA_ERR_LO_PL,SPEC_GAMMA_ERR_UP_PL,SPEC_IIN_PL,SPEC_IIN_ERR_LO_PL,SPEC_IIN_ERR_UP_PL,SPEC_DOF_PL,SPEC_PVALUE_PL,SPEC_FLAG_PL,SPEC_INFO,APPROX_SOURCE_VAR,REDSHIFT_ZSP,REDSHIFT_TPZ_Z_BEST,REDSHIFT_TPZ_FLAG_ZCONF,REDSHIFT_LPH_Z_BEST,REDSHIFT_LPH_FLAG_ZCONF,REDSHIFT_INFO_DISTANCE,sep_gaia,sigma_axis,dM2_xray,dM2_xray_F23,dM2_xray_ellipse,ID,GaiaDR3_adopted,Notes,dM2_gaia_match
3050145010100001,5XMM J003709.7+612136,,999999,9,2,4,9.290580222422799,61.360151235242,0.014195721,0.017183602,0.015947262,135.00842,121.22162916393981,-1.4641824669981809,435.9448,0.0026303283,0.0027182195,0.0025424368,756.4186,0.002382494,0.0025359322,0.0022290556,-2147483648,-2147483648,-2147483648,-2147483648,-2147483648,-2147483648,-2147483648,-2147483648,-2147483648,60.39369,1,6.6467283e-12,6.660637e-14,5.1658493e-14,2.1292433e-15,1.2256363e-13,3.0034376e-15,5.895584e-13,6.4090075e-15,3.3318354e-13,8.347275e-15,4.8933175e-12,6.545283e-14,9.613077e-11,3.3175635e-13,5.3413518e-14,2.7575086e-15,3.709153e-13,6.7054372e-15,4.7213366e-12,2.507372e-14,2.63258e-11,1.0737313e-13,6.4659306e-11,3.128131e-13,1.004445e-10,5.6964465e-13,1.2647195e-13,8.036463e-15,4.411699e-13,1.3390152e-14,4.661275e-12,3.8261498e-14,2.6782663e-11,1.5314209e-13,6.843292e-11,5.4711487e-13,1.4784294e-12,6.848028e-14,3.2777485e-14,3.6866567e-15,3.4647527e-14,3.470236e-15,1.6578834e-13,6.731025e-15,9.536885e-14,8.385155e-15,1.1498471e-12,6.744107e-14,15.908498,0.035406154,11.864691,0.0315654,0.044704977,0.0023079244,0.29183987,0.005275905,2.7229364,0.014460767,5.0782466,0.020712277,3.7269626,0.018030547,3.9750934,0.015915206,0.019297091,0.0012262035,0.074884176,0.0022728443,0.9349585,0.007674491,1.9529918,0.011167121,0.9929617,0.0079386365,0.06871392,0.0019817755,0.004989716,0.00056121976,0.0059184916,0.0005927857,0.033288643,0.0013515225,0.0069933967,0.00061488344,0.017523672,0.0010278019,299159.3,577.1757,157010.14,417.6791,70000.8,280.26236,72148.37,283.07065,1.1214372e+06,482382.34,604.5655,7532.756,116271.05,216266.17,141713.16,300117.8,598.5391,3558.2905,71625.39,155439.03,68901.86,338940.6,642.20233,3771.407,80959.95,174679.03,78897.516,0.0,,,,-6.5,1.1090982e+06,9.9415816e-11,1.7905229e-13,1.8068475e-13,1.7741982e-13,1.3579955e+22,5.3577684e+19,5.5173067e+19,5.19823e+19,1.1690743,0.002222281,0.0025026293,0.0019419324,,,,,,,,,,,,,,,,0.6877766,0.010926766,0.8219585,0.0026075721,0.31059405,0.002489024,-0.20832998,0.0025226455,0.73432976,0.0126016475,0.8063937,0.0032947988,0.30191708,0.0030429047,-0.15346414,0.0030893516,0.59021384,0.02294452,0.85169137,0.0043173055,0.3525107,0.0043802666,-0.32588097,0.0043926863,0.08514455,0.074757405,0.6980911,0.027703151,-0.6527784,0.027788637,0.42950797,0.04309676,13267.625,13268.385,13270.335,13259.824,13167.247,17577.754,17595.3,17624.785,17593.604,17629.463,21484.535,21478.139,21476.488,21288.645,19640.047,34.345036,1.9040947,3.177083,6.154004,10.92325,12.186604,3.2111351,0.2940249,0.3555852,0.5878815,0.86427957,1.109364,2.261941,0.23065072,0.28135097,0.44785732,0.57553643,0.7265455,30498.596,19242.996,18431.309,29865.242,0.3149047,0.9173293,0.94105655,0.9862445,0.9729565,0.9775409,15.274572,,,,,False,False,0.0,0.645734012126923,0.00405882066115737,True,,,,,,,,,,,,,,,,1,FFTFFFFFFFF,FFTFFFFFFF,FFTFFFFFFF,FFTFFFFFFF,136913.548134569,155.80427635462212,3535.1009027927435,57066.34997545419,121271.66086723974,68975.14267232944,0.0,2.163029897270923e-68,0.0,0.0,0.0,0.0,790.4310796110854,440.0294183916015,10.759442566302114,7.2711801721670914,94.66428636326802,82.4302743164612,203.69892111514278,59.97084121256882,2382.1477318287516,1793.4935213464175,835.9120302977883,716.6345605703508,370.0183078370164,12.482158321164738,59.45671453076383,238.88564204542348,348.2408087333243,262.6311913545865,54505.8645601852,57411.3205555556,-32768,,,,,,,CV,3.607,0.00326,0.1235,0.4225,0.4502,0.0004179,7.615e-05,2.452e-12,84187,,,12.681219100952148,0.005231759045273065,,,,,,,,,0.9718499635181381,999999,999999,999999,999999,999999,999999,0,0,0,0,0,0,0.0,,0.0,,0.0,,0.0,,0.0,,0.0,,J003709.63+612136.4,8.104000091552734,0.023000000044703484,8.085000038146973,0.019999999552965164,7.99399995803833,0.01899999938905239,7.520999908447266,0.09600000083446503,0.9935891211395557,427234969757165952,0.2719,0.01209999993443489,22.47107450192714,-1.796,-0.525,9.454655647277832,9.76897144317627,8.949126243591309,0.9893528496049914,https://xmm-catalog.irap.omp.eu/source/3050145010100001,2670.831298828125,Star,0.9987184931552977,0.0011217785021189251,0.0001597283425835001,,,,,,,,,,,,,999999,,3,https://xmm-catalog.irap.omp.eu/source/3050145010100001,719.9,,,,,,,0.7751285908211667,0.8800572477075577,0.7757569312706837,0.7757569313218649,0.7757396712951623,IGR J00370+6122,427234969757165952,"Gaia: XM=F23=SIMBAD; CXO: XM only, F23+SIMBAD absent; XMM: XM=F23=SIMBAD",3.881680860329709e-07
3011220020100012,5XMM J011559.0+590914,,999999,1,1,3,18.996193995164948,59.15405114727107,1.0486424,1.560681,0.85821044,56.25383,126.08007360056634,-3.567571419825292,466.96487,0.1582242,0.14368574,0.17276263,194.14545,0.2090294,0.16815007,0.24990873,-2147483648,-2147483648,-2147483648,-2147483648,-2147483648,-2147483648,-2147483648,-2147483648,-2147483648,169.78905,1,2.3355688e-13,8.124159e-14,4.9332575e-16,8.791287e-16,3.8172175e-15,1.7455058e-15,2.1084878e-14,4.063615e-15,4.1179574e-14,1.04951575e-14,1.6859738e-13,8.029529e-14,2.108537e-13,1.5274046e-13,9.300271e-16,1.2070726e-15,5.6383705e-15,2.3544903e-15,2.3493894e-14,5.7688267e-15,3.9067836e-14,1.5219793e-14,1.4172357e-13,1.518477e-13,2.1960023e-13,1.2882512e-13,0.0,1.7832286e-15,3.080702e-15,3.614737e-15,1.8378604e-14,7.827005e-15,4.230367e-14,2.0580668e-14,1.5583726e-13,1.2686544e-13,2.710457e-13,1.4375339e-13,0.0,1.8471766e-15,0.0,3.745181e-15,1.9096202e-14,8.39581e-15,4.3871445e-14,2.0409252e-14,2.0807803e-13,1.4198793e-13,0.0542473,0.010934176,0.03446949,0.010037311,0.0007783955,0.0010102715,0.004436326,0.0018525366,0.013549633,0.0033270554,0.0075361854,0.002935898,0.008168947,0.008752502,0.009555281,0.0029250714,0.0,0.00027208502,0.00052291836,0.00061356544,0.0036863806,0.0015699407,0.0030847837,0.0015007423,0.0022611986,0.0018408175,0.010222529,0.0032019597,0.0,0.0002811957,0.0,0.00063975184,0.0038343265,0.0016857947,0.003217093,0.0014966105,0.0031711094,0.002163896,86.709625,13.76662,51.46603,11.61781,17.831936,5.199225,17.411661,5.2454143,82.56478,50.167038,0.22858939,10.179917,33.918064,9.377317,0.2608886,16.935032,0.0,0.63970935,8.03644,9.604539,1.6424823,18.27563,0.0,0.0,8.456564,10.933154,2.3087585,0.0,,,,-1.9295578,99.60295,1.6024072e-13,2.1747806e-14,2.0950272e-14,2.2545337e-14,4.8312247e+21,1.15993804e+21,1.1997663e+21,1.119673e+21,1.5302751,0.13340484,0.13518178,0.13162789,,,,,,,,,,,,,,,,0.7312221,0.32856092,0.6518321,0.13685775,-0.19305627,0.15432975,-0.046749275,0.27097446,0.7014623,0.34627306,0.50668997,0.18002853,-0.2851892,0.2115231,0.04029011,0.56910574,1.0,1.0406405,0.7515413,0.27160922,-0.08884689,0.3207324,-0.15405682,0.46293506,,,1.0,0.3336971,-0.087533236,0.31759313,-0.0071982043,0.41291213,1685.9479,1683.2928,1683.932,1610.8162,946.2648,2121.0234,2119.2195,2120.1257,2025.343,1176.554,2011.791,2005.9198,1998.4729,1920.4993,1125.9275,0.15653014,0.015688112,0.015713882,0.023567315,0.021856172,0.07970466,0.068942316,0.0058552027,0.0060059293,0.015755353,0.01214489,0.029180938,0.0630277,0.0048988704,0.0057381797,0.01772094,0.011735222,0.022934493,7553.1333,5813.8794,7553.1333,7542.7095,0.01578753,0.019110562,0.020445058,0.96207356,0.9797867,0.87556994,13.346152,,,,,False,False,,,,False,,,,,,,,,,,,,,,,0,FFFFFFFFFFF,FFFFFFFFFF,FFFFFFFFFF,FFFFFFFFFF,,,,,,,,,,,,,,,,,,,,,,,,,,,,,,,52464.8293171296,52464.9268055556,-32768,,,,,,,Bkg_AGN,4.632,0.04753,0.06915,0.11,0.02982,0.6688,0.07472,1.097e-06,999999,,,,,,,,,,,,,,999999,999999,999999,999999,999999,999999,63,63,63,63,63,63,,,,,,,,,,,,,,,,,,,,,,,999999,,,,,,,,,,,,,,,,,,,,,,,,,,,,999999,,999999,,,,,,,,,0.47587199095232896,1.150749946042265,0.17100876119964623,0.17100876120941366,0.12370557770131745,EM* AS   14,414196617287885312,Gaia: XM=F23=SIMBAD; CXO: none; XMM: XM=F23=SIMBAD,1.4263504522510663e-06
3076465010100001,5XMM J011802.7+651729,,999999,1,1,3,19.511615349627558,65.29152322659206,0.004269063,0.0089014135,0.0083922185,45.002113,125.71014501074033,2.563407537525525,324.76947,0.00047781342,0.0004712822,0.00048434464,343.67822,0.0009543325,0.00093916996,0.00096949504,-2147483648,-2147483648,-2147483648,-2147483648,-2147483648,-2147483648,-2147483648,-2147483648,-2147483648,64.55435,1,1.3551704e-10,2.0449994e-13,2.5216654e-14,8.6011135e-16,8.48594e-14,1.6221567e-15,1.8412299e-12,7.77001e-15,2.5001804e-11,4.75617e-14,1.09000836e-10,1.9863332e-13,1.2321272e-10,2.5850028e-13,1.7788918e-14,9.148892e-16,6.364896e-14,1.8329825e-15,1.4675217e-12,1.01116125e-14,2.1339047e-11,6.3361154e-14,1.0032471e-10,2.5040232e-13,1.5209418e-10,4.8107856e-13,9.6986824e-14,3.9807813e-15,1.9771396e-13,5.5859765e-15,2.3334407e-12,1.7410603e-14,2.8833961e-11,1.0282756e-13,1.2063209e-10,4.69588e-13,1.5983778e-10,4.6494053e-13,7.148091e-14,3.263101e-15,1.384144e-13,4.4568163e-15,2.4242082e-12,1.6941133e-14,3.0590464e-11,1.00809985e-13,1.2661322e-10,4.535301e-13,20.028187,0.025200548,10.889253,0.020007238,0.016943589,0.0008714136,0.051689323,0.001488565,0.860995,0.005932483,4.166876,0.012372533,5.7927485,0.014458231,4.4032006,0.010859308,0.016822364,0.0006904665,0.034522835,0.0009753674,0.47618526,0.0035529817,2.1265047,0.0075835325,1.7491653,0.006809026,4.7357335,0.010809879,0.01239193,0.0005656912,0.024322178,0.0007831518,0.49516878,0.0034603958,2.2692006,0.007478085,1.9346501,0.0069299396,670152.6,831.14484,283956.38,521.76965,178348.67,439.85703,207847.6,474.4301,3.877073e+06,1.2881482e+06,1170.6058,4519.38,97581.625,495410.66,689472.56,1.1879346e+06,2749.5571,6670.284,109936.8,608122.6,460461.16,1.4009926e+06,2113.4048,4842.301,127283.805,719209.4,547549.94,0.0,,,,1061.0,3.8714432e+06,1.5678732e-10,2.5176474e-14,2.7400747e-14,2.29522e-14,3.3112565e+22,3.9339044e+19,5.1068524e+19,2.7603646e+19,0.8331239,0.0011798965,0.0010241566,0.0013356365,,,,,,,,,,,,,,,,0.39761195,0.013177678,0.8889918,0.0018594732,0.64559364,0.001315579,0.030035345,0.0012932768,0.5062547,0.021918574,0.8867312,0.0031640632,0.6575112,0.0021295962,0.16324638,0.0018877801,0.34473473,0.02195338,0.864804,0.0036835673,0.6340822,0.0024724177,-0.097361065,0.0026146322,0.32494998,0.024982248,0.90636146,0.002940818,0.6417492,0.0022721612,-0.07958189,0.0024182538,26192.95,26196.504,26204.205,26172.941,25987.219,40561.965,40580.355,40605.805,40566.785,40398.715,44071.73,44092.223,44132.465,44070.85,43610.176,15.0363,0.14560138,0.2061868,1.3672867,5.5166917,7.800533,0.5419215,0.03720744,0.036991782,0.13904709,0.114066005,0.21460919,0.5587357,0.030574698,0.035793237,0.1372973,0.1269414,0.2281291,46404.91,38142.133,45492.793,46404.91,0.28901526,1.0161233,1.0928617,0.9841115,0.96888614,0.9788488,1.7456686,,,,,False,False,0.0,0.748099386692047,0.0024911817163229,True,,,,,,,,,,,,,,,,1,FFTFFFFFFFF,FFTFFFFFFF,FFTFFFFFFF,FFTFFFFFFF,,,,,,,,,,,,,,,,,,,,,,,,,,,,,,,57255.8640046296,57256.4151273148,-32768,,,,,,,Gal_XRB,3.587,9.266e-05,3.712e-08,0.997,4.814e-05,0.002803,2.261e-05,1.121e-06,999999,,,,,,,,,,,,,,999999,999999,999999,999999,999999,999999,63,63,63,63,63,63,,,,,,,,,,,,,,,,,,,,,,,999999,,,,,,,,,,,,,,,,,,,,,,,,,,,,999999,,3,https://xmm-catalog.irap.omp.eu/source/3076465010100001,,,,,,,,0.6851401108616579,0.8800051775128821,0.6061614770843505,0.606161477128575,0.6061444777956698,2S 0114+650,524924310153249920,Gaia: XM=F23=SIMBAD; CXO: none; XMM: XM=F23=SIMBAD,3.312930704735146e-06
3050528010100001,5XMM J011831.9+634433,,999999,4,3,9,19.633240611707826,63.74255068454575,0.20127425,0.22127402,0.21272068,136.3955,125.92352989718742,1.02829641370578,374.92825,0.036168955,0.03624414,0.03609377,373.76447,0.034982346,0.03519609,0.034768607,-2147483648,-2147483648,-2147483648,-2147483648,-2147483648,-2147483648,-2147483648,-2147483648,-2147483648,43.851746,1,6.365538e-14,2.4377051e-15,1.7734656e-16,1.0172506e-16,1.7372401e-15,2.3313142e-16,2.6256846e-14,8.3465753e-16,3.3398906e-14,1.7055506e-15,5.119969e-16,1.0275485e-15,6.208924e-14,2.902075e-15,1.07963964e-16,1.1136232e-16,1.9414658e-15,3.0140328e-16,2.6917997e-14,1.1722438e-15,3.3089742e-14,2.4053783e-15,3.2072856e-17,1.0764729e-15,7.6487766e-14,7.897431e-15,4.778259e-16,3.7868278e-16,2.4823571e-15,6.404307e-16,2.4983162e-14,1.7319053e-15,3.4511534e-14,3.5646407e-15,1.4032887e-14,6.7904124e-15,6.306482e-14,5.4625722e-15,5.6491957e-16,3.3280314e-16,9.165972e-16,4.4932287e-16,2.6105904e-14,1.6344637e-15,3.3028905e-14,3.2926508e-15,2.4484948e-15,4.001753e-15,0.040008716,0.0010704194,0.023682829,0.00086538366,8.9097404e-05,9.4919036e-05,0.0015327716,0.00023842098,0.015631905,0.00067961495,0.0064272047,0.0004661609,1.8497562e-06,6.206597e-05,0.00831219,0.0004651352,8.5128755e-05,6.2434934e-05,0.00042171148,0.00010920488,0.0050646835,0.0003500211,0.0025370766,0.00026135612,0.00020358941,9.851462e-05,0.008013699,0.00042492145,9.162891e-05,5.3417098e-05,0.00015798165,7.7393495e-05,0.0052847173,0.0003302324,0.0024420307,0.00024276844,3.7341073e-05,6.103407e-05,2297.5063,55.863693,1106.5364,38.065163,557.74036,28.265156,633.2297,29.544485,4441.2544,2209.7402,0.58396673,66.47737,1649.1383,514.41205,1.0651789e-08,978.1351,3.1464515,28.781818,655.29785,303.52896,2.1241229,1257.9822,1.8505843,17.27605,903.5558,352.79367,0.45580795,0.0,,,,-3.788086,4409.4,7.466899e-14,1.7895104e-15,1.8039341e-15,1.7750868e-15,2.255015e+22,6.140398e+20,6.215358e+20,6.065424e+20,4.1645093,0.05852565,0.057615466,0.05943584,,,,,,,,,,,,,,,,0.8006342,0.09571071,0.8717546,0.017072776,-0.38668185,0.025509307,-0.98604035,0.017345728,0.8901299,0.11179177,0.82140404,0.026269322,-0.41727442,0.034918997,-0.99942464,0.019302452,0.6640805,0.21739165,0.84627014,0.038035624,-0.33250278,0.055167332,-0.8514307,0.068041995,0.265825,0.35383454,0.94194734,0.027837627,-0.3679021,0.050763793,-0.96987855,0.04858162,41529.965,41535.125,41547.87,41504.883,41198.03,57751.625,57718.29,57657.86,57705.703,57423.164,62167.535,62176.83,62199.062,62139.066,61535.484,1.8930677,0.17892958,0.20733917,0.36112827,0.3586274,0.7870433,0.80213934,0.06441518,0.06141986,0.2346915,0.15641794,0.28519487,0.83006144,0.06396839,0.065688096,0.22872987,0.1483433,0.3233318,63850.71,48519.125,61484.61,63850.71,0.016259618,0.017528621,0.013364719,0.9856535,0.9889582,0.9879312,0.16626069,,,,,False,False,0.0617290325462818,0.39623561501503,0.170598521828651,False,,,,,,,,,,,,,,,,0,FFFFFFFFFFF,FFFFFFFFFF,FFFFFFFFFF,FFFFFFFFFF,57.728337588085516,0.9565670295682168,2.588429915243447,76.39574742780722,50.79390944487422,0.14207986713696294,2.612364917537552e-37,0.41215404369295705,0.05111987393152159,2.072720019521476e-49,8.07155358746871e-33,0.9347702286318473,2.66825345844929,0.3168457193048977,7.416129583100822,20.76381055778521,2.0073036066995598,0.7455477959815633,2.4611848477843266,0.22072319781560257,3.5415150099859884,0.5787039781958102,9.336933652191025,66.15240524024334,10.622020816051752,1.3298868094699747,2.1205748365794665,11.928245140496717,10.066018761646651,0.5263292278685664,54302.0563078704,58141.8483217593,-32768,,,,,,,Bkg_AGN,5.229,0.0691,0.004443,0.2251,0.06619,0.5567,0.07849,1.708e-06,577800,,,,,19.093612598343356,0.02916789927679442,17.7501819703705,0.009138115043143913,16.566172318387345,0.00560076203624276,15.060635770439921,0.003227969260642228,0.9980486799424053,999999,999999,999999,999999,999999,999999,0,0,0,0,0,0,,,,,0.38515472412109375,1.0,40.0876579284668,1.0,60.332271575927734,1.0,32.408546447753906,2.0,J011831.93+634432.9,10.729999542236328,0.024000000208616257,10.574999809265137,0.020999999716877937,10.579999923706055,0.08699999749660492,8.520000457763672,,0.9935606766164,524677469790488960,0.1363,0.016300000250339508,8.361963061758914,-1.684,0.504,14.304468154907227,15.436176300048828,13.246358871459961,0.9892758716106058,https://xmm-catalog.irap.omp.eu/source/3050528010100001,3717.72265625,Star,0.9996323032115467,8.581772474737664e-05,0.0002818790637058651,1.3531968225403072e-13,1.2805697094915468e-13,1.4337423456669595e-13,1.0408857098245103e+22,9.620797907216676e+21,1.1119747513698277e+22,2.951656165567601,2.8868395849702395,2.987744402238202,,,,434,0.04,6,https://xmm-catalog.irap.omp.eu/source/3050528010100001,,,,,,,,0.12648360436861933,0.891434608396424,0.020132118798151803,0.02013211880034046,0.020146224358601538,4U 0115+634,524677469790488960,Gaia: XM=F23=SIMBAD; CXO: none; XMM: XM=F23=SIMBAD,1.1375915374716714e-06
3060385010100002,5XMM J013549.8+661243,,999999,1,1,3,23.957837904690262,66.21207592738331,0.3964931,0.43741557,0.4067004,140.19254,127.39445831966287,3.7257188221459647,325.27338,0.070235625,0.07004877,0.07042248,352.2746,0.06994556,0.06971147,0.070179656,-2147483648,-2147483648,-2147483648,-2147483648,-2147483648,-2147483648,-2147483648,-2147483648,-2147483648,45.98099,1,1.1736875e-13,8.784824e-15,1.5516591e-16,1.3541439e-16,1.950766e-16,1.6760183e-16,8.7897e-15,7.695268e-16,3.7407526e-14,2.5893382e-15,7.051539e-14,8.351795e-15,1.11064695e-13,1.1683331e-14,3.5601374e-16,2.2465357e-16,3.2977208e-16,2.53367e-16,7.794645e-15,1.009289e-15,3.4343025e-14,3.4976983e-15,6.8241237e-14,1.1096531e-14,1.360783e-13,2.0128747e-14,0.0,1.9749922e-16,0.0,2.8581269e-16,8.782394e-15,1.5708987e-15,4.1213615e-14,5.4810058e-15,8.608229e-14,1.9301208e-14,1.1737067e-13,1.777863e-14,1.5498949e-16,3.3180308e-16,2.323266e-16,3.5851175e-16,1.2036268e-14,1.8203176e-15,4.10356e-14,5.413541e-15,6.391149e-14,1.6829174e-14,0.028090155,0.0014079142,0.015611038,0.0011305937,0.00029796927,0.00018802605,0.00025946798,0.00019935169,0.004495406,0.00058208726,0.0066247694,0.000674706,0.003933425,0.00063960406,0.0060159233,0.00058371044,0.0,3.0134432e-05,0.0,4.8513844e-05,0.0017615726,0.00031509087,0.0030052967,0.00039967493,0.0012490541,0.0002800605,0.006463194,0.0006027126,2.359405e-05,5.051038e-05,3.968603e-05,6.124098e-05,0.0024167623,0.00036550156,0.0030091405,0.00039697497,0.00097401114,0.0002564766,628.8381,31.001595,315.2448,22.747229,150.05695,14.5444565,163.53633,15.235526,814.498,328.02505,1.5650909,0.7954802,98.83998,184.44011,47.293777,224.94261,0.0,0.0,61.898716,135.91843,32.901253,263.8891,0.028300473,0.14735654,95.902565,149.97635,23.57404,0.0,,,,-2.9649658,840.51794,1.0800035e-13,5.2700467e-15,5.205578e-15,5.3345152e-15,2.091893e+22,1.6056522e+21,1.6197093e+21,1.591585e+21,1.9135368,0.06793285,0.06840803,0.067457676,,,,,,,,,,,,,,,,-0.024298733,0.45921963,0.9663085,0.033408925,0.18600312,0.053205397,-0.37428012,0.058295835,-0.06906833,0.49474323,0.89086235,0.08039379,0.19148648,0.07934925,-0.25490573,0.08970104,,,1.0,0.05508016,0.26091006,0.10385909,-0.41281095,0.10813322,0.25429776,1.2341732,0.9676883,0.04929088,0.109175935,0.0991484,-0.5109344,0.10881663,20540.453,20538.062,20538.943,20478.86,19269.928,25338.725,25337.42,25341.068,25252.328,23638.752,25465.525,25457.6,25447.678,25429.057,24542.428,1.2500238,0.083426364,0.11895499,0.21311335,0.2736518,0.5608774,0.43575668,0.022838378,0.026824785,0.11892389,0.089555725,0.17761391,0.39496958,0.025398405,0.027505986,0.111426815,0.07256498,0.1580734,28621.115,26063.764,28613.379,28621.115,0.007150084,0.012031847,0.012926388,0.9906251,0.9883181,0.990599,1.8510644,,,,,False,False,0.0336919724941254,0.303232878446579,0.117687962949276,False,,,,,,,,,,,,,,,,0,FFFFFFFFFFF,FFFFFFFFFF,FFFFFFFFFF,FFFFFFFFFF,,,,,,,,,,,,,,,,,,,,,,,,,,,,,,,55043.5999537037,55043.9312962963,-32768,,,,,,,Bkg_AGN,4.685,0.08189,0.009416,0.04253,0.02004,0.6842,0.1619,2.776e-07,668984,,,19.470291137695312,0.09677463769912721,16.778030395507812,0.014078073203563688,15.679092407226562,0.008126786909997463,,,,,0.9973357939120453,999999,999999,999999,999999,999999,999999,0,0,0,0,0,0,0.0,,0.0,,0.0,,0.0,,0.0,,0.0,,J013549.85+661243.2,8.625,0.023000000044703484,8.255000114440918,0.019999999552965164,7.355000019073486,0.019999999552965164,5.978000164031982,0.04399999976158142,0.9956731670638278,519352324516039680,0.1669,0.010999999940395355,15.172727354942275,-1.626,-0.027,12.461552619934082,13.468391418457031,11.464950561523438,0.9945004239464663,https://xmm-catalog.irap.omp.eu/source/3060385010100002,,Star,0.9994369409582248,0.00021500780230332273,0.00034805123947192286,1.0018509320314986e-13,9.113241218730542e-14,1.1018535297159984e-13,1.2692933305592818e+22,1.0225327449283498e+22,1.563715767941847e+22,1.591423451075907,1.3902479158478973,1.8211000366752657,1.117406039263098,0.9758393259262379,1.2797220387883566,379,0.682,0,https://xmm-catalog.irap.omp.eu/source/3060385010100002,,,,,,,,0.2575258500227099,0.9235818274420293,0.07774829977150936,0.07774829977516647,0.07835984558884428,IGR J01363+6610,519352324516039680,Gaia: XM=F23=SIMBAD; CXO: none; XMM: XM=F23=SIMBAD,9.783135048151494e-07
3020116010100001,5XMM J014700.2+612123,,999999,1,1,3,26.751085889870577,61.35664754673479,0.034810476,0.049838804,0.030468697,135.05278,129.541184303648,-0.8000163750395674,240.50568,0.0069218,,0.0069218,431.59384,0.0052748704,0.005282095,0.005267645,-2147483648,-2147483648,-2147483648,-2147483648,-2147483648,-2147483648,-2147483648,-2147483648,-2147483648,33.1385,1,2.588753e-11,1.831572e-13,2.3875731e-14,1.4133754e-15,2.5347592e-13,4.5001027e-15,1.7713154e-12,1.2622356e-14,6.2834317e-12,4.064591e-14,1.757379e-11,1.776793e-13,2.434522e-11,2.2238506e-13,2.074344e-14,1.573032e-15,2.4411698e-13,5.4179205e-15,1.7549326e-12,1.6934733e-14,6.128455e-12,5.525465e-14,1.6196973e-11,2.146705e-13,2.9683415e-11,4.752716e-13,3.7493378e-14,4.641421e-15,2.7213355e-13,1.1527001e-14,1.757915e-12,2.6767024e-14,6.506485e-12,8.61235e-14,2.1109387e-11,4.664708e-13,2.8673603e-11,4.401448e-13,3.6540347e-14,4.470329e-15,2.7638663e-13,1.1331968e-14,1.8257173e-12,2.6784847e-14,6.428173e-12,8.364329e-14,2.0106786e-11,4.3112112e-13,5.7197614,0.024785861,3.3373299,0.019545015,0.01736143,0.0013165649,0.19207369,0.004262874,1.0121223,0.009766769,1.182179,0.010658622,0.9335935,0.012373608,1.1852654,0.010881527,0.0057207397,0.000708188,0.04619195,0.0019565932,0.3526026,0.00536893,0.47445288,0.0062801256,0.3062972,0.0067684907,1.197166,0.010673503,0.005562537,0.00068051816,0.047212366,0.0019357267,0.36658576,0.0053781294,0.47137794,0.0061335624,0.30642742,0.006570286,63922.293,268.03415,34346.035,195.36519,14445.343,128.55855,15130.916,130.94824,274974.25,133862.14,534.3522,8208.024,47015.957,55457.66,22650.348,69519.72,218.22592,2550.6604,22955.37,34257.938,9542.149,71595.04,225.27519,2802.4243,24380.305,33883.33,10308.274,0.0,,,,-5.84375,274944.28,2.317785e-11,9.498759e-14,9.4627173e-14,9.534799e-14,7.4956494e+21,6.6145115e+19,6.690374e+19,6.5386936e+19,1.2755021,0.0043908544,0.004414911,0.0043667974,,,,,,,,,,,,,,,,0.8185246,0.009932609,0.7264207,0.004544572,0.1052615,0.004755692,-0.16168033,0.0058116955,0.83420706,0.012013988,0.6809926,0.0064888895,0.077499256,0.0065635266,-0.11749159,0.007904212,0.7796015,0.025658993,0.7683421,0.009219497,0.14733027,0.009868836,-0.21537709,0.012281987,0.7891977,0.024332393,0.7718097,0.008803071,0.12505575,0.009651582,-0.21207173,0.011976463,11610.93,11591.324,11646.221,11335.079,7209.316,13473.191,13467.183,13476.65,13239.9,8856.037,14108.766,14098.325,14100.941,13719.574,8976.062,3.2928576,0.064974695,0.27005628,1.0672187,1.149097,0.74151117,0.32527056,0.018893166,0.03147128,0.10449391,0.06673541,0.10367681,0.3194673,0.018794235,0.027831087,0.104479775,0.07507342,0.09328879,29549.002,26526.674,29549.002,29463.2,1.528546,2.3705308,2.394332,0.93878853,0.9208337,0.98322445,10.026094,,,,,False,False,0.0,0.494618833065033,0.0102871768176556,True,,,,,,,,,,,,,,,,1,FFTFFFFFFFF,FFTFFFFFFF,FFTFFFFFFF,FFTFFFFFFF,,,,,,,,,,,,,,,,,,,,,,,,,,,,,,,53018.9452662037,53019.4276388889,-32768,,,,,,,Gal_XRB,4.83,0.1738,1.983e-07,0.6197,0.07149,0.1339,0.001088,8.273e-07,687732,,,,,,,,,,,,,0.9847223213017865,999999,999999,999999,999999,999999,999999,0,0,0,0,0,0,,,,,,,,,,,,,,,,,,,,,,,999999,,,,,,,,,,https://xmm-catalog.irap.omp.eu/source/3020116010100001,,,,,,,,,,,,,,,,,,999999,,3,https://xmm-catalog.irap.omp.eu/source/3020116010100001,,,,,,,,0.45169157114477654,0.8803441853160898,0.2632564209733021,0.26325642099577196,0.2633200647906184,RX J0146.9+6121,511220031584305536,Gaia: XM=F23=SIMBAD; CXO: none; XMM: XM=F23=SIMBAD,1.5372833611153311e-06
3011243010100001,5XMM J024031.7+611345,,999999,22,15,45,40.1321190026269,61.229301412304544,0.011723862,0.013170761,0.012929817,135.00494,135.67536586550096,1.0861364974885155,705.56085,0.002054488,0.0021084007,0.0020005754,734.58813,0.002090368,0.0021358833,0.0020448526,-2147483648,-2147483648,-2147483648,-2147483648,-2147483648,-2147483648,-2147483648,-2147483648,-2147483648,41.802174,1,1.0339733e-11,2.4066415e-14,2.4144652e-14,4.217513e-16,2.4184864e-13,1.2837176e-15,1.306359e-12,3.1133166e-15,3.2413473e-12,8.405908e-15,5.5506e-12,2.2231931e-14,9.846117e-12,3.054654e-14,2.091065e-14,4.726603e-16,2.2993844e-13,1.5555787e-15,1.2499383e-12,4.180383e-15,3.0770597e-12,1.1512994e-14,5.2682698e-12,2.7936055e-14,1.09477176e-11,5.502506e-14,3.8765574e-14,1.3692588e-15,2.696047e-13,3.2619133e-15,1.3636363e-12,6.622641e-15,3.3759846e-12,1.7397001e-14,5.8997265e-12,5.1659726e-14,1.1350983e-11,5.550778e-14,3.504724e-14,1.2777931e-15,2.6507824e-13,3.1688714e-15,1.3894193e-12,6.572802e-15,3.4818455e-12,1.7397342e-14,6.179592e-12,5.218783e-14,3.1525998,0.0048591103,1.816524,0.0038719876,0.017501377,0.0003955978,0.18091786,0.0012239448,0.72087693,0.0024109522,0.5935648,0.0022208565,0.30366307,0.0016102341,0.65697753,0.0020702572,0.005914851,0.00020892151,0.045762703,0.00055367715,0.27351817,0.0013283694,0.2461768,0.0012685893,0.08560503,0.00074958266,0.6790981,0.0020815134,0.005335241,0.00019451845,0.045280665,0.0005413066,0.27898148,0.0013197529,0.25532374,0.0012757471,0.09417698,0.00079534255,501310.75,742.62274,256715.64,529.361,119230.97,363.98102,125364.14,372.5362,2.361909e+06,1.147295e+06,6604.0737,102337.03,486354.88,388087.34,163944.11,583777.8,2778.7014,33256.695,250049.62,234485.17,63245.535,630846.56,2601.8704,34903.777,267467.9,255368.84,70543.195,0.0,,,,-6.75,2.3463042e+06,1.0681267e-11,1.4261558e-14,1.4261558e-14,,6.7936885e+21,1.8254892e+19,1.9352671e+19,1.7157113e+19,1.6656603,0.0015827543,0.0014931303,0.0016723782,,,,,,,,,,,,,,,,0.8087439,0.003071687,0.66298616,0.0016373236,-0.07235548,0.0017490502,-0.40213355,0.0019940871,0.823592,0.0037951309,0.5987605,0.0024205653,-0.09685642,0.0024856806,-0.32310826,0.0029061486,0.7710862,0.007568535,0.713339,0.0032016025,-0.05261047,0.003530741,-0.48396793,0.0038901775,0.78918713,0.007236079,0.72071564,0.0030892042,-0.044277467,0.0034336245,-0.46107692,0.0038632595,132651.48,132666.4,132708.78,132572.33,131657.58,174794.56,174923.33,175136.75,174910.25,174976.84,177296.92,177355.81,177476.86,177255.3,175486.62,20.940208,1.121755,2.2166474,4.4006667,5.3753004,7.8258386,4.6524663,0.3281399,0.43834206,0.9929396,1.0591484,1.8338964,4.5093017,0.30697727,0.4528576,0.99288,1.0421041,1.7144828,189376.39,161103.6,184033.81,185350.66,0.93920726,2.1386945,2.1194515,0.9873352,0.98920894,0.98816854,22.661106,,,,,False,False,0.0,0.542372822761536,0.00735804811120033,True,,,,,,,,,,,,,,,,1,FFTFFFFFFFF,FFTFFFFFFF,FFTFFFFFFF,FFTFFFFFFF,1024.134826790533,9.784723491344293,109.18687175467836,729.9047995970335,766.1179559910636,417.4634558776127,0.0,1.0546608290499957e-23,0.0,0.0,0.0,0.0,3.1658482206784346,0.08269106950045121,2.0310131371672453,0.15860908367180393,2.978330566996917,0.19397459111622198,3.0615503951943963,0.07651760790626509,2.9917802937241595,0.07994219602721814,3.3205058974678394,0.14940672393074414,79.62567706813161,8.242705388418722,24.122856962490626,65.8336383474128,67.45372818937386,51.20798045581626,52310.0768055556,59985.3128587963,-32768,,,,,,,Gal_XRB,4.824,0.1468,3.749e-07,0.7141,0.007953,0.1275,0.003694,2.016e-07,863656,15.046465014678805,0.005309607388470935,14.664041330130173,0.0011172501294612798,,,,,,,,,0.9995404408026702,999999,999999,999999,999999,999999,999999,0,0,0,0,0,0,3.489990234375,1.0,109.97406768798828,8.0,,,,,,,,,J024031.66+611345.5,7.59499979019165,0.029999999329447746,7.4120001792907715,0.020999999716877937,6.9629998207092285,0.017000000923871994,6.552999973297119,0.0689999982714653,0.9949833344963475,465645515129855872,0.3776,0.013000000268220901,29.04615324686266,-0.423,-0.256,10.40222454071045,10.956624984741211,9.673550605773926,0.9912282040025095,https://xmm-catalog.irap.omp.eu/source/3011243010100001,,Star,0.9787398211403037,0.007878526422582115,0.013381652437114115,,,,,,,,,,,,,999999,,3,https://xmm-catalog.irap.omp.eu/source/3011243010100001,22.6,,,,,,,0.3417415366939964,0.8800390471282764,0.15079663542733476,0.1507966354355635,0.15079544233208467,LS I+61 303,465645515129855872,Gaia: XM=F23=SIMBAD; CXO: XM=F23=SIMBAD; XMM: XM=F23=SIMBAD,2.0381435706386848e-06
3081121290100002,5XMM J024340.6+612603,,999999,22,1,1,40.919453349867126,61.43432099301416,0.05054009,0.056078706,0.03420697,45.03504,135.9346218005388,1.42894203587856,368.43445,0.004578717,0.0039251572,0.0052322764,924.19556,0.011776211,0.0010552831,0.022497138,-2147483648,-2147483648,-2147483648,-2147483648,-2147483648,-2147483648,-2147483648,-2147483648,-2147483648,131.1902,1,1.2418899e-09,2.4794923e-12,1.3549271e-12,3.2244068e-14,3.9151217e-12,4.6173348e-14,4.4756917e-11,1.385086e-13,2.7003932e-10,4.6657524e-13,9.218237e-10,2.4306035e-12,,,,,,,,,,,,,1.2418899e-09,2.4794923e-12,1.3549271e-12,3.2244068e-14,3.9151217e-12,4.6173348e-14,4.4756917e-11,1.385086e-13,2.7003932e-10,4.6657524e-13,9.218237e-10,2.4306035e-12,,,,,,,,,,,,,40.73419,0.054181665,,,,,,,,,,,,,40.73419,0.054181665,0.13518108,0.0032169905,0.5399736,0.0063682282,7.9985085,0.024752872,18.878448,0.032618277,13.182078,0.03475763,,,,,,,,,,,,,742659.25,,,,742659.25,987.66315,,,3.457878e+06,,,,,,,3.457878e+06,7779.83,31344.771,562625.9,1.7131689e+06,1.142941e+06,,,,,,,11.621468,0.1735938,0.34609646,0.0010911629,300612.75,3.4578468e+06,1.3794426e-09,1.393284e-12,1.5414714e-12,1.2450967e-12,1.1608636e+22,3.1947729e+19,3.068496e+19,3.3209805e+19,0.78494596,0.0015347905,0.0018724668,0.0011971142,,,,,,,,,,,,,,,,0.59955525,0.008506183,0.87352,0.0014446275,0.4048055,0.0014817717,-0.1776755,0.0015264452,,,,,,,,,0.59955525,0.008506183,0.87352,0.0014446275,0.4048055,0.0014817717,-0.1776755,0.0015264452,,,,,,,,,,,,,,18244.516,18245.24,18246.389,18242.72,18206.75,,,,,,,,,,,,1.354241,0.026161626,0.10263396,0.6203166,0.2717802,0.33334863,,,,,,,18653.7,0.0,18653.7,0.0,,4.911789,,0.0,0.95886856,0.0,39.5094,,,,,False,False,0.0,0.0496479012072086,0.00154391978867352,True,,,,,,,,,,,,,,,,1,FFTFFFFFFFF,FFFFFFFFFF,FFTFFFFFFF,FFFFFFFFFF,,,,,,,,,,,,,,,,,,,,,,,,,,,,,,,58161.5771643519,58161.7896875,-32768,,,,,,,Extended,4.508,2.6e-10,2.709e-08,1.596e-06,3.448e-08,6.592e-10,2.137e-10,1.0,873336,17.724123001098633,0.0407198928296566,17.28380012512207,0.017227590084075928,15.20474338531494,0.0035812593996524806,,,,,,,0.8259058549791998,999999,999999,999999,999999,999999,999999,0,0,0,0,0,0,,,3.9538400173187256,1.0,11.461639404296875,1.0,,,,,,,J024340.39+612603.6,9.897000312805176,0.023000000044703484,9.727999687194824,0.019999999552965164,9.119000434875488,0.06700000166893005,7.828999996185303,0.20100000500679016,0.9956673066578625,465628193526364416,0.1815,0.011300000362098217,16.06194638796441,-0.729,0.134,12.386541366577148,13.053085327148438,11.57657527923584,0.9938451566943881,https://xmm-catalog.irap.omp.eu/source/3081121290100002,5226.904296875,Star,0.9997895128624051,0.0001205606337600094,8.99265038347991e-05,,,,,,,,,,,,,999999,,3,https://xmm-catalog.irap.omp.eu/source/3081121290100002,,,,,,,,1.7700832110949132,0.8807253546530575,4.039302398804297,4.039302398984089,4.041585424232912,Swift J0243.6+6124,465628193526364416,Gaia: XM=F23=SIMBAD; CXO: none; XMM: XM=F23=SIMBAD,3.659335049268778e-06
3050619010100001,5XMM J033459.8+531022,,999999,3,1,3,53.74942575323969,53.1729492060042,0.453267,0.5026216,0.4788135,51.693523,146.05209896331334,-2.1942511713999022,349.33282,0.07963522,0.08606064,0.07320979,354.39813,0.08061587,0.0810965,0.08013524,-2147483648,-2147483648,-2147483648,-2147483648,-2147483648,-2147483648,-2147483648,-2147483648,-2147483648,127.991104,1,4.0547694e-14,4.159811e-15,1.6659876e-17,1.0774485e-16,1.5100476e-15,3.8282895e-16,1.5078149e-14,1.1493702e-15,2.1452402e-14,2.4040578e-15,0.0,2.3436406e-15,3.3108085e-14,6.7500348e-15,0.0,1.1261916e-16,1.589859e-15,4.986174e-16,1.2425625e-14,1.5413275e-15,1.90926e-14,3.462424e-15,0.0,5.5621575e-15,4.6965897e-14,6.449278e-15,9.0008844e-17,4.9754853e-16,1.388507e-15,9.744208e-16,1.840817e-14,2.4832024e-15,2.707921e-14,5.167026e-15,0.0,2.7443914e-15,4.1308113e-14,9.205758e-15,3.2911674e-16,5.542166e-16,1.3996173e-15,7.563976e-16,1.8393785e-14,2.3982105e-15,2.1185593e-14,4.378741e-15,0.0,7.677363e-15,0.023552468,0.0015162801,0.012100111,0.001225509,0.0,9.425773e-05,0.001250917,0.00039231713,0.007166231,0.0008889298,0.0036829626,0.0006679016,0.0,0.00032060276,0.0059163454,0.0006517306,1.3733549e-05,7.591595e-05,0.00023568519,0.00016539817,0.0036923108,0.00049808074,0.001974616,0.00037677953,0.0,3.982112e-05,0.0055360114,0.00061031204,5.010144e-05,8.4368396e-05,0.00023908263,0.00012920784,0.003693288,0.0004815367,0.0015535395,0.00032109307,0.0,0.00011700301,383.26294,23.67952,149.8399,15.167564,116.961044,12.882601,116.462006,12.833674,553.026,187.97212,0.0,14.126676,133.04016,46.682648,0.0,175.47176,0.0006640547,1.7397736,125.01812,55.162205,0.0,191.85484,0.0737431,5.02697,146.00809,46.8971,0.0,0.0,,,,-2.776062,573.2622,4.010739e-14,2.4163595e-15,2.381978e-15,2.4507408e-15,1.9049616e+22,1.3016578e+21,1.306991e+21,1.2963234e+21,3.8743114,0.13603681,0.13325351,0.1388201,,,,,,,,,,,,,,,,0.9670447,0.14016324,0.8341443,0.04306307,-0.3445398,0.058905613,-1.0,0.03802013,1.0,0.15070182,0.7027694,0.08534714,-0.32106236,0.09853302,-1.0,0.17410046,0.8898756,0.5798412,0.87999725,0.08061126,-0.30310872,0.10610519,-1.0,0.040333025,0.65349793,0.50663614,0.8784028,0.06349036,-0.40781757,0.10186487,-1.0,0.15062764,12382.546,12384.158,12387.911,12374.2,12287.039,19692.045,19728.66,19791.95,19731.848,19872.674,21022.04,21029.979,21046.041,21017.672,20801.031,0.8301819,0.059852492,0.07211712,0.12226875,0.17921154,0.396732,0.3843054,0.025236884,0.024287382,0.08819254,0.07687467,0.1697139,0.3971429,0.025031548,0.025049837,0.085386716,0.07877808,0.18289672,22097.309,14500.0,21161.309,22097.309,0.0055420278,0.0013653106,0.0012775413,0.9807395,0.96967727,0.9789096,0.23956774,,,,,False,False,0.966822028160095,,,False,,,,,,,,,,,,,,,,0,FFFFFFFFFFF,FFFFFFFFFF,FFFFFFFFFF,FFFFFFFFFF,,,,,,,,,,,,,,,,,,,,,,,,,,,,,,,54506.9479513889,54507.3655671296,-32768,,,,,,,Gal_XRB,4.87,0.1201,0.001924,0.516,0.005933,0.3202,0.03586,1.765e-07,999999,,,,,,,,,,,,,,999999,999999,999999,999999,999999,999999,63,63,63,63,63,63,,,,,,,,,,,,,,,,,,,,,,,999999,,,,,,,,,,,,,,,,4.9334225864357967e-14,4.4494623415668036e-14,5.439808162051905e-14,1.021368081850939e+22,9.35035801018602e+21,1.1188575530020776e+22,2.9363507580964745,2.838225861466717,2.9829270912010517,1.112968491226224,0.9770654186328502,1.2657975315768661,851,0.337,0,https://xmm-catalog.irap.omp.eu/source/3050619010100001,20260.4,,,,,,,0.8157137998245125,0.9365497799373144,0.7586018311250439,0.7586018312660782,0.7525843311122977,V 0332+53,444752973131169664,Gaia: XM=F23=SIMBAD; CXO: XM=F23=SIMBAD; XMM: XM=F23=SIMBAD,1.1448553509672435e-06
3015138010100002,5XMM J035523.0+310245,,999999,2,2,6,58.84590157882192,31.04584245332626,0.0009952112,,0.00014870847,135.00003,163.08118032256544,-17.136340919112524,316.5,0.00024643913,,0.00024643913,314.94083,3.4213805e-05,2.043479e-05,4.7992817e-05,-2147483648,-2147483648,-2147483648,-2147483648,-2147483648,-2147483648,-2147483648,-2147483648,-2147483648,14.981648,2,5.012434e-10,1.5872445e-13,2.5669458e-12,7.925722e-15,1.0940414e-11,1.1023064e-14,3.741714e-11,1.9592614e-14,1.2969731e-10,5.870063e-14,3.138354e-10,1.365806e-13,5.4890414e-10,2.3154024e-13,3.5386021e-12,1.2501425e-14,1.212829e-11,1.3593394e-14,4.169893e-11,3.9603114e-14,1.47266e-10,1.13416736e-13,3.4427233e-10,1.9707373e-13,4.6289947e-10,2.403917e-13,2.1479296e-12,1.53991e-14,8.937845e-12,2.7909634e-14,3.6490904e-11,2.7432082e-14,1.2782769e-10,1.1971393e-13,2.8749508e-10,2.0417674e-13,4.408773e-10,5.1740974e-13,1.7278684e-12,1.37313375e-14,8.426103e-12,2.5529639e-14,3.506948e-11,3.9572234e-14,1.2104008e-10,8.3713676e-14,2.7461378e-10,5.0823083e-13,118.78224,0.036925357,77.22443,0.032886267,1.96651,0.0069174194,7.4425397,0.008341942,21.172163,0.020119824,27.01951,0.020810373,19.623703,0.011233385,21.161898,0.0110416105,0.23358512,0.0016604856,1.2866675,0.0039627864,6.5540195,0.0049272734,8.974797,0.008405154,4.1128283,0.0029208974,20.395918,0.0126514165,0.18474972,0.0014615894,1.2016861,0.0036437633,6.3497214,0.0071660536,8.5264635,0.0058970354,4.1332974,0.007649689,1.2331011e+07,3757.0518,7.2258975e+06,3105.536,2.5958702e+06,1401.982,2.5092432e+06,1582.8867,3.0814602e+07,1.8332604e+07,572025.94,1.9816384e+06,4.7788145e+06,6.3111045e+06,4.688998e+06,7.084583e+06,64230.79,352368.44,2.306361e+06,3.0010655e+06,1.3605385e+06,5.397405e+06,43454.434,306787.8,1.7084576e+06,2.287387e+06,1.0512999e+06,10.611927,5.305966,10.611927,5.068101e-06,3.195664e+06,2.9903034e+07,5.4979393e-10,4.000411e-15,4.000411e-15,,3.0000008e+20,,,,1.7,,,,,,,,,,,,,,,,,,,0.6386955,0.0009211559,0.57028675,0.00041587983,0.14123806,0.00035242765,-0.26879284,0.0003195705,0.581996,0.0012206803,0.47981012,0.0005655882,0.121335216,0.00060260587,-0.15856127,0.00046775228,0.69270223,0.0020149082,0.6717972,0.0008697569,0.15588945,0.00058588234,-0.37149358,0.0005065734,0.7334897,0.0019570887,0.6817318,0.0008658658,0.14632389,0.0006476428,-0.34701806,0.00086891465,93751.01,93756.96,93773.04,93708.67,93035.195,122930.01,122929.34,122928.49,122916.33,122702.52,123081.11,123091.17,123120.83,123035.234,121877.41,276.30225,10.064668,29.117706,71.28497,91.15522,74.67968,111.950905,0.30028468,103.509834,2.8320842,2.4987314,2.8099687,9.641937,0.3282679,0.83667517,2.945107,2.6519504,2.879937,130490.64,111149.0,127598.0,130490.64,12.703333,9.16242,8.842107,0.913029,0.9223566,0.9244989,1.7011951,,,,,False,False,0.0,0.256456643342972,0.00220146286301315,True,,,,,,,,,,,,,,,,1,FFTFFFFFFFF,FFTFFFFFFF,FFTFFFFFFF,FFTFFFFFFF,529.1550955378282,1460.8659657892997,6368.037583858122,117.07105316789144,22.487721708607836,68.42530261816039,1.5518935815736864e-230,0.0,0.0,1.434457278930591e-51,1.7127995941922006e-10,1.9198559778603518e-30,1.0357858593278493,0.0016087830300461842,1.3506536008916947,0.0117036090919829,1.3475741472439002,0.005732517146986566,1.0203277259203651,0.0019135734516582507,1.0085306981427933,0.0018132100810824747,1.0190475101184184,0.002344845618808403,23.003371395033124,38.22127634955824,79.79998486126499,10.819937761738347,4.742122068083848,8.27195881385784,52695.7121412037,55252.0558333333,-32768,,,,,,,Extended,4.822,3.966e-06,1.729e-08,0.000108,2.971e-05,9.237e-05,8.552e-07,0.9998,999999,,,,,,,,,,,,,,999999,999999,999999,999999,999999,999999,63,63,63,63,63,63,,,,,,,,,,,,,,,,,,,,,,,999999,,,,,,,,,,,,,,,,,,,,,,,,,,,,999999,,3,https://xmm-catalog.irap.omp.eu/source/3015138010100002,,,,,,,,0.7684707106417272,0.8800002813764625,0.7625863311062013,0.7625863317661341,,X Per,168450545792009600,Gaia: XM=F23=SIMBAD; CXO: XM=F23=SIMBAD; XMM: XM=F23=SIMBAD,2.088024751763343e-07
3000011010100001,5XMM J041942.1+555957,,999999,4,4,12,64.92576054230865,55.999402740825516,0.06601077,0.0721072,0.07080135,45.143635,149.17656360471173,4.133168322436405,299.64957,0.011557713,0.0116628725,0.011452553,298.70612,0.011779565,0.011828307,0.011730825,-2147483648,-2147483648,-2147483648,-2147483648,-2147483648,-2147483648,-2147483648,-2147483648,-2147483648,49.96418,1,1.0637411e-12,1.506375e-14,4.728139e-16,1.1806828e-16,2.1859856e-15,2.2596994e-16,4.415369e-15,3.3059212e-16,4.7310978e-14,1.6687296e-15,1.0072907e-12,1.4961014e-14,1.361763e-12,2.1223518e-14,4.268661e-16,1.2806675e-16,2.164615e-15,2.6259088e-16,4.131121e-15,4.1490855e-16,5.3043866e-14,2.3848833e-15,1.3019966e-12,2.1082992e-14,7.599192e-13,3.1012502e-14,1.2500632e-15,5.108025e-16,3.907284e-15,8.307507e-16,5.5170276e-15,8.3483954e-16,3.2961206e-14,3.0351448e-15,7.1628364e-13,3.0836912e-14,7.6234597e-13,2.952565e-14,4.4722233e-16,3.798343e-16,1.5846936e-15,5.246846e-16,4.4523546e-15,7.243057e-16,5.466672e-14,3.657862e-15,7.0119496e-13,2.9282075e-14,0.12052688,0.0015562505,0.08986111,0.0013459739,0.00039427602,0.00011947683,0.0017542396,0.00021252768,0.0024122205,0.00024258893,0.010222503,0.000462338,0.07507787,0.0012163869,0.014751476,0.0005522882,0.00019206612,8.301018e-05,0.00067496346,0.00014361061,0.0011039198,0.00016833624,0.002389007,0.0002215708,0.01039152,0.0004472995,0.01591429,0.00055249216,6.798479e-05,6.117606e-05,0.00027511097,9.123627e-05,0.00089339586,0.00014634545,0.0039889375,0.00026869998,0.010688861,0.00044672628,16530.701,142.11365,10110.348,108.03835,3110.3123,64.769844,3310.0413,65.79416,47122.78,29857.316,15.646815,103.18279,531.30804,7436.8623,21795.684,8083.631,14.480869,30.297722,136.8995,2294.2734,5630.0107,9190.978,2.3623052,9.682251,101.65516,2938.1274,6166.766,0.0,,,,25.125,43516.152,3.0211463e-12,2.6603848e-14,3.2494417e-14,2.0713281e-14,4.6261764e+22,1.4163963e+21,1.0049899e+21,1.824061e+21,0.0,0.002347501,,0.002347501,,,,,,,,,,,,,,,,0.6127262,0.08123139,0.24839513,0.058530085,0.59192,0.026858786,0.72235,0.009210992,0.63297826,0.097796805,0.15792313,0.076762676,0.6181602,0.034066286,0.7603175,0.010134842,0.556956,0.16614854,0.24113795,0.12327414,0.36791134,0.077160314,0.6261489,0.031080205,0.6036979,0.30475053,0.52912396,0.13316356,0.63402915,0.052958768,0.4564665,0.031377874,59033.445,59040.496,59057.05,58994.918,58581.79,73514.44,73519.28,73526.984,73514.51,73464.72,74294.266,74305.56,74332.8,74258.32,73517.48,3.3732667,0.2841438,0.3845912,0.44572046,0.6821933,1.5766178,7.029742,0.51074034,0.81278694,1.3176514,1.8702002,2.5183628,5.26257,0.42150784,0.6350039,1.0567814,1.358014,1.7912627,86210.18,67737.516,74711.47,76201.336,0.13093528,0.17067224,0.17496607,0.986193,0.98898166,0.9865805,0.079426326,,,,,False,False,9.29075137926774e-26,0.29495096206665,0.0201385952532291,True,,,,,,,,,,,,,,,,0,FFFFFFFFFFF,FFFFFFFFFF,FFFFFFFFFF,FFFFFFFFFF,1721.3522257654206,3.0996766250676875,0.08767794652841114,68.58131008214883,932.8460940793739,1463.0898018068492,0.0,0.014620040500681426,0.9863096731120491,3.727533026343317e-58,0.0,0.0,12.087751205455454,0.7802802065135582,6.74518063193063,12.498734641971417,1.1704447401510865,0.37554475212904653,9.886904002634862,3.020309309900734,35.09319310670193,7.302281163153444,11.596887579108218,0.7802796873063824,70.74125266300166,2.5198783274202965,0.48504595541727386,12.77416354589326,43.58133545043714,65.27553318613195,52140.299837963,55980.0388078704,-32768,,,,,,,Gal_XRB,5.447,0.006532,0.001199,0.8197,0.001577,0.1243,0.04666,9.695e-05,1049102,,,15.198430753342887,0.0020814754692889226,13.748100280761719,0.002890475792810321,12.842426810454123,0.00029525994839075447,,,11.630039314612324,0.00034662363359010714,0.996419901572202,999999,999999,999999,999999,999999,999999,0,0,0,0,0,0,,,6.54670524597168,1.0,,,12.696502685546875,1.0,,,0.021769925951957703,1.0,J041942.13+555957.6,3.3329999446868896,0.38999998569488525,1.0219999551773071,,1.3229999542236328,0.020999999716877937,1.0180000066757202,0.01600000075995922,0.9962436941243873,276644757710014976,0.2101,0.01489999983459711,14.100671297469248,-0.474,-0.51,10.766115188598633,11.439369201660156,9.855047225952148,0.9960261848674786,https://xmm-catalog.irap.omp.eu/source/3000011010100001,,Star,0.6179447772737605,0.08424707220554398,0.2978081505206953,,,,,,,,,,,,,999999,,3,https://xmm-catalog.irap.omp.eu/source/3000011010100001,,,,,,,,0.42885349945797996,0.8812370345645019,0.23682766645288064,0.23682766648536743,0.23680693111572523,XTE J0421+560,276644757710014976,Gaia: XM=F23=SIMBAD; CXO: none; XMM: XM=F23=SIMBAD,1.7518362901543053e-06
3065366010100001,5XMM J044059.2+443149,,999999,1,1,3,70.24680603069372,44.5304090158999,0.020151645,0.022530735,0.02207878,135.01453,159.84685518531185,-1.2701947625503665,316.76962,0.0035243868,0.0036860865,0.003362687,316.22775,0.0035998959,0.003573735,0.0036260567,-2147483648,-2147483648,-2147483648,-2147483648,-2147483648,-2147483648,-2147483648,-2147483648,-2147483648,30.34833,1,5.852091e-11,1.9575736e-13,3.0058943e-14,1.4489386e-15,1.6248591e-13,3.302183e-15,2.4228705e-12,1.3362952e-14,1.5529326e-11,5.795316e-14,4.0428362e-11,1.8620045e-13,5.7327473e-11,2.494566e-13,2.4414549e-14,1.5657113e-15,1.5274167e-13,3.937059e-15,2.3790418e-12,1.789609e-14,1.5097904e-11,7.920852e-14,3.9673372e-11,2.3583127e-13,5.9902215e-11,4.4157955e-13,6.215419e-14,5.3465973e-15,1.9803316e-13,8.859938e-15,2.480646e-12,2.8350076e-14,1.6036119e-11,1.1985087e-13,4.1125263e-11,4.2393096e-13,6.0990574e-11,4.518828e-13,6.53609e-14,5.4702997e-15,1.7465008e-13,8.31816e-15,2.475537e-12,2.847255e-14,1.6016407e-11,1.2061307e-13,4.2258617e-11,4.3444304e-13,11.373935,0.029034732,6.7118363,0.023153324,0.020434001,0.0013104377,0.12017868,0.0030977174,1.3720648,0.010321212,2.9123857,0.015279323,2.2867732,0.013593314,2.306747,0.0122262025,0.0094834855,0.0008157838,0.033614147,0.001503886,0.49756795,0.005686458,1.1693537,0.008739525,0.59672755,0.0061512385,2.3553512,0.012548275,0.009949889,0.0008327437,0.029833727,0.0014209081,0.49706307,0.005717003,1.1744832,0.008844556,0.64402133,0.006620912,168482.25,428.13254,91196.34,314.58444,38491.78,204.01465,38794.12,206.66908,1.00513006e+06,530555.7,834.6596,7198.142,110824.25,243572.31,168131.61,234810.03,515.05054,2585.3352,46611.406,129620.42,55483.145,239767.27,563.2243,2188.618,46951.57,132042.86,58026.38,0.0,,,,44.8125,1.00468694e+06,6.115645e-11,1.4920694e-13,1.5199159e-13,1.4642229e-13,1.7314083e+22,8.542998e+19,8.336081e+19,8.7499135e+19,1.2188268,0.0031420598,0.003142061,0.0031420586,,,,,,,,,,,,,,,,0.6509704,0.014055704,0.8606946,0.0027409864,0.38149032,0.0028444005,-0.21038774,0.0028199325,0.7093576,0.017168937,0.8389288,0.0039766356,0.3595142,0.0039928956,-0.12032957,0.003906782,0.55990684,0.0332819,0.8734364,0.0054744007,0.40300974,0.0057187444,-0.32423544,0.005697011,0.49979967,0.03612087,0.8867569,0.005234369,0.40526557,0.0057448368,-0.29170224,0.005829636,13625.693,13627.448,13631.82,13616.814,13520.8125,16688.814,16689.94,16691.723,16688.885,16677.66,16521.95,16524.484,16530.582,16513.348,16343.174,0.8888334,0.04351614,0.056092933,0.14759696,0.24652979,0.3950976,0.21002483,0.014971575,0.012240588,0.05745314,0.038245883,0.08711365,0.21082297,0.017375741,0.013348279,0.056671027,0.03764889,0.08577903,16974.314,14997.668,16974.314,16973.395,2.0200014,1.5969787,1.6306278,0.98112196,0.9882416,0.9857367,1.751758,,,,,False,False,0.0,0.516315817832947,0.00556254759430885,True,,,,,,,,,,,,,,,,1,FFTFFFFFFFF,FFTFFFFFFF,FFTFFFFFFF,FFTFFFFFFF,,,,,,,,,,,,,,,,,,,,,,,,,,,,,,,55638.4381018519,55638.6352199074,-32768,,,,,,,Gal_XRB,2.59,1.717e-05,0.003303,0.9947,0.001914,5.314e-05,1.033e-05,3.044e-07,1083794,,,14.103438377380371,0.00858259852975607,12.273177146911621,0.0018685107352212071,,,,,,,0.9936893809846561,999999,999999,999999,999999,999999,999999,0,0,0,0,0,0,0.0,,0.0,,0.0,,0.0,,0.0,,0.0,,J044059.32+443149.2,8.067999839782715,0.024000000208616257,7.8480000495910645,0.01899999938905239,7.252999782562256,0.017999999225139618,6.681000232696533,0.07999999821186066,0.989810791905709,252878401557369088,0.3788,0.014999999664723873,25.253333897789332,0.101,-1.186,10.40385627746582,10.832097053527832,9.79090690612793,0.976153186631536,https://xmm-catalog.irap.omp.eu/source/3065366010100001,1972.0106201171875,Star,0.9689573912787784,0.028460502954878134,0.0025821057663433433,,,,,,,,,,,,,999999,,3,https://xmm-catalog.irap.omp.eu/source/3065366010100001,,,,,,,,1.0561508608029269,0.8801153585735211,1.4400338969249113,1.4400338971025188,1.4400056876287897,RX J0440.9+4431,252878401557369088,Gaia: XM=F23=SIMBAD; CXO: none; XMM: XM=F23=SIMBAD,8.011200458239668e-07
3067418010100001,5XMM J053854.5+261857,,999999,2,1,3,84.72734070447545,26.316057271889047,0.017243303,0.019315159,0.018819425,45.010265,181.4447834300907,-2.643426374207419,268.3364,0.0030343977,0.0030924543,0.0029763412,278.6596,0.0030619681,0.0031173602,0.003006576,-2147483648,-2147483648,-2147483648,-2147483648,-2147483648,-2147483648,-2147483648,-2147483648,-2147483648,30.317791,1,2.7915944e-11,8.459149e-14,4.7063133e-14,1.1998608e-15,3.594069e-13,3.2346085e-15,2.3305988e-12,8.658477e-15,8.532862e-12,2.8316118e-14,1.6710076e-11,7.896755e-14,2.6566294e-11,1.0429173e-13,4.1428473e-14,1.3361573e-15,3.393798e-13,3.8236245e-15,2.238796e-12,1.1256172e-14,8.0961245e-12,3.7523373e-14,1.5850566e-11,9.656943e-14,3.0943182e-11,2.0748625e-13,9.35438e-14,4.505164e-15,4.278661e-13,8.879069e-15,2.4907043e-12,1.9521772e-14,9.291611e-12,6.345036e-14,1.8639458e-11,1.9632718e-13,3.0103316e-11,2.0169851e-13,5.7226474e-14,3.4257195e-15,3.9400482e-13,8.306135e-15,2.4384726e-12,1.8823581e-14,8.95465e-12,5.886677e-14,1.8258962e-11,1.9178618e-13,7.103286,0.0150720375,4.068251,0.011654194,0.034673974,0.0011183103,0.26702744,0.003008466,1.2911808,0.006491772,1.5617424,0.0072382586,0.9136266,0.0055662617,1.5344872,0.006899196,0.014272912,0.00068739796,0.072625995,0.0015071331,0.49958545,0.003915677,0.6775443,0.0046268003,0.27045855,0.0028487074,1.5005475,0.006614164,0.008711587,0.0005214973,0.0673039,0.0014188539,0.48962092,0.0037795869,0.6566445,0.0043167,0.27826658,0.0029228213,239678.72,507.84558,129076.52,369.75183,54844.434,246.5735,55757.76,245.74832,1.1798006e+06,534189.0,3260.0334,32543.654,174652.14,209711.4,114025.695,325331.88,1748.493,12586.3,106368.02,154630.52,50002.832,320282.3,1056.8302,11635.098,104982.04,152603.28,50009.633,0.0,,,,-6.5,1.1788254e+06,2.87038e-11,5.818085e-14,5.992372e-14,5.643798e-14,7.6940014e+21,3.1798283e+19,3.3302028e+19,3.029454e+19,1.3706787,0.0022640438,0.0023796186,0.002148469,,,,,,,,,,,,,,,,0.7551874,0.005629503,0.7059401,0.0024487344,0.12036746,0.0024508184,-0.33787704,0.0025474452,0.77014375,0.0069501703,0.6572636,0.003503865,0.09483661,0.003388288,-0.26182595,0.0035651196,0.67150533,0.014397348,0.7461568,0.0049162633,0.15118031,0.005078899,-0.42941406,0.0051190704,0.77079445,0.0128796715,0.7583017,0.004770423,0.14571106,0.0049620075,-0.40472075,0.0051807873,31785.24,31789.424,31799.633,31764.354,31543.457,35590.633,35656.582,35770.516,35662.19,35915.72,37235.58,37241.414,37255.59,37216.266,36827.7,10.885252,0.25007868,0.834095,3.1969056,3.839777,2.7643962,0.4567122,0.04241768,0.048586924,0.11233208,0.081308715,0.1720668,0.519065,0.047859706,0.05961788,0.1281664,0.09409863,0.1893224,38240.562,36672.84,38228.066,38240.562,1.8633187,0.35411245,1.0388407,0.98274064,0.971351,0.987312,10.555073,,,,,False,False,0.0,0.502907037734985,0.00478066224604845,True,,,,,,,,,,,,,,,,1,FFTFFFFFFFF,FFTFFFFFFF,FFTFFFFFFF,FFTFFFFFFF,,,,,,,,,,,,,,,,,,,,,,,,,,,,,,,55985.3046759259,55985.9684606481,-32768,,,,,,,CV,3.067,0.009272,0.09571,0.3094,0.5834,0.002028,0.000173,2.385e-12,2013857,,,,,,,,,15.29460334777832,0.004037998151034117,,,0.9234229364685315,999999,999999,999999,999999,999999,999999,0,0,0,0,0,0,0.0,,0.0,,0.0,,0.0,,0.0,,0.0,,J053854.57+261856.9,7.10699987411499,0.05400000140070915,6.932000160217285,0.02199999988079071,6.172999858856201,0.014000000432133675,5.210999965667725,0.035999998450279236,0.9952433133794655,3441207615229815040,0.5245,0.02329999953508377,22.510730062901448,-0.59,-2.88,8.601999282836914,8.987546920776367,8.010448455810547,0.9920207873301135,https://xmm-catalog.irap.omp.eu/source/3067418010100001,1411.622314453125,Star,0.9886303791219087,0.010466794791237213,0.0009028260868542979,,,,,,,,,,,,,999999,,3,https://xmm-catalog.irap.omp.eu/source/3067418010100001,5.7,,,,,,,1.0289424116068948,0.8800844651255683,1.3668895613973546,1.3668895617415182,1.3668752383827323,1A 0535+262,3441207615229815040,"Gaia: XM=SIMBAD, F23 differs; CXO(2): XM=F23=SIMBAD; XMM: XM=F23=SIMBAD",4.2601822516364244e-07
3079458130100001,5XMM J060726.6+220546,,999999,1,1,3,91.8610399903398,22.096357093462892,0.04081852,0.044585653,0.043466736,135.05566,188.38559840452217,0.8137580302140931,237.5088,0.0072146794,0.007202434,0.0072269244,230.16692,0.007216846,0.007253609,0.007180083,-2147483648,-2147483648,-2147483648,-2147483648,-2147483648,-2147483648,-2147483648,-2147483648,-2147483648,36.511677,1,6.8951945e-12,4.8579884e-14,6.401573e-15,5.375174e-16,4.9545966e-14,1.4111494e-15,4.969754e-13,4.616576e-15,2.3562196e-12,1.6970144e-14,4.0038806e-12,4.5130566e-14,6.5209305e-12,6.156086e-14,5.343728e-15,5.9929466e-16,4.5308097e-14,1.6855697e-15,4.805226e-13,6.2675894e-15,2.224731e-12,2.3268185e-14,3.765025e-12,5.662021e-14,7.637426e-12,1.1617983e-13,1.2517679e-14,1.8916429e-15,6.356447e-14,3.87056e-15,5.2146183e-13,9.913359e-15,2.4994403e-12,3.601162e-14,4.540442e-12,1.0992761e-13,7.405481e-12,1.0797658e-13,9.512794e-15,1.5864537e-15,5.6206826e-14,3.4616204e-15,5.1200596e-13,9.412149e-15,2.5112388e-12,3.4214253e-14,4.3165163e-12,1.0190799e-13,1.6926428,0.008512849,0.9634198,0.0067730052,0.0044724867,0.00050158566,0.035648864,0.0013262231,0.2771318,0.003614707,0.4291506,0.004488433,0.21701604,0.0032635888,0.36543518,0.00372943,0.0019099475,0.00028862688,0.010789433,0.0006569888,0.10459481,0.0019884217,0.18225919,0.0026259674,0.06588181,0.0015950496,0.36378792,0.0035617908,0.0014481327,0.00024150586,0.00960125,0.000591314,0.102805674,0.0018898654,0.18414915,0.002508931,0.06578371,0.0015530778,44483.56,221.67688,22188.385,155.98143,10682.092,109.015625,11613.081,113.69267,183635.16,82673.35,190.12502,2476.108,24751.191,38711.734,16548.957,48321.477,119.29198,1051.2025,12866.8125,26969.727,7319.4355,52642.84,88.769165,1040.5303,14168.136,29876.492,7474.1567,0.0,,,,-5.65625,183329.34,6.9522487e-12,3.4378198e-14,3.4369768e-14,3.4386624e-14,1.4060622e+22,1.2720019e+20,1.31447565e+20,1.2295113e+20,1.5931,0.006186257,0.006079974,0.0062925406,,,,,,,,,,,,,,,,0.75421137,0.01822104,0.7988152,0.005404096,0.24773079,0.005508641,-0.40484643,0.005572448,0.77705204,0.023406636,0.772052,0.007962109,0.21523798,0.007972088,-0.32829696,0.008171786,0.6992061,0.041636217,0.81298256,0.010814384,0.2707453,0.0110525265,-0.46899697,0.010988272,0.7378798,0.040492132,0.8291698,0.010041802,0.28347132,0.0105213495,-0.47358897,0.010572235,23071.568,23074.467,23082.459,23057.404,22904.463,29251.438,29241.316,29223.414,29235.941,29227.94,31977.143,31986.05,32005.326,31965.668,31662.668,2.6335275,0.105717055,0.17661816,0.62947345,0.91919875,0.80252016,0.42181912,0.02806272,0.03285899,0.12778062,0.07696577,0.15615101,0.46953064,0.031991426,0.0365582,0.12929718,0.09252143,0.17916241,33142.83,26792.94,30985.045,33142.83,0.44126037,0.7589808,0.72757584,0.9820448,0.9887553,0.9899824,1.7209026,,,,,False,False,0.0,0.357743054628372,0.0127811580896378,True,,,,,,,,,,,,,,,,1,FFTFFFFFFFF,FFTFFFFFFF,FFTFFFFFFF,FFTFFFFFFF,,,,,,,,,,,,,,,,,,,,,,,,,,,,,,,58025.4930787037,58025.9606134259,-32768,,,,,,,Star,4.193,0.01945,0.7248,0.1132,0.1374,0.004369,0.000801,4.278e-12,2208693,15.597192764282227,0.009251439943909645,15.286514282226562,0.005406429525464773,13.79526424407959,0.00216489820741117,13.295648574829102,0.001740164589136839,12.874836921691895,0.0015197264729067683,12.313251495361328,0.0021140084136277437,0.8204033519315311,999999,999999,999999,999999,999999,999999,0,0,0,0,0,0,0.0,,0.0,,0.0,,0.0,,0.0,,0.0,,J060726.60+220547.6,10.166000366210938,0.023000000044703484,10.067000389099121,0.019999999552965164,10.91100025177002,0.13500000536441803,8.645000457763672,,0.9962377229039645,3423526544838563328,0.1381,0.01810000091791153,7.629833867209255,0.573,-0.608,12.166335105895996,12.454571723937988,11.655486106872559,0.9940650444805732,https://xmm-catalog.irap.omp.eu/source/3079458130100001,3724.308349609375,Star,0.9399513566518397,0.05113598039695575,0.00891266295120452,,,,,,,,,,,,,999999,,3,https://xmm-catalog.irap.omp.eu/source/3079458130100001,7.3,,,,,,,1.0050818085874549,0.8804732112807395,1.3030783556711738,1.303078355966248,1.3030303319162997,IGR J06074+2205,3423526544838563328,"Gaia: XM=SIMBAD, F23 differs; CXO: XM=F23=SIMBAD; XMM: XM=F23=SIMBAD",8.771526650571349e-08
3050520010100001,5XMM J063259.2+054801,,999999,3,2,6,98.24700480058114,5.8005330750457995,0.10213359,0.11488284,0.10581781,135.37778,205.66639835887585,-1.4393382892022364,440.927,0.01876036,0.018913766,0.018606953,558.4236,0.017320601,0.017435092,0.01720611,-2147483648,-2147483648,-2147483648,-2147483648,-2147483648,-2147483648,-2147483648,-2147483648,-2147483648,58.1406,1,6.5385544e-13,1.4765162e-14,1.5726997e-15,2.8876912e-16,1.7987651e-14,8.3406884e-16,6.8942485e-14,1.6280405e-15,1.6461634e-13,4.273958e-15,4.0209532e-13,1.3994665e-14,6.21488e-13,2.0562999e-14,1.8041592e-15,3.925778e-16,1.6773312e-14,1.0753788e-15,6.531104e-14,2.3923052e-15,1.4912165e-13,6.374015e-15,3.8847782e-13,1.936944e-14,6.60343e-13,2.9350115e-14,3.2342244e-15,9.132554e-16,1.7759079e-14,1.8344178e-15,6.914155e-14,3.0943054e-15,1.7766535e-13,8.224674e-15,3.9254277e-13,2.7928662e-14,7.18898e-13,3.0698734e-14,7.61019e-16,4.81983e-16,2.2044673e-14,1.9049542e-15,7.519778e-14,3.192532e-15,1.768966e-13,8.071909e-15,4.439979e-13,2.9380317e-14,0.17827798,0.0027539574,0.10353168,0.0023421668,0.0015100092,0.0003285719,0.013197411,0.00084611884,0.037666835,0.0013797141,0.028765567,0.0012295474,0.022391861,0.0011164545,0.03602747,0.0010126695,0.000493478,0.0001393445,0.0030144262,0.00031137405,0.013868412,0.0006206558,0.012955358,0.0005997432,0.005695795,0.00040524488,0.03871884,0.0010358742,0.00011584992,7.337226e-05,0.003765671,0.00032540425,0.015098962,0.00064102845,0.012971828,0.0005919131,0.006766528,0.00044775603,7172.1455,93.337845,2842.355,58.51114,2095.6064,50.652,2234.1843,52.18021,19066.35,7120.5786,48.654858,912.98413,3111.8784,2002.3289,1050.9021,5664.018,43.71435,504.51285,2376.515,2169.2646,576.51355,6284.7593,26.691984,611.18506,2669.9773,2285.87,697.9527,0.0,,,,-4.4941406,18118.62,7.345035e-13,9.562346e-15,9.562346e-15,,3.9489473e+21,1.2479991e+20,1.2637128e+20,1.2322807e+20,1.4672269,0.013357371,0.013567197,0.013147546,,,,,,,,,,,,,,,,0.85628366,0.02589423,0.5665522,0.017634695,-0.0865779,0.017361546,-0.26463008,0.020038674,0.7946602,0.041797817,0.48107317,0.028374977,-0.13398989,0.027640471,-0.124589995,0.03232711,0.7186481,0.072694324,0.6429005,0.03302204,-0.034038976,0.03215701,-0.38922864,0.036011595,0.9403069,0.03701738,0.60076916,0.03076492,-0.075777404,0.030984316,-0.31437775,0.036217805,23098.176,23106.11,23149.344,23116.959,23028.598,44219.11,44218.945,44218.99,44215.99,44186.293,44881.355,44894.992,44926.22,44851.664,44251.492,1.6632729,0.20357789,0.2779435,0.32847285,0.3416198,0.51165885,0.8395128,0.074658796,0.09473804,0.22897986,0.16018295,0.2809532,0.83470225,0.07529152,0.09685451,0.22866055,0.14601457,0.28788108,47520.203,29274.557,45379.395,47520.203,0.1459913,0.22982152,0.2074195,0.9822507,0.98852265,0.98605376,8.504103,,,,,False,False,0.0163879841566086,0.155121326446533,0.044684212654829,False,,,,,,,,,,,,,,,,0,FFFFFFFFFFF,FFFFFFFFFF,FFFFFFFFFF,FFFFFFFFFF,375.4100641840469,30.556062113394475,211.99215812176197,576.3251603120416,411.6541270733936,75.2671126217327,9.151255353775868e-164,5.3662491843282685e-14,8.569895396150124e-93,5.0718113878124755e-251,1.662969022529727e-179,2.050729220274347e-33,2.6898342726054194,0.11008496660143971,7.987575963620342,2.2173212217922065,4.693696774874521,0.3614859888706433,3.749580585088692,0.15415219990351306,3.4139971508227855,0.15718543177848956,2.1202673370226495,0.14995699970182463,19.37550164986824,5.5277538036163,14.559950484866423,24.006773217407655,20.289261373283,8.675662085497146,54360.0157060185,58372.2741203704,-32768,,,,,,,Star,5.513,0.003859,0.5507,0.307,0.1059,0.02098,0.01158,3.127e-07,2254696,11.980892181396484,0.003257848555222154,11.634148597717285,0.0014576113317161798,15.012549400329592,0.006297974847257136,,,,,,,0.9958756905179871,999999,999999,999999,999999,999999,999999,0,0,0,0,0,0,,,,,,,,,,,,,J063259.25+054801.2,6.553999900817871,0.07800000160932541,6.125,0.03099999949336052,5.340000152587891,0.014999999664723873,4.5289998054504395,0.03200000151991844,0.9961903261611783,3131822364779745536,0.5404,0.022600000724196434,23.911503658556384,-0.026,-0.428,8.879788398742676,9.236006736755371,8.309829711914062,0.9941352985419606,https://xmm-catalog.irap.omp.eu/source/3050520010100001,1567.4949951171875,Star,0.994987795136408,0.00471697680291105,0.00029522806068093345,,,,,,,,,,,,,999999,,3,https://xmm-catalog.irap.omp.eu/source/3050520010100001,11.2,,,,,,,0.8484980297106061,0.8829584558726558,0.9234664801355547,0.923466480439143,0.9237685498016668,HD 259440,3131822364779745536,"Gaia: XM=SIMBAD, F23 differs; CXO: XM only, F23+SIMBAD absent; XMM: XM=F23=SIMBAD",5.242929338421305e-07
3014687010100002,5XMM J063518.3+053306,,999999,10,10,20,98.82631129277047,5.5517280176582995,0.37829456,0.4228268,0.39293712,140.08203,206.15282764881783,-1.0422048567996285,298.99042,0.06955479,0.06986999,0.06923959,300.82397,0.064080454,0.064949594,0.063211314,-2147483648,-2147483648,-2147483648,-2147483648,-2147483648,-2147483648,-2147483648,-2147483648,-2147483648,42.92837,1,1.8595128e-14,3.6431306e-15,3.2910465e-16,3.0372952e-16,3.1290856e-16,2.5941758e-16,3.3091892e-15,5.795669e-16,7.119984e-15,1.365944e-15,4.5440073e-15,3.1843583e-15,,,,,,,,,,,,,1.5579787e-14,5.268273e-15,3.2065144e-16,4.589044e-16,3.5349218e-16,4.1730688e-16,4.2064575e-15,8.8771933e-16,4.3195123e-15,1.5932591e-15,6.379673e-15,4.9034115e-15,2.1358556e-14,5.043409e-15,3.3569422e-16,4.05173e-16,2.873471e-16,3.3118655e-16,2.6426143e-15,7.651366e-16,1.4887705e-14,2.6534914e-15,3.2051958e-15,4.187562e-15,0.0031886357,0.00037270598,,,,,,,,,,,,,0.0013868214,0.00025164458,5.5616998e-05,7.9596975e-05,6.172327e-05,7.286595e-05,0.0008584118,0.00018115688,0.00031856404,0.00011750287,9.250526e-05,7.1099465e-05,0.0018018143,0.00027492677,5.819595e-05,7.024079e-05,5.0492636e-05,5.8196103e-05,0.0005397804,0.00015628681,0.00110437,0.000196836,4.897539e-05,6.398594e-05,635.2858,31.830317,,,349.33582,24.045958,285.95004,20.855717,836.7031,,,,,,,423.60034,0.8866368,3.3916042,137.29619,243.19878,63.277393,415.242,0.2111073,4.8070736,99.12748,304.18378,34.60693,0.0,,,,-2.9232178,772.4387,1.123491e-13,5.673898e-15,5.6160834e-15,5.7317136e-15,1.7774986e+22,1.63466e+21,1.6417733e+21,1.6275435e+21,1.9665924,0.070602864,0.07094687,0.070258856,,,,,,,,,,,,,,,,-0.016040318,0.6178979,0.8512697,0.11678857,-0.0127886105,0.11180534,-0.87305224,0.100871146,,,,,,,,,0.052039012,0.9251019,0.86583865,0.15009905,-0.4586736,0.16777685,-0.5499286,0.29735103,-0.0708751,0.8302521,0.8289176,0.18591896,0.34339297,0.14995341,-0.91507256,0.10722959,,,,,,48781.535,48783.945,48787.69,48781.25,48742.01,43424.082,43434.758,43458.562,43404.855,42954.81,,,,,,,1.7316564,0.13211213,0.19760576,0.3503059,0.41005328,0.64157933,1.3217944,0.10432857,0.1555337,0.2994235,0.29906127,0.46344733,50383.383,,49525.473,44795.79,,0.046067312,0.03875322,,0.98889625,0.9902226,0.21825933,,,,,False,False,8.29206983326003e-05,0.929761648178101,0.195414558053017,False,,,,,,,,,,,,,,,,1,FFTFFFFFFFF,FFFFFFFFFF,FFTFFFFFFF,FFTFFFFFFF,16.027939100239127,0.41906962360780514,0.8206733875937069,9.739383092281457,20.762445676320883,6.008900138769091,2.8372455038442026e-29,0.938334525230874,0.6086513537234335,1.808787217522081e-16,4.136174166951903e-39,3.486434814005458e-09,70.24052549418087,64.32645199860814,,,,,38.3744688081462,42.15788291784138,190.4782987660414,414.92298736577845,,,7.796626536218523,1.334352373246542,1.863816433292004,5.276850651049198,8.20860679225668,5.3814023090990615,52893.5700231481,53109.4265393519,-32768,,,,,,,Gal_XRB,5.209,0.00528,0.1347,0.8481,0.001256,0.007397,0.003268,5.889e-08,2262632,,,,,,,14.181107178236353,0.001394530686114503,,,,,0.9993148197198293,999999,999999,999999,999999,999999,999999,0,0,0,0,0,0,,,,,,,,,,,,,,,,,,,,,,,999999,,,,,,,,,,https://xmm-catalog.irap.omp.eu/source/3014687010100002,,,,,,3.046881720782633e-13,2.6412801788039944e-13,3.608385629699916e-13,1.4722123273038822e+22,1.1108705803975449e+22,1.9896466118821525e+22,1.9222146420874453,1.57288621516388,2.3574293075783244,,,,187,0.748,0,https://xmm-catalog.irap.omp.eu/source/3014687010100002,,,,,,,,0.5319053830949451,0.9197572430015881,0.33444317521684214,0.33444317526190237,0.3332844236849138,SAX J0635.2+0533,3131755947406031104,"Gaia: XM=SIMBAD, F23 differs; CXO: none; XMM: XM=F23=SIMBAD",1.395902435389523e-06
3090128010100001,5XMM J072853.5-260629,,999999,1,1,3,112.22298251202226,-26.108186203066378,0.026564617,0.029367201,0.027912637,135.02464,240.28161513762848,-4.050714243822819,286.16714,0.0048081093,0.0047954465,0.0048207724,296.56293,0.0045811585,0.0046008783,0.0045614387,-2147483648,-2147483648,-2147483648,-2147483648,-2147483648,-2147483648,-2147483648,-2147483648,-2147483648,46.806385,1,1.948171e-11,9.244086e-14,3.051112e-14,1.2575218e-15,2.8545994e-13,3.7872783e-15,1.6991228e-12,9.454927e-15,5.598969e-12,2.9402628e-14,1.1871365e-11,8.677285e-14,1.8610004e-11,1.2919184e-13,2.3663305e-14,1.4172768e-15,2.765549e-13,5.039266e-15,1.6668789e-12,1.448691e-14,5.4346957e-12,4.592038e-14,1.1208211e-11,1.1976885e-13,2.0919556e-11,1.9715786e-13,6.8305076e-14,4.4277703e-15,3.3376248e-13,8.9524945e-15,1.7341151e-12,1.8329144e-14,5.807464e-12,5.6770588e-14,1.297591e-11,1.8765023e-13,1.9967243e-11,1.7850589e-13,4.824807e-14,3.460257e-15,2.7135168e-13,7.482299e-15,1.7134864e-12,1.7037934e-14,5.6344647e-12,5.1833036e-14,1.22996925e-11,1.697629e-13,4.958517,0.017164707,2.933482,0.014799974,0.022538826,0.0013499279,0.22459024,0.004092388,0.97795784,0.00849947,1.061233,0.0089668725,0.6471621,0.0069154534,1.0266644,0.0063900566,0.010421989,0.0006755892,0.056652844,0.0015195964,0.3478288,0.0036764597,0.42348027,0.004139711,0.18828046,0.002722805,0.99837065,0.005895349,0.007344804,0.00052675494,0.046352293,0.0012781264,0.34405094,0.0034210468,0.41317528,0.0038009165,0.18744731,0.0025871866,102778.85,335.62024,42856.98,216.22539,28351.814,176.46121,31570.06,186.41077,512828.78,182423.62,803.045,12625.179,63207.215,68086.51,37705.72,154785.16,866.1069,7081.565,53660.207,68065.48,25115.979,175622.31,704.9109,6748.056,61112.953,79117.52,27943.299,0.0,,,,-6.15625,512710.1,1.9843287e-11,6.466692e-14,6.4338224e-14,6.499561e-14,6.5112936e+21,4.7805794e+19,4.8559104e+19,4.7052874e+19,1.3283782,0.0035555747,0.0035562932,0.0035548562,,,,,,,,,,,,,,,,0.77467626,0.00809194,0.7016122,0.0036785312,0.07329326,0.0038026369,-0.32607427,0.0040122177,0.8175947,0.010377817,0.6264761,0.0061324197,0.040837374,0.0060505853,-0.24237424,0.0064112577,0.68924296,0.018413402,0.7198744,0.0069449604,0.098081864,0.00712934,-0.38446376,0.007437656,0.7264357,0.018144544,0.7625414,0.0061340323,0.09128625,0.006716642,-0.37582335,0.0071220887,14635.719,14636.811,14639.44,14626.499,14526.415,27564.443,27588.654,27629.28,27584.871,27669.65,31673.3,31685.574,31710.377,31668.084,31338.262,2.671002,0.14951628,0.27628666,0.7614187,0.8081233,0.67565703,0.3858035,0.04181304,0.04413005,0.094703756,0.07376821,0.13138844,0.36503822,0.031791095,0.037143808,0.098032616,0.06853248,0.12953822,33289.41,21232.742,30191.0,33289.41,0.07785852,0.23692256,0.23039325,0.9851659,0.9727958,0.9803091,1.7366512,,,,,False,False,0.0,0.543853759765625,0.00682678818702698,True,,,,,,,,,,,,,,,,1,FFTFFFFFFFF,FFTFFFFFFF,FFTFFFFFFF,FFTFFFFFFF,,,,,,,,,,,,,,,,,,,,,,,,,,,,,,,60045.016724537,60045.4056944444,-32768,,,,,,,CV,2.56,0.0496,0.1172,0.1146,0.699,0.01853,0.001049,1.837e-12,999999,,,,,,,,,,,,,,999999,999999,999999,999999,999999,999999,63,63,63,63,63,63,,,,,,,,,,,,,,,,,,,,,,,999999,,,,,,,,,,,,,,,,,,,,,,,,,,,,999999,,3,https://xmm-catalog.irap.omp.eu/source/3090128010100001,5.2,,,,,,,1.0290990532913682,0.8802004541185339,1.3669454404253827,1.366945440612283,1.3669686598142228,3A 0726-260,5613494119551805184,"Gaia: XM=F23=SIMBAD; CXO: XM=F23=SIMBAD; XMM: XM only, F23+SIMBAD absent",2.7290844541657424e-07
3065549030100001,5XMM J082613.6-373712,,999999,1,1,3,126.55705609001174,-37.62004029874198,0.051757134,0.056923144,0.05464446,135.09183,256.4383581723694,0.28524454040206587,240.76192,0.009297211,0.009341851,0.009252571,217.86018,0.008999273,0.008996353,0.009002195,-2147483648,-2147483648,-2147483648,-2147483648,-2147483648,-2147483648,-2147483648,-2147483648,-2147483648,28.052639,1,6.4359026e-12,5.7693515e-14,5.080089e-15,5.789582e-16,4.2024845e-14,1.5620834e-15,4.031721e-13,4.9315647e-15,1.897245e-12,1.8057579e-14,4.0989837e-12,5.4456822e-14,6.229557e-12,7.577084e-14,4.2921463e-15,6.5414015e-16,3.9875265e-14,1.9405914e-15,3.9383717e-13,6.8973524e-15,1.8148282e-12,2.5531303e-14,3.976724e-12,7.097609e-14,6.642314e-12,1.2253957e-13,7.122042e-15,1.6505912e-15,4.390372e-14,3.5854507e-15,4.136666e-13,9.769197e-15,1.9614041e-12,3.5303917e-14,4.2162172e-12,1.1686985e-13,6.8079453e-12,1.2947008e-13,8.989401e-15,1.892138e-15,4.841155e-14,3.8781433e-15,4.1213907e-13,1.0195778e-14,1.9998812e-12,3.700318e-14,4.338524e-12,1.2357464e-13,1.44228,0.009425819,0.84140307,0.0077101984,0.003592355,0.00054748915,0.031374257,0.0015268768,0.22713771,0.00397791,0.35008037,0.0049249884,0.22921838,0.0040910617,0.29571506,0.0037116692,0.0010866811,0.0002518472,0.0074522174,0.0006085944,0.08297325,0.0019595055,0.14302559,0.0025743616,0.061177313,0.0016957815,0.30516192,0.0039525186,0.0013684564,0.00028804017,0.008269661,0.0006624644,0.082753405,0.0020472102,0.14665128,0.0027134432,0.066119105,0.0018832774,27592.607,177.3018,13768.347,126.14726,7101.435,89.13284,6722.8257,87.05249,109017.945,49899.098,83.138885,1367.8035,13870.381,22387.68,12195.014,30342.531,41.483852,526.3041,8131.909,16364.732,5283.424,28778.852,53.295696,539.64075,7481.3164,15589.061,5120.6787,0.0,,,,-5.3828125,108969.57,6.589394e-12,4.2167672e-14,4.1961396e-14,4.2373948e-14,1.1616439e+22,1.5519936e+20,1.5446819e+20,1.5593052e+20,1.3284928,0.0077146296,0.007698423,0.007730836,,,,,,,,,,,,,,,,0.7711211,0.023458496,0.7977915,0.0071647167,0.24476828,0.007278518,-0.30659845,0.0073745637,0.7945266,0.02949556,0.7572704,0.011030751,0.2129917,0.010722398,-0.20863497,0.010868269,0.74547505,0.054583933,0.8351743,0.012857421,0.26571965,0.013798404,-0.40081835,0.013870312,0.7160324,0.05487314,0.8182953,0.013850185,0.27853775,0.014247919,-0.3784933,0.014549733,16346.933,16344.647,16395.557,16481.332,16154.821,24054.791,24060.576,24071.53,24047.078,23854.43,22226.22,22214.498,22196.848,22212.383,21391.162,2.1949613,0.12437795,0.20630333,0.47161132,0.6718227,0.72084606,0.39250532,0.028663786,0.042612568,0.105492495,0.07256717,0.14316928,0.2842608,0.022213837,0.031138245,0.07909205,0.05022027,0.10159642,25048.68,22572.826,24856.342,25048.68,0.38537493,0.5914301,0.61032385,0.8382026,0.98902863,0.98778117,2.519527,,,,,False,False,0.0,0.408008843660355,0.0153701016679406,True,,,,,,,,,,,,,,,,1,FFTFFFFFFFF,FFTFFFFFFF,FFTFFFFFFF,FFTFFFFFFF,,,,,,,,,,,,,,,,,,,,,,,,,,,,,,,55485.8893402778,55486.191724537,-32768,,,,,,,Gal_XRB,4.174,0.1643,0.0005554,0.5976,0.192,0.04061,0.004973,2.28e-09,2541780,,,15.511509895324707,0.008880343288183212,,,,,,,,,0.990408521041357,999999,999999,999999,999999,999999,999999,0,0,0,0,0,0,0.0,,0.0,,0.0,,0.0,,0.0,,0.0,,J082613.65-373711.7,9.609000205993652,0.023000000044703484,9.25100040435791,0.019999999552965164,8.295999526977539,0.019999999552965164,7.392000198364258,0.1120000034570694,0.9927056320973828,5541793213959987968,0.1777,0.009700000286102295,18.319587088528255,-2.367,3.177,12.163066864013672,12.600489616394043,11.5265531539917,0.9753366245216739,https://xmm-catalog.irap.omp.eu/source/3065549030100001,7193.7451171875,Star,0.9504017999167653,0.03798182450295847,0.011616375580276261,,,,,,,,,,,,,999999,,3,https://xmm-catalog.irap.omp.eu/source/3065549030100001,,,,,,,,0.598377538363233,0.8807606942215795,0.46156696201438746,0.46156696203554914,0.46152861057381833,IGR J08262-3736,5541793213959987968,Gaia: XM=F23=SIMBAD; CXO: none; XMM: XM=F23=SIMBAD,1.0719653376190862e-06
3011103010100001,5XMM J090206.8-403316,,999999,3,2,3,135.52848046901198,-40.554642317280404,0.0002726204,0.004509858,0.0015013473,135.00014,263.0581969081938,3.9298252280496335,356.2601,1.24192275e-05,1.7113773e-05,7.724682e-06,359.66556,6.7014036e-05,0.000120935714,1.3092353e-05,-2147483648,-2147483648,-2147483648,-2147483648,-2147483648,-2147483648,-2147483648,-2147483648,-2147483648,74.70119,1,5.0466636e-10,4.89033e-13,2.0140413e-13,3.1095437e-15,5.611141e-13,4.63721e-15,1.9048003e-12,7.604704e-15,4.1142853e-11,6.0915486e-14,4.614214e-10,4.8485684e-13,,,,,,,,,,,,,4.3918946e-10,6.1883755e-13,2.2043924e-13,3.5577506e-15,5.9753976e-13,5.326497e-15,2.037287e-12,8.786835e-15,4.1297993e-11,7.084079e-14,3.950362e-10,6.146733e-13,6.135558e-10,7.980413e-13,1.3981265e-13,6.399677e-15,4.470628e-13,9.425145e-15,1.5093866e-12,1.5180011e-14,4.0702643e-11,1.193311e-13,5.707569e-10,7.888408e-13,20.716248,0.01805506,,,,,,,,,,,,,8.936246,0.010283129,0.018097904,0.00037523464,0.07820635,0.0007681746,0.34846497,0.001596544,2.8509712,0.0049824403,5.640506,0.008811253,11.780003,0.014840569,0.01385124,0.000634016,0.06200314,0.0013071733,0.26998398,0.0027152486,2.8613958,0.008388977,8.572768,0.011848388,3.623507e+06,2697.0315,,,3.1518342e+06,2630.66,471672.53,594.6493,2.3891356e+07,,,,,,,2.0630676e+07,66718.05,158875.31,1.0479121e+06,8.645862e+06,1.0711319e+07,3.2606805e+06,1957.7928,11273.773,55652.73,804849.3,2.3869545e+06,0.0,,,,601326.0,2.3250274e+07,1.1533292e-09,6.9197087e-12,6.9197087e-12,,3.005632e+22,3.8339453e+20,3.368013e+17,7.6157045e+20,0.0,2.7993751e-06,,2.7993751e-06,,,,,,,,,,,,,,,,0.6260467,0.0063484283,0.63221145,0.0029510036,0.79349756,0.00082455575,0.40117112,0.0007928548,,,,,,,,,0.6241515,0.007002474,0.6334117,0.0032449637,0.782171,0.00095181796,0.32850996,0.0010455333,0.6347939,0.015043829,0.62647265,0.0070954636,0.8275623,0.0016506576,0.49950066,0.0012162665,,,,,,152156.1,152259.83,152434.66,152237.23,152645.36,40262.168,40279.305,40313.293,40266.586,39953.816,,,,,,,5.634029,0.17777939,0.23155412,0.715155,1.3364241,3.1731164,0.71929675,0.030928722,0.05019008,0.11896612,0.13771014,0.38150167,162886.64,,162886.64,43069.65,,10.756685,2.7184622,,0.9884916,0.97968245,0.18254675,,,,,False,False,0.0,0.240105628967285,0.00228274706751108,True,,,,,,,,,,,,,,,,1,FFTFFFFFFFF,FFFFFFFFFF,FFTFFFFFFF,FFTFFFFFFF,238486.0822246319,8574.218686099985,13580.294861045655,109045.97535496083,504238.90161239915,159639.23668605703,0.0,0.0,0.0,0.0,0.0,0.0,2.832922517156437,0.004951305869256409,10.744927735490043,0.4347065391943017,5.603179760321023,0.10294522322358202,8.895587723356908,0.07657414964084089,6.33219293569062,0.01726620823373877,2.5986675297218613,0.005069144587829462,488.35036830602667,92.59707709263822,116.53452218568391,330.2211007112671,710.0978112995415,399.54879137103774,51850.7378125,58608.2083449074,-32768,,,,,,,Gal_XRB,4.114,0.0001323,4.289e-07,0.9946,0.0006756,0.004075,0.0004971,4.82e-05,999999,,,,,,,,,,,,,,999999,999999,999999,999999,999999,999999,63,63,63,63,63,63,,,,,,,,,,,,,,,,,,,,,,,999999,,,,,,,,,,,,,,,,,,,,,,,,,,,,999999,,3,https://xmm-catalog.irap.omp.eu/source/3011103010100001,,,,,,,,0.21764609371539057,0.8800000211141726,0.06116970535848593,0.0611697053652887,0.061169212700364704,Vela X-1,5620657678322625920,Gaia: XM=F23=SIMBAD; CXO: none; XMM: XM=F23=SIMBAD,1.536394137484651e-06
3060470010100001,5XMM J101855.5-585646,,999999,3,3,9,154.73134198621625,-58.94613017894636,0.038867828,0.04322073,0.04127715,135.0516,284.3517005206241,-1.6901734010374974,366.35306,0.006911299,0.0069974875,0.0068251104,371.15002,0.006830314,0.006904006,0.0067566223,-2147483648,-2147483648,-2147483648,-2147483648,-2147483648,-2147483648,-2147483648,-2147483648,-2147483648,41.356785,1,1.6197022e-12,1.2169164e-14,1.7652199e-15,1.6336008e-16,1.7417837e-14,4.7423675e-16,1.5690812e-13,1.3402728e-15,5.085205e-13,3.9858707e-15,9.382943e-13,1.13909685e-14,1.5692761e-12,1.69555e-14,1.3298562e-15,1.8517468e-16,1.6857651e-14,6.1485365e-16,1.5093253e-13,1.96524e-15,4.7939663e-13,5.977413e-15,9.207595e-13,1.5731657e-14,1.6827929e-12,2.544873e-14,3.2841903e-15,5.088373e-16,1.9841223e-14,1.1379019e-15,1.6155881e-13,2.6577867e-15,5.400579e-13,7.815952e-15,9.580508e-13,2.40402e-14,1.6647738e-12,2.4040618e-14,3.3012436e-15,4.7423024e-16,1.7038984e-14,9.858485e-16,1.625984e-13,2.5302104e-15,5.246006e-13,7.335066e-15,9.572345e-13,2.2727724e-14,0.42783222,0.0022909539,0.24890149,0.0019408804,0.0011991255,0.00017015621,0.013547461,0.0004953748,0.087938786,0.0011473637,0.09309352,0.0011627615,0.0531226,0.0009078603,0.08968957,0.00088176585,0.0005336056,8.1086255e-05,0.0033776604,0.0001940264,0.032462128,0.0005345271,0.039415143,0.0005708889,0.013901027,0.00034879285,0.08924118,0.00083901273,0.000518371,7.418639e-05,0.0029229927,0.00016927265,0.03270715,0.00050939654,0.03850396,0.00053875754,0.0145887,0.00034646934,49514.21,242.32388,21533.352,159.37602,13485.513,127.09551,14495.349,131.02242,144775.44,58427.504,66.13945,1419.7726,18915.137,25619.758,12419.413,40621.156,74.55542,642.9317,12286.302,21620.455,6009.9053,45730.37,88.778915,575.526,14203.996,24062.53,6812.774,0.0,,,,2.640625,143392.97,1.7816515e-12,8.691436e-15,8.737328e-15,8.645545e-15,1.0296182e+22,1.0016264e+20,1.04416195e+20,9.590724e+19,1.561048,0.005809795,0.0058357725,0.0057838177,,,,,,,,,,,,,,,,0.78925294,0.017125927,0.79184765,0.005402452,0.06406919,0.005773171,-0.3897948,0.00611645,0.8373691,0.02189341,0.7330188,0.00898159,0.028474124,0.009023712,-0.27336875,0.009792913,0.7271443,0.0382792,0.81151336,0.010201968,0.0967345,0.010862353,-0.47854373,0.0111684855,0.69874096,0.03950468,0.8359258,0.009032089,0.0814031,0.010399008,-0.4504438,0.010985868,78656.625,78661.984,78676.13,78604.266,77839.695,140335.67,140241.16,140069.83,140188.56,139194.36,151023.81,151054.3,151121.28,150965.23,149582.84,8.798371,0.7249908,2.365859,2.5929785,1.3475032,1.7670397,3.7501433,0.21957153,0.9694237,1.418524,0.47609794,0.66652596,3.7581506,0.20776469,0.93910766,1.4952105,0.4377066,0.6783612,155084.52,110723.3,149738.97,155084.52,0.06365765,0.27443364,0.26199597,0.99138826,0.9883627,0.9893557,0.43116486,,,,,False,False,4.40812944312726e-18,0.239604011178017,0.0181208681315184,True,,,,,,,,,,,,,,,,1,FFTFFFFFFFF,FFTFFFFFFF,FFTFFFFFFF,FFTFFFFFFF,1072.6169667206173,4.280348216867065,23.4770490568148,420.579955720352,810.2984275310382,526.090538449483,0.0,0.00499327441237137,3.450905980554012e-15,2.9473914289461426e-273,0.0,0.0,3.107926302318536,0.09200721118107745,2.222391532314508,0.8066845891437002,1.7132996653092467,0.17195901950316345,2.190187993205302,0.07244289383845622,2.7526614686696935,0.08527760800432527,3.5183294115061052,0.1700392429854003,45.0755282267974,2.9207006959890585,6.370149675588431,26.479130648335484,37.93894625296553,32.16228255724338,55065.6970601852,60137.4594212963,-32768,,,,,,,Gal_XRB,5.132,0.1772,0.004579,0.7312,0.04636,0.03305,0.007579,1.129e-05,2865981,,,16.989952087402344,0.028732601553201672,,,,,,,,,0.9905483372590896,999999,999999,999999,999999,999999,999999,0,0,0,0,0,0,0.0,,0.0,,0.0,,0.0,,0.0,,0.0,,J101855.58-585646.0,9.897000312805176,0.024000000208616257,9.906000137329102,0.020999999716877937,10.40999984741211,0.3779999911785126,8.807999610900879,,0.9925479898005612,5255509901121774976,0.2273,0.010200000368058681,22.284312921378937,-6.454,2.256,12.269230842590332,12.882477760314941,11.495985984802246,0.9825268078627848,https://xmm-catalog.irap.omp.eu/source/3060470010100001,6394.0654296875,Star,0.9982814001971463,0.00019720940895846708,0.001521390393895232,,,,,,,,,,,,,999999,,3,https://xmm-catalog.irap.omp.eu/source/3060470010100001,11.6,,,,,,,0.42377064367613815,0.8804290738086029,0.23167169973165655,0.2316716997552566,0.23167157788675738,1FGL J1018.6-5856,5255509901121774976,Gaia: XM=F23=SIMBAD; CXO: XM=F23=SIMBAD; XMM: XM=F23=SIMBAD,1.0916421569703185e-06
3011101010100001,5XMM J112115.0-603724,,999999,2,1,2,170.31280266833946,-60.62344433223363,0.0023515185,0.008019502,0.005617042,135.00183,292.0901882124279,0.3358259483604625,380.1046,0.00013696315,0.000121599005,0.00015232728,371.01566,0.0005717023,0.00075711234,0.00038629232,-2147483648,-2147483648,-2147483648,-2147483648,-2147483648,-2147483648,-2147483648,-2147483648,-2147483648,92.62553,1,1.9292007e-10,2.2306431e-13,4.1597385e-14,1.0072497e-15,2.291919e-13,2.376985e-15,3.1489145e-12,9.576993e-15,2.7298679e-11,4.6949237e-14,1.6110205e-10,2.1760335e-13,2.3817714e-10,2.8867715e-13,4.0092004e-14,1.0999501e-15,2.6347983e-13,2.8768894e-15,3.798714e-12,1.2741306e-14,3.460215e-11,6.696991e-14,1.9947272e-10,2.8049546e-13,,,,,,,,,,,,,1.2585333e-10,3.5141697e-13,4.941607e-14,2.506781e-15,1.5543082e-13,4.2195514e-15,2.3050025e-12,1.452021e-14,2.0240202e-11,6.583708e-14,1.0310328e-10,3.4485424e-13,24.15646,0.02341681,20.60406,0.022096438,0.033555403,0.0009206142,0.20730856,0.0022635653,2.1908324,0.0073482934,6.674755,0.012918495,11.497607,0.016167758,,,,,,,,,,,,,3.5524027,0.007752061,0.0075226086,0.00038160727,0.026550692,0.0007207838,0.46282148,0.002915513,1.484214,0.004827833,1.5712941,0.0052555786,1.1665398e+06,,936403.7,1004.353,,,230136.08,502.1345,5.0216305e+06,3.946221e+06,4546.6934,28065.59,357908.3,1.3425495e+06,2.213157e+06,,,,,,,1.0754116e+06,1117.3586,3856.34,98920.36,469305.75,502218.25,0.0,,,,13005.5,4.988175e+06,2.7631508e-10,4.5544867e-14,9.85375e-15,8.123598e-14,8.648431e+21,9.698367e+18,8.111183e+18,1.128555e+19,0.023043817,0.00013731417,7.3680574e-05,0.00020094778,,,,,,,,,,,,,,,,0.70289207,0.006667491,0.8454358,0.0015258797,0.5102704,0.0012567872,0.22148074,0.001003575,0.72137463,0.007081222,0.827109,0.0018041121,0.50576705,0.0014409409,0.26539493,0.0011119125,,,,,,,,,0.5584455,0.019796155,0.8914908,0.0028599494,0.5245885,0.0025693227,0.028499432,0.002330912,45595.883,45597.85,45602.68,45576.035,45340.234,,,,,,65055.46,65073.848,65114.023,65041.67,64435.43,46.570217,0.2633954,1.6389377,9.01681,10.639607,25.011465,,,,,,,2.6331751,0.07708751,0.271133,1.1414655,0.60437405,0.539115,66653.6,65788.695,0.0,66653.6,0.54685915,,7.1048055,0.9884433,0.0,0.983684,0.5774805,,,,,False,False,0.0,0.477320581674576,0.00239554955624044,True,,,,,,,,,,,,,,,,1,FFTFFFFFFFF,FFTFFFFFFF,FFFFFFFFFF,FFTFFFFFFF,,,,,,,,,,,,,,,,,,,,,,,,,,,,,,,51936.3469444444,51937.1293171296,-32768,,,,,,,Gal_XRB,3.642,3.319e-05,0.008859,0.9888,0.001961,0.0003103,7.915e-05,8.281e-07,999999,,,,,,,,,,,,,,999999,999999,999999,999999,999999,999999,63,63,63,63,63,63,,,,,,,,,,,,,,,,,,,,,,,999999,,,,,,,,,,,,,,,,,,,,,,,,,,,,999999,,3,https://xmm-catalog.irap.omp.eu/source/3011101010100001,,,,,,,,1.1969901040863804,0.8800015709188244,1.8501810351699886,1.8501810353946484,1.8501352195700134,Cen X-3,5337498593446516480,Gaia: XM=F23=SIMBAD; CXO(2): XM=F23=SIMBAD; XMM: XM=F23=SIMBAD,8.370120602900991e-07
3040518190100001,5XMM J112146.7-595147,,999999,5,5,13,170.4449081919594,-59.86326406201434,0.01642883,0.01832195,0.018094722,45.009483,291.89310899087786,1.0729409451466467,396.7366,0.002907027,0.0029758431,0.002838211,407.293,0.002901439,0.0029575531,0.0028453253,-2147483648,-2147483648,-2147483648,-2147483648,-2147483648,-2147483648,-2147483648,-2147483648,-2147483648,38.906563,1,2.0165637e-14,1.9932765e-15,3.7461011e-16,1.09534575e-16,9.170818e-16,1.5902408e-16,1.9215626e-15,2.236069e-16,3.1563774e-15,5.1475383e-16,9.877024e-15,1.855307e-15,2.0492497e-14,2.6515416e-15,3.4869167e-16,1.2736391e-16,6.355063e-16,1.6555816e-16,5.4652544e-15,4.9348616e-16,2.7441962e-15,6.6577557e-16,1.1298849e-14,2.510031e-15,1.8663964e-14,4.2504787e-15,4.06735e-16,2.7351697e-16,4.3009466e-15,7.571573e-16,1.1714217e-15,3.4746806e-16,2.5484907e-15,9.036285e-16,1.0236371e-14,4.0597036e-15,2.0842626e-14,4.299152e-15,5.1478274e-16,3.4637155e-16,4.239541e-15,8.7191015e-16,8.260094e-16,3.624755e-16,8.865227e-15,1.8465054e-15,6.3970656e-15,3.749872e-15,0.008201889,0.00047911162,0.005124461,0.00038309145,0.000291841,0.0001065985,0.0005000227,0.00013026281,0.003151976,0.00028460828,0.0005293554,0.00012842812,0.00065126567,0.0001446782,0.0013614318,0.0001758642,6.2059626e-05,4.173322e-05,0.0007300427,0.00012851988,0.00023496375,6.969514e-05,0.00018583595,6.5892586e-05,0.00014852975,5.89063e-05,0.0017159967,0.00022772931,7.836538e-05,5.272814e-05,0.0007241984,0.0001489397,0.00016585444,7.2781455e-05,0.0006500871,0.00013540425,9.749129e-05,5.7148052e-05,257704.61,533.1063,121336.65,364.1437,67138.02,272.82462,69229.94,277.7921,1.2928948e+06,524248.16,568.2271,5386.27,91647.21,222846.31,203822.17,374852.22,1083.8573,3273.495,66177.09,198191.02,106147.01,393798.88,646.24243,2697.318,67874.41,206208.12,116387.16,0.0,,,,433.25,1.1283045e+06,2.6581284e-11,5.3978476e-14,5.4426502e-14,5.353045e-14,1.7467602e+22,7.651517e+19,8.6827765e+19,6.619529e+19,1.0651592,0.002622264,0.0023907633,0.002853765,,,,,,,,,,,,,,,,0.7587954,0.073086165,0.32057187,0.05393746,-0.5023902,0.05718972,-0.3400128,0.09877749,0.26290092,0.20881884,0.72616494,0.06516391,-0.7124109,0.06374307,0.103259414,0.16272345,0.84330404,0.10039024,-0.5130318,0.1270713,-0.11674868,0.22799155,-0.11157298,0.26268265,0.8047124,0.123983994,-0.6273155,0.14695798,0.5934648,0.15733413,-0.739181,0.1410938,56556.48,56559.73,56771.613,56686.305,55592.688,69207.195,69236.445,69285.305,69193.164,68452.32,45547.22,45556.492,45579.203,45488.3,44366.914,8.995624,0.4522853,1.046917,1.6575994,2.6122625,3.2265599,1.3053224,0.10228211,0.21341327,0.35553634,0.22279361,0.4112971,0.8744657,0.06589274,0.13864444,0.24421075,0.16293553,0.26278222,84056.016,73790.7,75045.78,48647.703,0.2318547,3.3785534,3.2566411,0.98433715,0.9884619,0.98992866,1.1151013,,,,,False,False,0.0,1.06419491767883,0.00738499965518713,True,,,,,,,,,,,,,,,,1,FFTFFFFFFFF,FFTFFFFFFF,FFTFFFFFFF,FFTFFFFFFF,34463.662410349556,120.30596356033762,781.3082680256712,11041.31819448839,26005.348774339032,20029.135278941627,0.0,9.447750264128704e-128,0.0,0.0,0.0,0.0,42581.956266393914,74270.66826468185,,,11024.09407033848,154416.22278149304,20856.148219631283,52595.44596064168,,,,,310.40949017182186,18.116271708827757,43.406186247405216,165.8006434963148,265.35269790069503,239.35045313231626,53910.3049305556,59240.2101388889,-32768,,,,,,,Gal_XRB,5.083,2.976e-06,0.1609,0.8385,0.0005351,1.133e-05,4.844e-05,1.436e-05,3033131,13.273323059082031,0.004358514677733183,12.912149769780466,0.0017863782585732684,,,,,,,,,0.9947895123699083,999999,999999,999999,999999,999999,999999,0,0,0,0,0,0,,,91.45030212402344,2.0,,,,,,,,,J112146.81-595147.9,8.043000221252441,0.023000000044703484,7.98199987411499,0.01899999938905239,7.807000160217285,0.02199999988079071,7.4120001792907715,0.09099999815225601,0.9920073317099157,5339047221168787712,0.1233,0.012299999594688416,10.024390574227775,-5.147,2.727,9.770651817321777,10.125701904296875,9.215526580810547,0.9830080059720863,https://xmm-catalog.irap.omp.eu/source/3040518190100001,,Star,0.9993555524678255,0.0002152238704620944,0.000429223661712468,,,,,,,,,,,,,999999,,3,https://xmm-catalog.irap.omp.eu/source/3040518190100001,478.1,,,,,,,0.31672983293070595,0.8800766746308311,0.12952002571119142,0.12952002572304333,0.1295187650925942,IGR J11215-5952,5339047221168787712,Gaia: XM=F23=SIMBAD; CXO: none; XMM: XM=F23=SIMBAD,4.08736277125413e-07
3084100010100001,5XMM J114728.6-615714,,999999,1,1,1,176.86941583296962,-61.95396285922151,0.018646618,0.02117676,0.020071989,135.0123,295.4900022231632,-0.009886770289672579,346.3079,0.0033252307,0.003251795,0.0033986664,374.55682,0.003267088,0.003231464,0.0033027122,-2147483648,-2147483648,-2147483648,-2147483648,-2147483648,-2147483648,-2147483648,-2147483648,-2147483648,334.76056,1,1.6510243e-10,5.1601106e-13,1.2053615e-13,4.6098036e-15,1.6498361e-13,5.3480483e-15,1.1222272e-12,1.2534278e-14,2.7964249e-11,1.0594905e-13,1.3573044e-10,5.048121e-13,,,,,,,,,,,,,1.6510243e-10,5.1601106e-13,1.2053615e-13,4.6098036e-15,1.6498361e-13,5.3480483e-15,1.1222272e-12,1.2534278e-14,2.7964249e-11,1.0594905e-13,1.3573044e-10,5.048121e-13,,,,,,,,,,,,,4.3091826,0.0110764485,,,,,,,,,,,,,4.3091826,0.0110764485,0.020906994,0.00079957047,0.02880779,0.0009338227,0.2290129,0.0025578702,2.0623634,0.007813742,1.9680915,0.0073197754,,,,,,,,,,,,,163850.17,,,,163850.17,421.14957,,,1.070568e+06,,,,,,,1.070568e+06,2891.4414,3922.5789,40513.773,537623.7,485622.9,,,,,,,0.0,,,,252.5,1.0702724e+06,1.913663e-10,4.6147905e-13,4.6347485e-13,4.594833e-13,5.0414852e+22,2.5384395e+20,2.493335e+20,2.583544e+20,0.76820815,0.0038596415,0.0036109155,0.0041083675,,,,,,,,,,,,,,,,0.15892245,0.024433762,0.7765285,0.0068058087,0.8001088,0.0021219312,-0.023389893,0.0026531254,,,,,,,,,0.15892245,0.024433762,0.7765285,0.0068058087,0.8001088,0.0021219312,-0.023389893,0.0026531254,,,,,,,,,,,,,,37960.027,37995.01,38052.43,37987.32,38059.117,,,,,,,,,,,,0.77781403,0.05170705,0.09347006,0.2157393,0.14302742,0.27387023,,,,,,,41888.555,,41888.555,0.0,,0.9944268,,,0.9678951,0.0,1.6950792,,,,,False,False,0.0,0.304180353879929,0.00275462213903666,True,,,,,,,,,,,,,,,,0,FFFFFFFFFFF,FFFFFFFFFF,FFFFFFFFFF,FFFFFFFFFF,,,,,,,,,,,,,,,,,,,,,,,,,,,,,,,58687.5014583333,58687.9917013889,-32768,,,,,,,Gal_XRB,4.463,3.655e-05,4.311e-08,0.9998,2.827e-05,0.0001281,3.157e-06,2.289e-06,3093656,,,19.909940719604492,0.04645564407110215,,,,,,,13.154193878173828,0.0015545862261205912,0.9651871870780314,999999,999999,999999,999999,999999,999999,0,0,0,0,0,0,0.0,,0.0,,0.0,,0.0,,0.0,,0.0,,J114728.55-615713.3,8.473999977111816,0.020999999716877937,8.414999961853027,0.01899999938905239,8.413000106811523,0.03200000151991844,7.702000141143799,0.14499999582767487,0.9931903631142458,5334851450481641088,0.1267,0.010200000368058681,12.421568179228824,-6.226,2.362,12.255293846130371,13.309616088867188,11.227763175964355,0.9872424373460621,https://xmm-catalog.irap.omp.eu/source/3084100010100001,5378.7978515625,Star,0.9966563970357859,0.002197749465946273,0.0011458534982677954,,,,,,,,,,,,,999999,,3,https://xmm-catalog.irap.omp.eu/source/3084100010100001,,,,,,,,1.190299546360608,0.8800987718364174,1.8291516209426453,1.8291516210599896,1.829101805845329,1E 1145.1-6141,5334851450481641088,Gaia: XM=F23=SIMBAD; CXO: none; XMM: XM=F23=SIMBAD,1.215442533621352e-06
3088090010100001,5XMM J122637.3-624615,,999999,1,1,1,186.6557812937096,-62.770881438883784,0.008652564,0.012455985,0.009998233,135.00365,300.0978028663858,-0.03576311087784321,354.44858,0.0016007561,0.0017025296,0.0014989827,323.21262,0.0014549086,0.001691121,0.0012186961,-2147483648,-2147483648,-2147483648,-2147483648,-2147483648,-2147483648,-2147483648,-2147483648,-2147483648,347.41095,1,3.513208e-10,6.762441e-13,2.851179e-13,5.8917795e-15,2.872306e-13,5.564915e-15,4.9041186e-13,6.6755632e-15,3.363463e-11,8.6510836e-14,3.1662342e-10,6.706055e-13,,,,,,,,,,,,,3.513208e-10,6.762441e-13,2.851179e-13,5.8917795e-15,2.872306e-13,5.564915e-15,4.9041186e-13,6.6755632e-15,3.363463e-11,8.6510836e-14,3.1662342e-10,6.706055e-13,,,,,,,,,,,,,7.237468,0.011746112,,,,,,,,,,,,,7.237468,0.011746113,0.043503292,0.00089896773,0.048754524,0.0009445887,0.09836681,0.0013389845,2.4526372,0.0063083703,4.594206,0.009730486,,,,,,,,,,,,,442562.38,,,,442562.38,717.93665,,,2.9857358e+06,,,,,,,2.9857358e+06,12118.434,13945.986,25790.771,1.0257161e+06,1.9081711e+06,,,,,,,0.0,,,,7341.0,2.983468e+06,5.2371085e-10,7.744333e-13,1.2549386e-12,2.9392805e-13,8.306067e+22,2.8885453e+20,1.3302805e+20,4.443939e+20,0.0,0.00060225325,,0.00060225325,,,,,,,,,,,,,,,,0.05691911,0.014117292,0.3372202,0.010492789,0.92288,0.0010271511,0.30390468,0.0015120796,,,,,,,,,0.05691911,0.014117292,0.3372202,0.010492789,0.92288,0.0010271511,0.30390468,0.0015120796,,,,,,,,,,,,,,61493.83,61505.85,61516.805,61494.824,60949.117,,,,,,,,,,,,0.86482614,0.056006376,0.06391715,0.2105656,0.16362688,0.37071016,,,,,,,70572.6,,70572.6,0.0,,1.670185,,,0.9672005,0.0,1.8215401,,,,,False,False,0.0,0.425933241844177,0.00159431621432304,True,,,,,,,,,,,,,,,,0,FFFFFFFFFFF,FFFFFFFFFF,FFFFFFFFFF,FFFFFFFFFF,,,,,,,,,,,,,,,,,,,,,,,,,,,,,,,59612.5176157407,59613.3319212963,-32768,,,,,,,Gal_XRB,3.17,7.964e-06,0.002072,0.9965,0.001273,9.484e-05,1.851e-05,4.224e-07,999999,,,,,,,,,,,,,,999999,999999,999999,999999,999999,999999,63,63,63,63,63,63,,,,,,,,,,,,,,,,,,,,,,,999999,,,,,,,,,,,,,,,,,,,,,,,,,,,,999999,,3,https://xmm-catalog.irap.omp.eu/source/3088090010100001,,,,,,,,2.179216430984411,0.8800212687390473,6.132172912594816,6.132172913991369,6.132113155758332,GX 301-2,6054569565614460800,"Gaia: XM=F23=SIMBAD; CXO: XM=F23=SIMBAD; XMM: XM only, F23+SIMBAD absent",4.581592853897103e-07
3010948010100001,5XMM J124250.2-630331,,999999,5,5,15,190.70951370950436,-63.05866053240619,0.010839018,0.013190517,0.009801571,45.002808,301.95799075335714,-0.20317550727739012,516.8501,0.0016757925,0.0016669723,0.0016846128,461.66983,0.002129434,0.0020796207,0.002179247,-2147483648,-2147483648,-2147483648,-2147483648,-2147483648,-2147483648,-2147483648,-2147483648,-2147483648,25.31847,1,1.7983434e-11,3.7104665e-14,1.2300341e-13,1.2586942e-15,7.6223977e-13,2.7413616e-15,2.4397144e-12,4.8815745e-15,5.31974e-12,1.1918022e-14,9.375153e-12,3.457689e-14,1.7417671e-11,4.7247254e-14,1.1705888e-13,1.4984543e-15,7.4107127e-13,3.3964954e-15,2.3661695e-12,6.6351466e-15,5.126065e-12,1.6465597e-14,9.067307e-12,4.3627747e-14,1.8802467e-11,8.558649e-14,1.3960427e-13,3.3324773e-15,8.13509e-13,6.66527e-15,2.5021521e-12,1.021967e-14,5.5376008e-12,2.4519884e-14,9.809601e-12,8.101759e-14,1.8981821e-11,8.395973e-14,1.3503734e-13,3.231173e-15,7.907628e-13,6.472139e-15,2.550584e-12,1.0166406e-14,5.5281994e-12,2.4335465e-14,9.977238e-12,7.938096e-14,5.3607845,0.0069383625,3.142324,0.0055682706,0.059776116,0.00076518574,0.4481925,0.0020541665,1.180553,0.0033104736,0.93714714,0.0030102406,0.51665515,0.002485909,1.100698,0.002927774,0.013928318,0.00033248126,0.11219916,0.00091927405,0.4471596,0.0018263572,0.38713366,0.0017141851,0.1402773,0.0011585515,1.1177626,0.0029263243,0.013378149,0.0003201123,0.10967089,0.000897621,0.45622298,0.0018184651,0.38863242,0.0017107832,0.14985812,0.001192302,821967.7,953.1305,421705.9,677.27704,195710.45,467.27942,204551.34,481.04422,3.7673658e+06,1.7737301e+06,24169.01,218582.08,681728.94,583194.56,266066.22,972186.0,6841.6553,79232.914,394134.53,382250.0,109740.375,1.0214548e+06,7010.9126,81972.55,415739.2,399168.56,117577.086,0.0,,,,76.0,3.700391e+06,2.311401e-11,2.7103276e-14,2.69033e-14,2.7303253e-14,4.0978177e+21,1.2661867e+19,1.2326513e+19,1.2996976e+19,1.4894236,0.0012956633,0.0012096872,0.0013816394,,,,,,,,,,,,,,,,0.7710727,0.002193994,0.5314775,0.0014788326,-0.095474035,0.0014870684,-0.374559,0.0018506463,0.76464635,0.0028234448,0.44964698,0.002143344,-0.11493876,0.0021038041,-0.289236,0.0026506202,0.77913904,0.0049585057,0.5988293,0.002935972,-0.0719482,0.00299639,-0.46805313,0.003659067,0.78255576,0.0049011065,0.6123977,0.0028447502,-0.08000249,0.0029502395,-0.44341418,0.003652512,114112.055,114045.41,114039.19,112500.97,92694.38,147485.72,147485.06,147641.1,145423.75,120485.6,152031.23,151985.75,152084.44,149901.25,123575.055,24.083183,0.86512744,3.3234751,7.3056717,6.324316,6.264593,3.3935797,0.21999389,0.3485868,0.9345937,0.69754505,1.1928604,3.5723398,0.21003467,0.38443103,1.0177189,0.72569954,1.2344557,228499.86,214111.86,226849.78,228287.06,7.9338117,4.475214,4.667933,0.9891379,0.9892714,0.9876978,5.634954,,,,,False,False,0.0,0.196962401270866,0.00750661175698042,True,,,,,,,,,,,,,,,,1,FFTFFFFFFFF,FFTFFFFFFF,FFTFFFFFFF,FFTFFFFFFF,17645.844450647146,52.83588550848849,735.2398130983408,9576.44848086304,13037.358662479597,9736.155736982628,0.0,4.9745740667178414e-55,0.0,0.0,0.0,0.0,4.305782727277702,0.03823403552200904,1.6245272818334593,0.061746668870571036,1.928672556807695,0.02965441060861337,2.8954690306421935,0.02633352310327447,3.5790660179491205,0.037355314039227296,5.402465023435694,0.0833795813356013,183.98711452480381,13.537307619565603,48.59401045301653,144.90559351854435,157.49437513442393,131.93204753543714,52458.6253587963,58685.588125,-32768,,,,,,,Gal_XRB,5.455,4.984e-06,0.2189,0.7757,0.00421,7.25e-05,0.0008876,0.0001954,999999,,,,,,,,,,,,,,999999,999999,999999,999999,999999,999999,63,63,63,63,63,63,,,,,,,,,,,,,,,,,,,,,,,999999,,,,,,,,,,,,,,,,,,,,,,,,,,,,999999,,3,https://xmm-catalog.irap.omp.eu/source/3010948010100001,7.6,,,,,,,0.32753447888753806,0.8800333755921018,0.13852104531518164,0.13852104564982992,0.1385222493413076,1H 1249-637,6055103928246312960,Gaia: XM=F23=SIMBAD; CXO: none; XMM: XM=F23=SIMBAD,2.7034728491028172e-08
3009282010100002,5XMM J130158.7-635809,,999999,20,20,34,195.49478314215727,-63.9691895091282,0.01804116,0.024832182,0.01690785,135.0123,304.0883242361503,-1.1211118258143968,459.1809,0.0033819415,0.0034590045,0.0033048782,256.04172,0.002984156,0.0030052178,0.0029630943,-2147483648,-2147483648,-2147483648,-2147483648,-2147483648,-2147483648,-2147483648,-2147483648,-2147483648,7.70753,1,1.13073734e-11,7.51519e-14,4.843436e-15,4.3853122e-16,6.6451395e-15,5.0138495e-16,1.9284993e-13,2.2520613e-15,2.0665774e-12,1.2046136e-14,9.225885e-12,7.41099e-14,2.2836483e-12,1.5489702e-13,4.726185e-16,6.439578e-16,1.1699824e-15,1.1102323e-15,4.1529463e-14,5.6955253e-15,4.0252312e-13,2.9028426e-14,1.8379532e-12,1.5204063e-13,4.41923e-11,2.74247e-13,1.2494087e-14,1.2424492e-15,1.4611725e-14,1.2865607e-15,5.2548227e-13,6.532382e-15,6.7532785e-12,3.885308e-14,3.6886435e-11,2.7139635e-13,1.08066065e-11,9.05041e-14,7.452012e-15,6.834811e-16,6.500339e-15,6.2469416e-16,1.7094541e-13,2.6452826e-15,1.84249e-12,1.4082865e-14,8.779219e-12,8.935777e-14,1.6513705,0.012188693,0.20885374,0.010954439,0.00039556276,0.0005389669,0.00092055387,0.0008735419,0.023951286,0.0032847803,0.07764671,0.005599583,0.10593963,0.008763622,1.137459,0.005033368,0.0019063478,0.00018957291,0.0024801942,0.00021838082,0.10540123,0.0013102652,0.49244907,0.0028331664,0.5352222,0.003937961,0.30505767,0.0017971294,0.001135477,0.000106663145,0.0011038746,0.00010696311,0.034238756,0.0005320264,0.1348496,0.0010337159,0.13372998,0.0013620702,193221.81,475.57635,499.15808,25.294292,72484.234,291.1023,120238.414,375.2233,863264.06,1044.3171,0.27400193,0.6357637,120.99344,577.1186,351.8373,329214.88,336.00253,348.12335,29509.21,192367.28,106723.28,533014.25,536.5548,949.6247,50029.234,308297.38,173299.77,0.0,,,,1534.1875,829451.06,3.727085e-11,8.9820966e-14,8.940012e-14,9.024182e-14,2.8786095e+22,1.4564955e+20,1.3993084e+20,1.5136655e+20,0.7298321,0.0032568744,0.003489379,0.0030243697,,,,,,,,,,,,,,,,0.062264867,0.046805747,0.9488304,0.0033107167,0.62947327,0.0032370533,0.02629304,0.0037535308,0.39889404,0.69810593,0.92597616,0.0683464,0.5285087,0.055834312,0.15411232,0.05356889,0.13081978,0.06527447,0.95402,0.0039946856,0.64739925,0.0039784,0.04162138,0.0046618683,-0.01411227,0.067464955,0.93753296,0.005938787,0.59501934,0.0055961097,-0.004168648,0.006373698,2949.591,2947.0918,2948.127,2873.872,1902.2178,69455.35,69393.57,69414.48,67698.336,44976.426,143892.7,143771.28,143818.16,140423.44,95136.3,0.36609402,0.02438845,0.040041585,0.062085975,0.07642378,0.16315424,1.8686154,0.12645356,0.17474385,0.53653914,0.40725932,0.62361956,4.2274175,0.27789336,0.38295677,1.1680988,0.9133351,1.4851335,264740.6,6310.0,131577.62,264698.38,0.09565807,8.807559,7.903566,0.9822925,0.98079324,0.98383933,9.762604,,,,,False,False,0.0,0.360363155603409,0.0142881143838167,True,,,,,,,,,,,,,,,,3,FTTFFFFFFFT,FTTFFFFFFF,FTTFFFFFFF,FTTFFFFFFF,3021.946507788027,12.47402241662369,18.224189825886555,626.4520927455039,3148.150253877249,2165.177698101949,0.0,1.4539196853343287e-41,4.584446311280668e-65,0.0,0.0,0.0,74.69546750402843,6.041926360114016,,,135.82905310394722,522.1482268778959,50.75096834222066,9.48578302371502,53.552333237436436,3.6870388504313203,81.5734585220916,8.26408248455158,114.40648588295882,7.624403330267523,11.606263887443017,53.22975817140346,116.68372485180085,97.06914846633184,51921.6618287037,60008.5116203704,-32768,,,,,,,Gal_XRB,4.249,6.038e-05,2.012e-08,0.9979,0.001621,0.0001968,1.67e-06,0.0002586,3376095,,,,,,,,,,,19.118006150183,0.061700571085856255,0.9714918795784774,999999,999999,999999,999999,999999,999999,0,0,0,0,0,0,,,,,,,,,,,,,,,,,,,,,,,5862285700835092352,0.0756,0.08420000225305557,0.8978622087537594,-6.288,-0.584,17.30669403076172,19.536026000976562,15.889301300048828,0.9867239785528168,https://xmm-catalog.irap.omp.eu/source/3009282010100002,1394.85205078125,Star,0.9999879575025097,1.198057530377505e-05,6.192218643173267e-08,1.4561286365589978e-12,1.3681070262497162e-12,1.5599368187651699e-12,2.4925397563631093e+22,2.044484123880916e+22,3.0513521927678297e+22,1.3017354788638134,1.111744280519118,1.5472568245903893,,,,814,0.312,0,https://xmm-catalog.irap.omp.eu/source/3009282010100002,861.8,,,,,,,0.37233086443755914,0.8800924620324325,0.17897875091615842,0.17897875150091938,0.17895457018164546,IGR J13020-6359,5862285700835092352,Gaia: XM=F23=SIMBAD; CXO: none; XMM(2): XM=F23=SIMBAD,4.210668873601793e-08
3009282010100073,5XMM J130159.6-635804,,999999,20,20,34,195.4985232418956,-63.96781488540667,3.720091,7.9782877,1.9453902,149.9322,304.0900208834988,-1.1198055825846505,457.7076,0.69046223,1.3720461,0.00887837,257.2836,0.62306035,1.2329046,0.013216102,-2147483648,-2147483648,-2147483648,-2147483648,-2147483648,-2147483648,-2147483648,-2147483648,-2147483648,7.70753,1,1.3905938e-13,2.246464e-14,1.4551002e-16,2.319186e-16,2.0601977e-16,2.426142e-16,6.508789e-16,6.0041015e-16,6.6671933e-15,2.499429e-15,1.2825486e-13,2.2106865e-14,6.8622256e-15,4.5216303e-14,0.0,6.522102e-16,0.0,5.1979114e-16,0.0,1.8338621e-15,6.8622256e-15,1.2413376e-14,0.0,4.3432285e-14,1.3975352e-12,1.234964e-13,1.4952703e-16,4.672277e-16,1.0897928e-15,7.1158915e-16,1.045717e-15,1.3031401e-15,5.1841724e-15,4.082906e-15,1.390066e-12,1.2341907e-13,1.2654496e-13,2.6473468e-14,1.7326803e-16,2.92848e-16,1.1914307e-16,2.9731224e-16,6.302359e-16,7.27823e-16,7.60417e-15,3.2686737e-15,1.1801814e-13,2.6257501e-14,0.024819387,0.0041487943,0.0013237234,0.003685766,0.0,0.00054587383,0.0,0.00040897686,0.0,0.0010576433,0.0013237234,0.0023945402,0.0,0.002503437,0.020965435,0.0018394663,2.2814833e-05,7.128961e-05,0.00018498144,0.00012078514,0.00020974991,0.00026138386,0.00037802986,0.00029772552,0.020169858,0.0017908107,0.0025302302,0.00049394974,2.6393882e-05,4.595922e-05,2.0739439e-05,5.1296316e-05,0.00012747533,0.00014672153,0.0005582845,0.00023990628,0.0017973372,0.00040020063,5051.3955,211.93446,3.863263,9.318731,2352.6375,145.5242,2694.895,153.79233,246.542,1.5200859e-05,0.0,0.0,0.0,0.01828984,0.0,117.81662,5.6370423e-05,0.059827738,0.67603385,29.814054,123.66902,135.54663,1.1927978e-06,4.6878802e-05,0.3420337,48.524937,139.85782,0.0,,,,44.671524,113.298065,8.482474e-13,6.532585e-14,8.1725215e-14,4.8926497e-14,1e+23,6.380886e+21,6.380886e+21,,0.0,0.06318351,,0.06318351,,,,,,,,,,,,,,,,0.6461575,0.57560813,0.4127494,0.47912169,0.5669268,0.31931573,0.95170754,0.028249674,,,,,1.0,1.5979825,-1.0,3.7824175,0.7804115,0.62400746,0.06274761,0.70066684,0.28629774,0.6766733,0.96320504,0.028625753,-0.119967125,1.4906507,0.7201435,0.6566352,0.6282216,0.37185347,0.5259981,0.17503834,2992.6714,2990.187,2991.1357,2918.482,1949.892,70229.37,70168.945,70191.05,68502.57,45820.348,145115.86,144991.47,145029.86,141614.25,96467.055,0.3685181,0.024460582,0.04020295,0.062345035,0.07708962,0.16441992,1.9136075,0.1291328,0.17841095,0.5502817,0.41715696,0.638625,4.259232,0.27862057,0.38390222,1.1775714,0.92386556,1.4952725,264740.6,6310.0,131577.62,264698.38,0.00060628465,0.21844384,0.1961253,0.95767057,0.9598043,0.9696206,9.639242,,,,,False,False,,,,False,,,,,,,,,,,,,,,,3,FFFFFFFFFFT,FFFFFFFFFF,FFFFFFFFFF,FFFFFFFFFF,23.511229970154684,0.07164553188833966,0.19478600256468767,0.8886059270323866,9.244343644026099,19.955994728661413,4.9047416520385385e-87,0.9999999948707549,0.9999625934352369,0.6024169676129382,1.0700019187953377e-28,3.1120658090412927e-72,37423.38898792466,28243823.061401185,,,,,,,,,,,14.407348770236077,0.8611571981289298,1.1789239952208672,2.370672121965551,9.58105795556015,13.135926961506204,51921.6618287037,60008.5116203704,-32768,,,,,,,Gal_XRB,3.955,0.001444,0.0001047,0.9798,0.01125,0.006289,0.0007634,0.0003476,999999,,,,,,,,,,,,,,999999,999999,999999,999999,999999,999999,63,63,63,63,63,63,,,,,,,,,,,,,,,,,,,,,,,999999,,,,,,,,,,,,,,,,,,,,,,,,,,,,999999,,999999,,,,,,,,,7.774919478211593,2.7737950380151943,7.856752379032661,7.856752382717559,21.578001732501352,IGR J13020-6359,5862285700835092352,Gaia: XM=F23=SIMBAD; CXO: none; XMM(2): XM=F23=SIMBAD,4.210668873601793e-08
3009282010100001,5XMM J130247.6-635009,,999999,20,20,55,195.69835373746704,-63.83584273003659,0.00909111,0.009942937,0.009723492,135.00284,304.1834782236632,-0.9916922485640505,378.78162,0.001535447,0.0015232955,0.0015475984,376.18527,0.0016756849,0.001741565,0.0016098048,-2147483648,-2147483648,-2147483648,-2147483648,-2147483648,-2147483648,-2147483648,-2147483648,-2147483648,32.019955,1,5.300302e-12,1.6293465e-14,2.2537397e-14,3.8231287e-16,1.9720315e-13,1.106075e-15,6.90371e-13,2.1243017e-15,1.4571877e-12,5.2044012e-15,2.8793547e-12,1.5222256e-14,8.229862e-12,2.9586336e-14,2.3713851e-14,5.086921e-16,2.3813894e-13,1.6510513e-15,9.74238e-13,3.9204513e-15,2.4366511e-12,1.0601982e-14,4.5571203e-12,2.728726e-14,3.983248e-12,2.7721554e-14,2.266483e-14,8.5646916e-16,1.6513809e-13,2.13637e-15,5.671298e-13,3.5766017e-15,1.1312749e-12,8.467363e-15,2.0970406e-12,2.6051845e-14,4.0662005e-12,2.7491372e-14,1.9612833e-14,7.8714613e-16,1.6267529e-13,2.0786083e-15,5.776298e-13,3.5722607e-15,1.161054e-12,8.428888e-15,2.1452284e-12,2.5826888e-14,2.0185938,0.0040095053,1.4974889,0.0037004515,0.019562451,0.00043523,0.18653709,0.0013049905,0.5599658,0.0022653637,0.46884096,0.0020479863,0.26258257,0.001573148,0.25735816,0.0010904976,0.003380214,0.00013180784,0.027899675,0.00036326563,0.11335855,0.0007179393,0.08228696,0.00061767816,0.030432772,0.00037800334,0.26374683,0.0010925233,0.00291501,0.00012088943,0.027655406,0.00035568906,0.11557429,0.0007177824,0.084927835,0.0006183186,0.032674294,0.00039363533,954360.5,1024.6743,467084.34,716.2873,237461.02,510.04434,249815.12,526.0653,4.6135615e+06,1.9627654e+06,15697.412,200617.11,793287.6,641187.6,312004.44,1.2845931e+06,7914.299,84582.5,538912.25,504102.4,149126.28,1.3662149e+06,8643.402,88506.51,577051.1,533747.94,158310.42,0.0,,,,72.0,4.3119975e+06,1.8093691e-11,2.0892823e-14,2.1184794e-14,2.0600851e-14,5.588477e+21,1.3634749e+19,1.1370673e+19,1.5897824e+19,1.559038,0.0011139796,0.001044751,0.0011832082,,,,,,,,,,,,,,,,0.80564314,0.003227136,0.55198574,0.0021984132,-0.11801895,0.0022136502,-0.35323563,0.002601373,0.810165,0.0040071392,0.50023746,0.0030295576,-0.08857344,0.0029535345,-0.28199577,0.0034124153,0.783873,0.007924899,0.60498327,0.0045898226,-0.15881579,0.004786774,-0.46002764,0.0057208166,0.8092921,0.007490945,0.6138314,0.0044504907,-0.15284862,0.0046730116,-0.4443248,0.0056486465,120930.414,120943.516,120973.58,120847.22,119990.66,244461.6,244668.84,245016.39,244661.84,245008.31,251643.23,251713.14,251860.66,251526.42,248779.12,31.735664,1.1034731,3.7175047,10.065136,9.234444,7.6151066,4.2720537,0.32226714,0.47035828,1.2291921,0.8594306,1.3908054,4.288402,0.30368882,0.4610498,1.244899,0.86263865,1.4161259,265890.9,174279.86,255881.52,264780.25,0.20411628,1.1695123,1.205078,0.986231,0.9885458,0.9877569,0.12506564,,,,,False,False,9.30175592657179e-05,0.0490985289216042,0.00691996375098825,False,,,,,,,,,,,,,,,,1,FFTFFFFFFFF,FFTFFFFFFF,FFTFFFFFFF,FFTFFFFFFF,14456.419918839014,220.09836368842565,2365.9549821234305,12605.101018753287,11849.677171887319,5114.211957798909,0.0,0.0,0.0,0.0,0.0,0.0,37.335085455249704,1.2732843819287258,21.773520348577286,5.695056767610656,18.47895746372371,0.9480809547714989,30.25640878914897,0.938782626562594,40.69844073238946,1.6227962947455619,40.59215328539341,2.5990222315441276,340.0606550692645,37.55726179903509,125.05925404308229,312.78170058669093,312.49377715764945,205.26870762313467,51921.6618287037,60008.5116203704,-32768,,,,,,,Gal_XRB,4.22,0.0004087,1.498e-05,0.9888,0.004266,0.006084,0.0003283,9.036e-05,3383327,13.441656549290384,0.001617159930063931,13.212229771645754,0.00158293348001185,11.706551009236154,0.00025444413198081966,13.663902831142714,0.0015302342909382827,,,12.894514801368887,0.0017288336054632034,0.9989347469548467,999999,999999,999999,999999,999999,999999,0,0,0,0,0,0,3.7836618423461914,6.0,27.214099884033203,4.0,48592.359375,3.0,28.46006965637207,1.0,,,203.09475708007812,1.0,J130247.65-635008.6,6.7829999923706055,0.03799999877810478,6.461999893188477,0.020999999716877937,5.63700008392334,0.014999999664723873,4.741000175476074,0.029999999329447746,0.9935986892540491,5862299960127967488,0.4434,0.013299999758601189,33.3383464697622,-7.093,-0.342,9.632835388183594,10.153929710388184,8.913000106811523,0.989307349463372,https://xmm-catalog.irap.omp.eu/source/3009282010100001,1956.0606689453125,Star,0.9841270604912967,0.01017694707417342,0.005695992434529984,,,,,,,,,,,,,999999,,3,https://xmm-catalog.irap.omp.eu/source/3009282010100001,54.8,,,,,,,0.4548455127932818,0.8800234793119055,0.26714023907294987,0.2671402391049272,0.2671402590045041,PSR B1259-63,5862299960127967488,Gaia: XM=F23=SIMBAD; CXO: XM=F23=SIMBAD; XMM: XM=F23=SIMBAD,1.454189880397265e-06
3008794020100001,5XMM J134632.6-625524,,999999,18,6,18,206.63588782547436,-62.92332817664933,0.038455836,0.043814216,0.03962337,135.05344,309.1551671602402,-0.7193202225416604,1175.7,0.007027345,0.0071041198,0.0069505693,1288.607,0.0065608406,0.0065950737,0.006526607,-2147483648,-2147483648,-2147483648,-2147483648,-2147483648,-2147483648,-2147483648,-2147483648,-2147483648,41.256607,1,1.3977545e-12,1.14650306e-14,1.6342096e-14,4.6214605e-16,9.3762075e-14,1.0555843e-15,2.2332658e-13,1.6986286e-15,4.087598e-13,3.862194e-15,6.602107e-13,1.057233e-14,1.3213449e-12,1.4704716e-14,1.5686803e-14,5.5073066e-16,8.814263e-14,1.2895502e-15,2.1038757e-13,2.310454e-15,3.7877454e-13,5.32355e-15,6.2835343e-13,1.3438156e-14,1.5269545e-12,2.6587485e-14,2.0925734e-14,1.3289287e-15,1.0943313e-13,2.6982516e-15,2.35377e-13,3.571222e-15,4.4140462e-13,8.070691e-15,7.198139e-13,2.4898957e-14,1.5065389e-12,2.5251712e-14,1.5810993e-14,1.105087e-15,1.01489224e-13,2.5097336e-15,2.416215e-13,3.5170843e-15,4.427119e-13,7.808307e-15,7.0490526e-13,2.3596386e-14,0.53129077,0.0026144248,0.3101858,0.0021210972,0.012517938,0.00043110095,0.068167016,0.0009809067,0.12045417,0.0013086611,0.0728182,0.0010194626,0.03622849,0.00077403476,0.11052515,0.0010964778,0.002914237,0.00018635612,0.018175108,0.00044372617,0.046873365,0.00070550013,0.03211329,0.0005853076,0.010449147,0.00036100805,0.11057983,0.001064847,0.002300578,0.00015823188,0.017072361,0.00041645934,0.048097637,0.00069461716,0.032362103,0.0005690859,0.010747157,0.00035926528,53940.086,255.46428,27058.666,180.1136,13106.629,126.90586,13774.79,129.29034,141025.45,70294.99,2367.2979,16521.549,28848.104,16473.818,6094.135,33849.816,618.1008,5771.698,14699.892,10406.353,2366.0852,36887.18,532.6582,6014.1426,16141.4795,11641.506,2570.4387,0.0,,,,68.359375,139656.02,1.4202653e-12,6.6888557e-15,6.651172e-15,6.7265394e-15,2.775616e+21,3.0529066e+19,3.0710224e+19,3.034791e+19,1.7298124,0.004783679,0.0047130436,0.0048543145,,,,,,,,,,,,,,,,0.7134791,0.007353351,0.37253496,0.005748919,-0.2174896,0.0057282057,-0.42994955,0.0075457254,0.6897082,0.009784551,0.2772072,0.008322499,-0.2464707,0.008322299,-0.33554164,0.0113339,0.7236295,0.01630314,0.44118264,0.011549093,-0.18686792,0.011406108,-0.50899684,0.014470934,0.76249576,0.015274084,0.47606686,0.0109617,-0.19557026,0.010942402,-0.50139916,0.014138017,82869.34,82861.75,83058.27,82753.375,78410.484,114903.664,114885.016,114869.69,114623.7,109565.83,120846.39,120856.016,120898.78,120536.66,114931.39,9.24177,0.5855057,1.2399392,2.693375,1.9911953,2.7317538,4.240179,0.22521621,0.3893456,1.6168263,0.9170083,1.0917828,4.2683697,0.23964918,0.40328178,1.6645951,0.87947,1.0813737,133446.77,102041.09,129648.016,133387.48,0.6216266,0.33717138,0.3318454,0.98265713,0.991947,0.9876924,20.587,,,,,False,False,1.19983090688094e-19,0.253499239683151,0.0189592689275742,True,,,,,,,,,,,,,,,,1,FFTFFFFFFFF,FFTFFFFFFF,FFTFFFFFFF,FFTFFFFFFF,239.93744196370898,16.958544525016617,100.26065539362168,236.39374261769953,124.47705415409514,111.97290517350525,6.369335252279018e-308,1.0815616015373618e-19,1.0725391952542469e-126,2.559854708253921e-303,4.641131208494163e-158,7.351561323763304e-142,2.729813472557434,0.08862959046683369,2.4885813673876753,0.30056760957640416,2.381691123494106,0.10761918936767656,2.3923490091120803,0.0733249229654459,2.140667570676546,0.07984598855170014,3.2578090487595475,0.19461256367425994,33.10038277596337,8.16781539819679,21.645432316806605,32.825704115997965,23.359986644526355,22.07645027687105,52149.1200347222,59279.4262384259,-32768,,,,,,,Gal_XRB,5.339,6.506e-05,0.05696,0.9217,0.01155,0.004534,0.003571,0.001658,3549300,11.073621758758048,0.0017184731723382317,,,,,,,,,,,0.9994755901378621,999999,999999,999999,999999,999999,999999,0,0,0,0,0,0,1912.1298828125,1.0,,,,,,,,,,,J134632.56-625524.1,6.5320000648498535,0.061000000685453415,6.267000198364258,0.024000000208616257,5.690000057220459,0.02199999988079071,5.241000175476074,0.08900000154972076,0.9922989461882675,5864664975280537728,0.6055,0.028599999845027924,21.17132878604772,-4.749,-2.261,8.518084526062012,8.513862609863281,8.4293794631958,0.9703058078748905,https://xmm-catalog.irap.omp.eu/source/3008794020100001,1426.28955078125,Star,0.9147528175623698,0.0717009455856296,0.013546236852000666,,,,,,,,,,,,,999999,,3,https://xmm-catalog.irap.omp.eu/source/3008794020100001,,,,,,,,0.4206541793032839,0.8804200279863538,0.22828143249075758,0.22828143259010672,0.22829522474452463,HD 119682,5864664975280537728,Gaia: XM=F23=SIMBAD; CXO: XM=F23=SIMBAD; XMM: XM=F23=SIMBAD,3.8539718755844645e-07
3072956050100001,5XMM J152040.8-570959,,999999,3,3,9,230.1701928351745,-57.16663805637718,0.010174363,0.012436035,0.011618056,45.003998,322.1185400077369,0.037797359033192944,368.01886,0.0016659298,0.0018050997,0.00152676,317.9972,0.0019221164,0.001914855,0.0019293779,-2147483648,-2147483648,-2147483648,-2147483648,-2147483648,-2147483648,-2147483648,-2147483648,-2147483648,26.308155,1,2.8506938e-11,6.831367e-14,1.1082629e-14,4.5273805e-16,3.2499445e-14,7.631974e-16,8.044652e-13,3.827626e-15,7.173051e-12,1.8944758e-14,2.0522922e-11,6.543642e-14,2.6760738e-11,8.868457e-14,8.3727835e-15,4.8748255e-16,2.693111e-14,8.842827e-16,7.748451e-13,5.2817125e-15,6.766112e-12,2.6439297e-14,1.9184477e-11,8.448077e-14,3.114174e-11,1.5365693e-13,3.4378797e-14,1.9529645e-15,6.5769506e-14,2.5286987e-15,8.801237e-13,8.196158e-15,7.7674065e-12,3.915064e-14,2.2394059e-11,1.4832497e-13,3.09729e-11,1.4943508e-13,2.4046049e-14,1.5646497e-15,3.931059e-14,1.8844706e-15,8.0078614e-13,7.554288e-15,7.449428e-12,3.7707444e-14,2.265933e-11,1.4438118e-13,5.0330915,0.009505733,2.88605,0.0077235093,0.0070076846,0.0004080034,0.021189665,0.00069576246,0.44687638,0.0030461221,1.305183,0.0051001403,1.1057932,0.0048694713,1.0842816,0.0039696232,0.0052455175,0.0002979833,0.011163716,0.00042922134,0.17653522,0.0016439853,0.5663993,0.0028548646,0.3249378,0.0021521952,1.0627602,0.0038663219,0.00366053,0.00023818664,0.006715035,0.00032190527,0.16078986,0.0015168255,0.54626656,0.0027650867,0.34532818,0.0022003693,553178.0,781.862,283279.6,560.95935,131545.08,378.60452,138353.34,391.52444,2.4058122e+06,1.0942972e+06,1276.4298,4327.264,133084.6,469183.38,486441.5,627510.7,1675.993,3233.8042,67450.53,326188.53,228976.31,684008.3,1102.6449,1974.5879,72268.86,356640.9,252037.45,0.0,,,,7970.25,2.308653e+06,5.64241e-11,7.131099e-14,7.85379e-14,6.408409e-14,2.7918393e+22,6.437938e+19,5.314361e+19,7.561182e+19,1.0763307,0.0018000379,0.0017710951,0.0018289807,,,,,,,,,,,,,,,,0.41255105,0.016996413,0.90647894,0.002037948,0.5149158,0.0019969007,-0.17112805,0.0019948701,0.5029544,0.024967048,0.9094587,0.0028988547,0.48988444,0.0029857424,-0.082700916,0.00292355,0.36066267,0.029836249,0.8810466,0.0044258693,0.5247624,0.0038365454,-0.2708981,0.003856177,0.29439408,0.036908142,0.9198229,0.00376021,0.5451852,0.0037618773,-0.22536962,0.0038621766,54120.74,54127.76,54147.145,54086.895,53718.84,76378.81,76343.44,76279.92,76328.67,76170.08,80208.34,80223.76,80258.99,80173.48,79388.42,21.394855,0.37592572,0.69568294,3.6124783,7.9337826,8.776986,2.2535765,0.11826041,0.1665065,0.737007,0.683375,0.5484277,2.1719124,0.09825264,0.177142,0.729124,0.6414951,0.5258986,82405.76,61612.883,80890.36,82405.76,4.71736,6.0883403,5.945735,0.9822461,0.98856103,0.98610145,2.8663173,,,,,False,False,0.0,0.110067896544933,0.00386986043304205,True,,,,,,,,,,,,,,,,1,FFTFFFFFFFF,FFTFFFFFFF,FFTFFFFFFF,FFTFFFFFFF,74611.94889490528,195.52302997375142,460.40769742178463,11205.736267760904,46117.28918974519,47614.82400339943,0.0,8.222022445858861e-127,3.4962496783140057e-299,0.0,0.0,0.0,7.918250644149194,0.05749524426199715,7.0911619285435785,0.9017787728034578,5.732641686623304,0.40876501985911157,5.609146973124781,0.08082255987891775,6.704781851563284,0.05309662493169572,8.454914947940154,0.08356961547805583,336.177368678388,18.76282177216111,28.65281727263221,139.53378290770894,283.2921288941109,261.9355998013507,56705.2414930556,56732.7528356481,-32768,,,,,,,Gal_XRB,5.076,1.722e-05,8.754e-08,0.9995,0.000191,0.000105,1.881e-06,0.0002196,999999,,,,,,,,,,,,,,999999,999999,999999,999999,999999,999999,63,63,63,63,63,63,,,,,,,,,,,,,,,,,,,,,,,999999,,,,,,,,,,,,,,,,,,,,,,,,,,,,999999,,3,https://xmm-catalog.irap.omp.eu/source/3072956050100001,69.0,,,,,,,0.37616572677648036,0.8800294079349941,0.18271073775568972,0.18271073955262393,0.18270792270951655,Cir X-1,5883218164517055488,Gaia: XM=F23=SIMBAD; CXO: XM=F23=SIMBAD; XMM: XM=F23=SIMBAD,3.452322243379376e-09
3015278020100001,5XMM J154223.3-522309,,999999,2,1,3,235.59722707277038,-52.38592541960826,0.017426401,0.018871436,0.018182876,45.00974,327.41967409209644,2.1637947991242594,303.78726,0.0029995656,0.0031985708,0.0028005606,475.41852,0.0031595211,0.0031504864,0.003168556,-2147483648,-2147483648,-2147483648,-2147483648,-2147483648,-2147483648,-2147483648,-2147483648,-2147483648,27.34057,1,4.2750904e-11,9.7730865e-14,4.4855993e-15,3.1217682e-16,1.460863e-14,5.5886223e-16,1.7671433e-13,2.0176465e-15,3.3485187e-12,1.4554157e-14,3.919695e-11,9.660132e-14,4.8181143e-11,1.3156442e-13,3.9635628e-15,3.4869186e-16,1.6104148e-14,7.134318e-16,1.8498298e-13,2.7885792e-15,3.5544087e-12,2.0756681e-14,4.4421685e-11,1.2988437e-13,3.5932098e-11,2.0793584e-13,7.208341e-15,1.0161125e-15,1.2681923e-14,1.2925587e-15,1.6163565e-13,4.0731858e-15,3.127706e-12,2.8954707e-14,3.2622866e-11,2.0586317e-13,3.619478e-11,2.0499454e-13,6.0365434e-15,9.676206e-16,1.1813133e-14,1.2514383e-15,1.7399342e-13,4.19687e-15,3.1708178e-12,2.8782732e-14,3.283212e-11,2.0291426e-13,4.8952603,0.010238757,3.3843603,0.008705952,0.0037752143,0.00033212203,0.013078178,0.000579378,0.108529516,0.0016360595,0.6940694,0.0040531573,2.564908,0.0074995235,0.74014956,0.0037740183,0.0012502867,0.0001762447,0.0022143906,0.00022569369,0.032984987,0.00083121506,0.23066832,0.0021354097,0.47303158,0.002985016,0.7707506,0.0038464703,0.00091894297,0.00014730089,0.0020179194,0.00021377069,0.034936137,0.00084268954,0.23251607,0.0021106377,0.5003615,0.0030924133,247801.53,517.3171,159198.55,409.57147,43218.793,220.3745,45384.188,226.50221,984999.4,624221.3,254.9676,1485.2604,14243.424,120208.36,488037.25,171949.52,100.76022,238.00137,4723.862,45613.055,121281.65,188832.27,79.51246,216.29239,5718.1377,50919.76,131906.58,0.0,,,,9669.0625,980356.56,5.8081505e-11,2.9202346e-13,5.5546534e-13,2.8581565e-14,5.280457e+22,6.759886e+20,9.438731e+19,1.2511756e+21,0.0,6.356969e-05,,6.356969e-05,,,,,,,,,,,,,,,,0.49261287,0.029429274,0.83791333,0.006100985,0.73622227,0.0027940904,0.5106329,0.001844784,0.55199355,0.034243375,0.78491205,0.008982746,0.7295548,0.0037809075,0.5740569,0.0021893135,0.2782666,0.08024039,0.87418014,0.012378851,0.7497851,0.005876983,0.3444128,0.0049373438,0.37420082,0.082616344,0.89078766,0.011217715,0.7387486,0.0058535556,0.36547095,0.004757404,47313.805,47319.344,47332.59,47281.766,46959.684,58415.57,58419.42,58425.465,58415.95,58377.754,59299.86,59309.613,59332.52,59271.098,58668.945,15.196407,0.2965945,0.3741337,1.3702984,3.2915459,9.863835,1.6971006,0.07603687,0.08413575,0.58725345,0.5579394,0.39173514,1.4043806,0.071186356,0.09227385,0.4325459,0.45587736,0.35249707,60663.316,53646.617,59169.1,60663.316,1.5500866,1.4802991,1.5415012,0.98251355,0.9882849,0.9862351,13.5645075,,,,,False,False,0.0,1.50593745708466,0.00541908200830221,True,,,,,,,,,,,,,,,,1,FFTFFFFFFFF,FFTFFFFFFF,FFTFFFFFFF,FFTFFFFFFF,,,,,,,,,,,,,,,,,,,,,,,,,,,,,,,52865.6490509259,52866.5828240741,-32768,,,,,,,Gal_XRB,4.033,0.0001478,2.153e-08,0.9982,0.0008236,0.0007598,1.675e-05,9.07e-05,3960721,,,,,,,18.055326461791992,0.012972530908882618,16.2883243560791,0.005659975111484528,,,0.9838197980010129,999999,999999,999999,999999,999999,999999,0,0,0,0,0,0,,,,,,,,,,,,,,,,,,,,,,,999999,,,,,,,,,,https://xmm-catalog.irap.omp.eu/source/3015278020100001,,,,,,,,,,,,,,,,,,999999,,3,https://xmm-catalog.irap.omp.eu/source/3015278020100001,,,,,,,,0.34872491035053554,0.8800862683467293,0.1570057120047677,0.1570057120217323,0.15700712962071192,4U 1538-522,5886085557746480000,Gaia: XM=F23=SIMBAD; CXO: XM=F23=SIMBAD; XMM: XM=F23=SIMBAD,9.915204298365561e-08
3015475040100001,5XMM J163148.3-484900,,999999,5,5,14,247.95131396379512,-48.81674013555039,0.03241206,0.035791945,0.03463647,45.034607,335.6160916564571,-0.4476874002956664,335.99554,0.0056452868,0.005656479,0.0056340946,332.92526,0.005812881,0.005860996,0.005764766,-2147483648,-2147483648,-2147483648,-2147483648,-2147483648,-2147483648,-2147483648,-2147483648,-2147483648,5.754333,1,5.5523004e-12,2.4444807e-14,2.3326295e-16,6.530065e-17,2.49617e-16,7.6192764e-17,4.1637344e-16,1.0834367e-16,8.939861e-15,6.137708e-16,5.541608e-12,2.4436265e-14,6.179711e-12,3.3173093e-14,1.5889834e-16,6.9761025e-17,1.8662166e-16,9.029647e-17,3.7435746e-16,1.5614826e-16,7.056143e-15,7.886006e-16,6.171935e-12,3.3163153e-14,4.516869e-12,5.2580038e-14,1.6920171e-15,3.9186598e-16,3.462239e-16,2.002591e-16,3.491977e-16,1.9080604e-16,1.31715055e-14,1.544899e-15,4.5013103e-12,5.255515e-14,5.067002e-12,4.980859e-14,4.899948e-16,2.107364e-16,4.651319e-16,2.0132304e-16,6.299174e-16,2.4462997e-16,1.094134e-14,1.2623445e-15,5.0544755e-12,4.9791138e-14,0.5027244,0.002210467,0.35787827,0.001922414,0.00015824138,6.415788e-05,0.00015210424,7.146519e-05,0.00022364466,9.023009e-05,0.001357805,0.0001520839,0.35598645,0.0019118529,0.0666656,0.00077528047,0.00029348038,6.796916e-05,6.0454153e-05,3.4967245e-05,7.126077e-05,3.893779e-05,0.00097139855,0.0001139363,0.065269,0.00076204963,0.07818059,0.00076774193,7.3047246e-05,3.3082415e-05,7.091708e-05,3.2386666e-05,0.000115254086,4.7292e-05,0.0008053584,9.290102e-05,0.07711601,0.00075922144,63451.38,268.55783,41410.3,216.28793,9141.581,101.8975,12899.498,122.30997,239523.39,153497.89,6.425295,1.454254,5.1072707,105.06156,153455.4,35773.28,26.183218,17.579336,18.864891,126.18709,35627.016,50261.79,17.572342,12.312635,7.2466197,110.31125,50173.297,0.0,,,,187.10938,224210.12,7.1043397e-12,1.143989e-13,2.2486962e-13,3.9281763e-15,1e+23,6.1690805e+18,6.1690805e+18,,0.0,5.3629195e-05,,5.3629195e-05,,,,,,,,,,,,,,,,-0.4118277,0.13844524,0.18619055,0.18393041,0.7968361,0.049454182,0.9898565,0.0007780209,-0.019775176,0.31017572,0.19039418,0.2984231,0.717165,0.10167887,0.99240065,0.0008489298,-0.6583879,0.17648752,0.0820456,0.3951674,0.86330956,0.071169816,0.97067046,0.003406389,-0.0147965485,0.3215155,0.23815194,0.2895624,0.74961436,0.093362,0.979329,0.0023684155,110157.336,110162.9,110181.45,110215.19,109356.91,125448.35,125540.81,125694.5,125522.164,125773.74,155553.53,155603.92,155707.27,155496.5,153877.42,8.721552,0.6027179,0.9723171,1.3355004,1.4359069,4.3751097,1.9210943,0.13295743,0.22566555,0.5514888,0.42243958,0.58854294,2.4051518,0.15707308,0.26745957,0.6911834,0.55209076,0.73734504,162419.44,146667.27,134669.56,162302.39,0.21817605,0.18024397,0.20814334,0.98580205,0.988674,0.9902783,0.2356159,,,,,False,False,0.0,0.388657838106155,0.0131540820002556,True,,,,,,,,,,,,,,,,1,FFTFFFFFFFF,FFTFFFFFFF,FFTFFFFFFF,FFTFFFFFFF,927.554950682666,2.836938667943888,0.7366730264785559,0.9522552903533402,2.1627046693811263,927.1764273468922,0.0,0.014477819209308001,0.5958414189081579,0.44570346616371415,0.05520522373243286,0.0,3.293432682752412,0.10040329433867447,12.375491297973229,46.9267856943051,4.393602365649693,12.765283214677227,4.973009041281192,7.449680809045729,2.505142461597418,1.130509590645479,3.300557827771202,0.10087587669041478,51.039834595892295,2.826404851310442,1.3909525508701193,1.7377302600679045,2.5831101941995898,51.044922743292155,52680.6936574074,56892.911400463,-32768,,,,,,,Gal_XRB,4.607,3.517e-05,6.887e-07,0.9983,0.00108,0.0001924,6.736e-06,0.0003436,999999,,,,,,,,,,,,,,999999,999999,999999,999999,999999,999999,63,63,63,63,63,63,,,,,,,,,,,,,,,,,,,,,,,999999,,,,,,,,,,,,,,,,,,,,,,,,,,,,999999,,3,https://xmm-catalog.irap.omp.eu/source/3015475040100001,13.7,,,,,,,0.5103869370935723,0.8802983987284783,0.3361547657905133,0.33615476757891843,0.3361448342344587,IGR J16318-4848,5940777877435137024,Gaia: XM=F23=SIMBAD; CXO: none; XMM(2): XM=F23=SIMBAD,4.105564785035645e-09
3015475040100017,5XMM J163148.7-484904,,999999,5,5,14,247.953008694614,-48.817884555442596,3.3232572,,,,335.6160191713528,-0.4492841819351576,334.99124,0.8308143,,0.8308143,331.89526,,,,-2147483648,-2147483648,-2147483648,-2147483648,-2147483648,-2147483648,-2147483648,-2147483648,-2147483648,5.754333,1,5.4233815e-13,3.4306945e-14,9.592884e-16,2.982101e-16,1.3034254e-15,4.74618e-16,9.610397e-16,5.7943904e-16,1.8365963e-15,1.5650003e-15,5.36481e-13,3.4254788e-14,4.049889e-13,4.4714246e-14,5.603248e-16,3.207474e-16,7.910458e-16,5.794689e-16,4.887592e-16,8.1688614e-16,0.0,2.410912e-15,4.0314876e-13,4.4636814e-14,8.626599e-13,8.1178465e-14,6.383484e-15,1.5991437e-15,3.1485866e-15,1.3759293e-15,1.2585036e-15,9.45574e-16,3.636793e-15,2.7851741e-15,8.482325e-13,8.1097726e-14,6.439322e-13,7.111428e-14,2.5090147e-15,9.391919e-16,1.8943265e-15,1.0353079e-15,1.9987866e-15,1.6634116e-15,2.6183031e-15,3.052292e-15,6.349117e-13,7.101551e-14,0.050217044,0.003214941,0.02478009,0.0027124374,0.00053130824,0.00029533342,0.00069573504,0.00046182197,0.00028177866,0.00046588373,0.0,0.00046847065,0.02327127,0.002572995,0.014481397,0.0012636705,0.0011072153,0.00027737147,0.0005497747,0.00024025101,0.00025682282,0.0001929633,0.00026821348,0.0002054066,0.012299371,0.001175917,0.010955553,0.0011754422,0.0004233896,0.00015662573,0.0002434785,0.00015559049,0.00040257734,0.0003318352,0.00019159722,0.00022440344,0.009694509,0.0010827986,6968.499,384.36542,2879.4902,297.67294,2083.7039,159.80688,2005.3048,183.27397,158.73988,30.401846,2.6199532,1.0733516,0.000107797205,0.0,39.753464,80.35943,9.829682,5.752085,4.070947,3.1870568,62.14847,51.497875,12.386601,2.420306,0.023088994,0.06662379,47.63522,41.66213,5.4728127,1.1960415,9.749584,63.06016,75.876625,4.9473956e-13,,6.675388e-14,2.080812e-14,1e+23,1.188153e+21,1.188153e+21,,0.0,0.010221139,,0.010221139,,,,,,,,,,,,,,,,-0.24344566,0.1712155,-0.17742132,0.27666742,-0.15053788,0.40415195,0.97092503,0.021931356,0.13400245,0.4251233,-0.42347884,0.7310654,-1.0,3.3250966,1.0,0.040261723,-0.33641762,0.22335127,-0.36319458,0.37726754,0.021694936,0.53617626,0.95731664,0.03223902,-0.26978502,0.342321,0.24626172,0.4898613,-0.35508096,0.6258127,0.9612391,0.044719875,106453.07,106452.36,106559.47,106463.77,105075.49,115620.31,115670.53,115756.45,115650.92,115451.78,146467.06,146486.52,146534.1,146385.81,144636.2,8.0495,0.5992424,0.9748434,1.339537,1.4367625,3.6991155,1.9201651,0.13281678,0.22570121,0.5519727,0.42137775,0.58829653,2.4050596,0.157016,0.26788884,0.69254655,0.5518123,0.73579586,162419.44,146667.27,134669.56,162302.39,0.26517254,0.11940776,0.13463436,0.9002743,0.8991994,0.8937692,0.317368,,,,,False,False,,,,False,,,,,,,,,,,,,,,,3,FFTFFFFFFFT,FFTFFFFFFF,FFTFFFFFFF,FFTFFFFFFF,4.010916030927533,6.4635774603392235,2.2879975511933512,0.9447255568862843,0.8078962453680858,4.098654257336926,0.0012205968697541196,5.13928315816681e-06,0.04332145537117349,0.4505310684481587,0.5437457586445618,0.0010094685319520969,2.8132395129502785,1.0826971069612785,69.87255829341697,396.70245186932345,21.6100189041984,117.17555020340191,,,,,2.889603232623582,1.1477625980733905,3.554334051870316,4.795758827230159,2.669677679728716,1.91563089592601,1.565613729945256,3.578528749581742,52680.6936574074,56892.911400463,-32768,,,,,,,Extended,4.788,1.044e-08,1.911e-07,2.332e-05,4.558e-07,5.013e-08,2.219e-08,1.0,999999,,,,,,,,,,,,,,999999,999999,999999,999999,999999,999999,63,63,63,63,63,63,,,,,,,,,,,,,,,,,,,,,,,999999,,,,,,,,,,,,,,,,,,,,,,,,,,,,999999,,999999,,,,,,,,,5.511217372888499,2.5092666727216457,4.823934958762807,4.823934966902354,,IGR J16318-4848,5940777877435137024,Gaia: XM=F23=SIMBAD; CXO: none; XMM(2): XM=F23=SIMBAD,4.105564785035645e-09
3065419020100004,5XMM J163237.7-472342,,999999,17,4,10,248.15747624197755,-47.39502250394562,0.02506935,,0.025263518,135.30617,336.74902804428194,0.4222023848633924,660.49536,0.004458233,0.0045552454,0.0043612197,924.9454,0.0044049607,0.004447842,0.0043620793,-2147483648,-2147483648,-2147483648,-2147483648,-2147483648,-2147483648,-2147483648,-2147483648,-2147483648,16.978754,1,9.583537e-12,4.0778934e-14,6.659324e-16,1.2806123e-16,1.8292477e-15,2.0481639e-16,8.168329e-15,4.3024636e-16,1.0061368e-12,6.9860393e-15,8.608653e-12,4.0154088e-14,7.931952e-12,4.62958e-14,4.660944e-16,1.3176581e-16,1.3536917e-15,2.2046562e-16,7.021445e-15,5.275391e-16,7.930407e-13,8.372001e-15,7.13007e-12,4.552874e-14,1.4689881e-11,1.2092774e-13,5.496484e-15,8.733516e-16,7.730973e-15,9.74945e-16,1.16311574e-14,1.1272271e-15,1.4306758e-12,1.7791795e-14,1.3234347e-11,1.1959926e-13,1.5929993e-11,1.2272182e-13,3.1674678e-15,6.951408e-16,3.4454814e-15,6.723679e-16,9.534285e-15,9.892482e-16,1.5607912e-12,1.8067374e-14,1.4353054e-11,1.2137669e-13,1.208566,0.0044394066,0.57154834,0.0031107028,0.00040490535,0.000113872746,0.0010704409,0.00017457195,0.0040832176,0.00030603303,0.15439391,0.0016246235,0.41159588,0.0026267797,0.30083913,0.0021888388,0.00083865353,0.00013325598,0.0013122554,0.00016548716,0.0023329777,0.00022609922,0.10432488,0.0012973777,0.19203037,0.0017353854,0.33617848,0.0022892884,0.00048218362,0.00010582128,0.0005885571,0.00011485389,0.0019143891,0.00019863114,0.114452824,0.0013248805,0.21874054,0.0018497808,105329.56,343.80142,55919.094,250.09555,22763.125,159.91267,26647.34,173.43468,420441.9,200060.42,11.817987,49.628098,383.47607,48492.168,151162.47,95665.375,76.78889,129.6434,202.2537,31764.047,63516.332,124719.94,30.772268,49.885044,271.64835,42492.875,81901.76,0.0,,,,842.9375,411028.28,1.7010986e-11,6.6117596e-14,6.6117596e-14,,1e+23,5.504489e+19,5.504489e+19,,0.46286687,0.008885775,0.014679871,0.0030916794,,,,,,,,,,,,,,,,0.25778762,0.068306394,0.4809576,0.039810214,0.9581724,0.002161274,0.37779832,0.0034060392,0.45110464,0.12947088,0.58458996,0.05907243,0.94846934,0.0037995651,0.45442858,0.0048826355,0.22018689,0.09651033,0.2800156,0.07328805,0.95625305,0.0041809753,0.29594716,0.007013153,0.09934564,0.14538857,0.5297085,0.079499565,0.96709746,0.0033785377,0.31299454,0.0064656306,67780.0,67787.78,67806.58,67735.65,67257.484,70784.83,70757.016,70707.28,70742.43,70649.36,72983.28,73011.234,73066.97,72969.49,72250.91,9.318953,0.40778226,0.530643,0.92269886,2.479695,4.978133,1.3201874,0.0931626,0.12409781,0.34559542,0.33816466,0.41916692,1.0255926,0.07116625,0.091503285,0.29463995,0.23312546,0.33515763,96422.97,78457.72,75020.94,76616.78,0.63436145,0.8081888,0.10510969,0.98308325,0.9884257,0.9827978,20.130777,,,,,False,False,0.0,0.731778383255005,0.019437775015831,True,,,,,,,,,,,,,,,,1,FFTFFFFFFFF,FFTFFFFFFF,FFTFFFFFFF,FFTFFFFFFF,7260.372608450544,2.1388009415131495,2.0347295491053976,28.525702006537017,2358.419966533949,6098.210036067561,0.0,0.07323146671517769,0.08661996277344085,9.698460028763912e-24,0.0,0.0,5.08547571488116,0.09731969937074036,3.365074000974267,2.5110231590829835,2.019050151862329,0.5641067860187885,3.5831388701120326,0.8496887946748415,5.176724916163089,0.1813997595369408,5.156935193079747,0.1085927934025117,132.75116584920298,1.877512637034538,2.2629412839854033,6.7760763113514555,72.350635844359,122.29741009818869,55612.2938773148,58379.9204398148,-32768,,,,,,,Gal_XRB,4.4,0.0003145,0.03962,0.9483,0.009948,0.001511,0.0003362,3.517e-06,999999,,,,,,,,,,,,,,999999,999999,999999,999999,999999,999999,63,63,63,63,63,63,,,,,,,,,,,,,,,,,,,,,,,999999,,,,,,,,,,,,,,,,,,,,,,,,,,,,999999,,3,https://xmm-catalog.irap.omp.eu/source/3065419020100004,,,,,,,,2.6135534006194288,0.880178525166432,8.817004998126711,8.81700702966038,,IGR J16328-4726,5941324334694123008,"Gaia: XM=F23, SIMBAD absent; CXO: none; XMM(2): XM=F23, SIMBAD absent",3.6994186611327116e-10
3065419020100335,5XMM J163238.7-472355,,999999,17,4,10,248.161529064136,-47.398858789719704,11.506567,15.453525,6.609376,156.32797,336.7480908718873,0.4175801363159662,658.02374,2.2919097,0.09511994,4.4886994,921.4945,1.7384529,0.21850133,3.2584045,-2147483648,-2147483648,-2147483648,-2147483648,-2147483648,-2147483648,-2147483648,-2147483648,-2147483648,16.978754,1,3.9921496e-14,1.1217129e-14,1.4027456e-16,2.3866127e-16,1.8740019e-16,2.464317e-16,7.131001e-16,6.3914835e-16,7.4589145e-15,3.4942083e-15,3.0025424e-14,1.0491843e-14,2.0198944e-14,1.2247344e-14,3.4725502e-17,2.501809e-16,1.3345875e-16,3.246765e-16,2.312842e-16,7.8947155e-16,2.8414792e-15,4.255332e-15,1.6957996e-14,1.1449818e-14,6.723832e-13,9.556779e-14,7.340123e-17,9.306778e-16,3.7214743e-17,3.9161494e-16,2.368452e-15,1.6870346e-15,8.703657e-15,7.647397e-15,6.612005e-13,9.5241035e-14,9.3054965e-14,2.921855e-14,4.2894612e-15,1.5338664e-15,3.4295894e-15,1.4746248e-15,1.1020973e-15,1.4255143e-15,3.1855388e-14,1.0216983e-14,5.2378427e-14,2.7253947e-14,0.017106604,0.0021733353,0.0017910132,0.0011957486,2.977303e-05,0.00021193063,0.00010596061,0.00025661645,0.00013182683,0.0004565343,0.00054652273,0.000821599,0.0009769299,0.0006599996,0.010721271,0.0015361765,1.119956e-05,0.00014200281,6.3168304e-06,6.647272e-05,0.0004750641,0.0003383854,0.0006346707,0.0005576482,0.0095940195,0.0013819474,0.00459432,0.00096629927,0.00065298466,0.0002335005,0.00058584247,0.0002518954,0.00022129012,0.000286229,0.0023359556,0.0007492114,0.00079824723,0.00041535016,3939.5054,269.244,1275.4612,195.64473,1269.2046,136.9762,1394.8395,124.31001,108.36279,9.409603,1.2514576e-07,0.23560938,0.00021433883,0.11249353,18.257177,41.850323,6.153505e-09,0.0012389784,0.086515605,2.5237389,50.418476,62.636215,2.7013974,3.788541,0.0031111022,18.138615,43.343452,21.196363,2.751275,1.5753961,3.9271538,33.30046,43.513996,5.001373e-13,6.443008e-14,1.1125262e-13,1.7607558e-14,1e+23,8.3558977e+21,8.3558977e+21,,0.3448086,0.07708625,,0.07708625,,,,,,,,,,,,,,,,-0.047374453,0.27699277,0.6776593,0.24233815,0.7370928,0.1942374,0.64305186,0.093899265,0.5613021,2.5750017,0.10877874,2.0879622,0.6113306,1.1822039,0.2825209,0.7582977,-0.27875203,7.5984807,0.97375536,0.27317473,0.1438241,0.5538486,0.8759039,0.103635795,-0.054198183,0.27879688,-0.45166352,0.54249364,0.8269308,0.21067864,-0.49062178,0.23205256,66161.41,66162.72,66219.66,66167.67,65465.195,72330.31,72330.375,72330.445,72311.75,72035.05,66752.08,66791.65,66866.65,66765.984,66217.914,6.8997393,0.40212172,0.52840513,0.914984,1.9052556,3.1489727,1.3194149,0.09310731,0.12430051,0.34662047,0.33593556,0.41945106,1.0254409,0.07120041,0.09144166,0.29392636,0.23349306,0.33537936,96422.97,78457.72,75020.94,76616.78,0.09768532,0.072105914,0.0056678527,0.9136557,0.918765,0.8145393,19.883448,,,,,False,False,,,,False,,,,,,,,,,,,,,,,2,FFTFTTTFFFF,FFTFTTTFFF,FFTFTTTFFF,FFTFTTTFFF,60.078374141300536,0.042787000032679046,0.0967122854440297,0.05998486698889772,7.05514479066811,55.19147984945979,7.942091135404234e-51,0.99654087596524,0.9835393753863437,0.9933541099926045,1.1252574171123602e-05,1.2826508714184662e-46,250.96761934953895,945.9630549565977,,,,,2.9368221615088124,7.701113272573505,,,,,11.342389853836723,0.298839197655251,0.4505653540495518,0.42289727435370744,3.9026790323306813,10.92080535875583,55612.2938773148,58379.9204398148,-32768,,,,,,,Extended,4.371,1.657e-08,1.326e-08,2.864e-06,4.444e-08,1.005e-07,1.815e-08,1.0,999999,,,,,,,,,,,,,,999999,999999,999999,999999,999999,999999,63,63,63,63,63,63,,,,,,,,,,,,,,,,,,,,,,,999999,,,,,,,,,,,,,,,,,,,,,,,,,,,,999999,,999999,,,,,,,,,17.41523621478644,8.183821972537965,4.5284167873016585,4.528416789072011,7.902277355738041,IGR J16328-4726,5941324334694123008,"Gaia: XM=F23, SIMBAD absent; CXO: none; XMM(2): XM=F23, SIMBAD absent",3.6994186611327116e-10
3016456100100002,5XMM J164635.2-450705,,999999,5,2,4,251.64697548431334,-45.118065492694186,0.21460634,0.28894192,0.20742853,46.631275,340.05348171347026,0.1349212229331856,554.2946,0.038458444,0.0380596,0.038857292,490.1203,0.0374091,0.04682989,0.027988313,-2147483648,-2147483648,-2147483648,-2147483648,-2147483648,-2147483648,-2147483648,-2147483648,-2147483648,55.40044,1,4.152036e-12,1.4533299e-13,7.70301e-16,1.4712051e-15,2.475055e-15,1.4740259e-15,8.459324e-15,2.2836673e-15,9.4123846e-14,1.1517918e-14,4.038875e-12,1.4482327e-13,4.584346e-12,1.7688668e-13,7.063211e-16,1.7088459e-15,3.047509e-15,1.7910874e-15,1.5447033e-14,3.3391957e-15,9.183027e-14,1.3559029e-14,4.473315e-12,1.7631724e-13,3.8641464e-12,3.8845367e-13,4.6991618e-15,6.4200384e-15,8.4541247e-16,3.2296443e-15,1.6076684e-14,8.24109e-15,1.433097e-13,3.781157e-14,3.6992154e-12,3.8645438e-13,2.7921788e-12,3.3791814e-13,0.0,3.2392702e-15,2.053247e-15,4.3580235e-15,0.0,3.3836904e-15,7.845256e-14,2.6733849e-14,2.7116731e-12,3.3679822e-13,0.39351934,0.013502039,0.280614,0.010585013,0.00025793075,0.0009447257,0.0018265952,0.0011025195,0.0073023345,0.001669923,0.01648722,0.0024802182,0.2547399,0.010049593,0.06637606,0.006348645,0.00046883538,0.0006405272,0.00011659929,0.00044543255,0.0028730643,0.0014727652,0.010018781,0.0026434069,0.05289878,0.0055262977,0.046529308,0.0054733227,0.0,0.0003209145,0.00028476483,0.00060441426,0.0,0.0006052407,0.005515215,0.0018793896,0.04072933,0.005058709,3501.275,92.0927,3262.7092,90.372795,141.23643,13.51425,97.32915,11.453693,3453.1616,2969.0103,0.05822951,1.4627792,257.3304,781.8593,1942.0726,301.34485,0.30162632,0.0027777678,5.505098,27.289682,275.18732,188.85962,0.0,0.025376478,0.0,15.043403,181.49117,0.0,,,,-3.5187988,2632.238,6.1832054e-12,1.8765043e-13,2.0252279e-13,1.727781e-13,1.513569e+22,2.3413122e+21,1.765107e+21,2.8926865e+21,0.0,0.009906613,,0.009906613,,,,,,,,,,,,,,,,0.4274473,0.654125,0.7061664,0.1679333,0.5279538,0.09145407,0.8629986,0.016863193,0.75252813,0.8049739,0.5998227,0.20661625,0.38608906,0.1164617,0.878425,0.017757975,-0.601666,1.2942265,0.9219984,0.28892675,0.55428195,0.19970112,0.6815267,0.07598372,1.0,2.2538912,-1.0,4.2508106,1.0,0.21948037,0.7614761,0.07619368,4768.6807,4751.8965,4728.42,4652.1914,3817.984,2145.5198,2145.752,2146.1382,2144.2163,2123.526,2125.9795,2125.8875,2125.885,2123.6511,2087.2275,20.539427,0.9629335,1.5832802,2.690034,5.2360663,10.067113,0.12813537,0.007775718,0.009287653,0.017736012,0.03520751,0.05812848,0.12120696,0.0070923287,0.008170248,0.023161687,0.03198131,0.050801385,11899.086,11899.086,2239.2305,2236.0396,0.5480348,0.04595266,0.093058616,0.83559734,0.98811454,0.98980594,9.435979,,,,,False,False,0.000109835644252598,0.343790203332901,0.0640217810869217,False,,,,,,,,,,,,,,,,1,FFFFFFFFTFF,FFFFFFFFTF,FFFFFFFFFF,FFFFFFFFFF,242.11963910278124,0.4903597748226059,0.5083877587798056,197.534154962829,535.6477929913286,158.19124636897934,7.059546078596154e-106,0.6124060291710067,0.6014645073440794,1.629320464081581e-86,2.3502781346388637e-233,1.9879919275626124e-69,5.413897820031127,0.34774590626985785,10.116517505787499,56.09973300084844,3.0391074266741724,3.470728167107337,64.43683067826464,27.44891880726087,44.07178429791711,7.4563540301334195,4.6217630988177145,0.3363693006010506,15.560194057362565,0.7002569348622018,0.7130131547031973,14.054684449066404,23.14406604275335,12.577410161435434,53085.8075810185,53262.1212384259,-32768,,,,,,,Gal_XRB,4.454,0.2921,9.888e-07,0.5032,0.009914,0.1908,0.004064,1.514e-06,4325475,,,,,,,,,,,14.622321128845215,0.011728421784937382,0.9721855568486505,999999,999999,999999,999999,999999,999999,0,0,0,0,0,0,,,,,,,,,,,,,,,,,,,,,,,999999,,,,,,,,,,https://xmm-catalog.irap.omp.eu/source/3016456100100002,,,,,,,,,,,,,,,,,,999999,,3,https://xmm-catalog.irap.omp.eu/source/3016456100100002,66.2,,,,,,,0.42099495834139694,0.8929882091006115,0.22226052747073982,0.22226052749438488,0.22289539780850412,IGR J16465-4507,5943246345430928512,Gaia: XM=F23=SIMBAD; CXO: none; XMM: XM=F23=SIMBAD,4.25221208259729e-07
3050332030100003,5XMM J170004.2-415804,,999999,4,2,4,255.01760592087805,-41.96798001478326,0.18217672,0.24328662,0.13797383,45.645275,344.03793925511917,0.23623556057155165,603.8167,0.024966352,0.025134115,0.02479859,609.52576,0.038091384,0.050736845,0.025445925,-2147483648,-2147483648,-2147483648,-2147483648,-2147483648,-2147483648,-2147483648,-2147483648,-2147483648,39.941948,1,5.224545e-12,1.2831319e-13,5.198298e-15,1.2217102e-15,1.8260548e-14,2.1032372e-15,1.6015385e-13,6.2447203e-15,9.17919e-13,2.5098001e-14,4.118881e-12,1.2545446e-13,6.2570947e-12,1.9011976e-13,8.1428394e-15,1.7856712e-15,1.9334435e-14,2.5464512e-15,1.5939158e-13,7.83833e-15,9.381189e-13,3.288145e-14,5.132107e-12,1.8706475e-13,4.6936986e-12,2.53156e-13,2.12978e-15,2.3441074e-15,1.339194e-14,4.995988e-15,1.6037229e-13,1.4712149e-14,9.359393e-13,5.6254087e-14,3.5818655e-12,2.4632607e-13,4.0633772e-12,2.3926407e-13,3.1050576e-15,2.3947123e-15,1.9187141e-14,5.6095164e-15,1.625548e-13,1.4514035e-14,8.4758925e-13,5.371233e-14,3.030941e-12,2.3262506e-13,0.8697018,0.015811048,0.5699797,0.013160786,0.0046825665,0.0010446587,0.012453113,0.0016482931,0.08315004,0.004080253,0.17433307,0.0061087464,0.29536092,0.010743968,0.15498714,0.006257546,0.00032496185,0.0003576639,0.002273148,0.00084801903,0.032167472,0.0029509629,0.06824869,0.004102048,0.05197287,0.0035741911,0.14473486,0.0061340122,0.00047268294,0.00036454704,0.0032775474,0.0009582176,0.032639377,0.0029142732,0.06215372,0.003938725,0.04619154,0.003545206,4558.744,80.9754,3167.1826,70.028015,721.1225,29.090717,670.43915,28.404638,10381.621,6223.5527,32.88079,120.76204,1188.1168,2601.3508,2288.2083,2210.5562,0.99124914,15.768193,379.7227,1071.6378,748.2175,1950.2008,2.5799165,27.149458,392.74478,991.9995,540.851,0.0,,,,-4.2158203,10373.62,6.9420034e-12,1.1941937e-13,1.1947942e-13,1.1935932e-13,4.765309e+21,3.6959343e+20,3.734509e+20,3.6573226e+20,0.27691868,0.018941354,0.019079901,0.018802805,,,,,,,,,,,,,,,,0.5499294,0.08453127,0.78783864,0.023490416,0.34747007,0.02091562,0.12287326,0.019179715,0.45347178,0.10303071,0.7394832,0.031985126,0.3541321,0.02636788,0.25767386,0.023577163,0.74984753,0.25435087,0.86799604,0.04736524,0.35931683,0.047756914,-0.13538188,0.04483001,0.7479179,0.18170762,0.81749284,0.050699264,0.31135544,0.04943782,-0.14732695,0.048685342,6184.5996,6178.722,6180.1494,5940.8735,4056.4844,4718.86,4719.2505,4719.855,4718.47,4707.667,4677.625,4674.2983,4668.768,4673.727,4546.9937,0.9988845,0.055622354,0.07578358,0.17470935,0.21534646,0.47742274,0.15217227,0.010367596,0.014149729,0.038476348,0.039907172,0.04927142,0.10796785,0.0071208538,0.010158685,0.027090529,0.025640978,0.037956808,24587.092,21206.521,4836.118,5228.7007,0.33660194,0.30997428,0.28946972,0.9512533,0.9886972,0.9901374,8.264881,,,,,False,False,2.21430781266463e-07,0.301279723644257,0.039106298238039,True,,,,,,,,,,,,,,,,0,FFFFFFFFFFF,FFFFFFFFFF,FFFFFFFFFF,FFFFFFFFFF,163.6154979890393,2.7089377686461784,0.3185259863716926,0.8079662267661549,1.309868475778138,161.6780864867264,8.763792162739918e-72,0.06660752175078016,0.7272201818678776,0.44576372842092427,0.26985556253540766,6.082739169876063e-71,2.032221762280484,0.09719738600754708,2.1322830604518663,0.9802919878090477,1.138738194389678,0.2624205172267858,1.0730255426498498,0.0838411070989852,1.0655141278318503,0.058777671717618614,2.327639841159034,0.13254215651320184,12.791227383994052,1.645885101896903,0.564381064859278,0.898869415858697,1.1444948561606285,12.715269815726538,54338.3956944444,54513.1967939815,-32768,,,,,,,Star,3.611,0.01063,0.8159,0.1502,0.01847,0.004328,0.0004737,1.377e-12,999999,,,,,,,,,,,,,,999999,999999,999999,999999,999999,999999,63,63,63,63,63,63,,,,,,,,,,,,,,,,,,,,,,,999999,,,,,,,,,,,,,,,,3.5246019373943883e-12,3.4163246608225524e-12,3.6210978621224764e-12,1.2125449331688407e+22,1.138041939180569e+22,1.292806325020825e+22,1.0072957103211166,1.0018295202899914,1.0178376275128722,0.9971299423735573,0.9542503481481389,1.0469043329756866,2034,0.039,6,https://xmm-catalog.irap.omp.eu/source/3050332030100003,,,,,,,,1.6434693515036694,0.8893785354940723,3.414679094995079,3.414679291802658,3.447131266137937,AX J1700-419,5966358530819164544,"Gaia: XM=F23=SIMBAD; CXO: XM=F23=SIMBAD; XMM: XM only, F23+SIMBAD differ",6.75701347319025e-10
3008328010100001,5XMM J170356.6-375038,,999999,5,5,7,255.98601302054433,-37.84391954112142,0.0021846301,0.009404192,0.004523441,135.00107,347.75433896089424,2.1739609417423678,284.9543,0.00035595673,0.0003954201,0.0003164934,285.2495,0.00041422562,0.00021043285,0.0006180184,-2147483648,-2147483648,-2147483648,-2147483648,-2147483648,-2147483648,-2147483648,-2147483648,-2147483648,19.11816,1,4.696917e-11,9.7458025e-14,2.4573813e-14,8.593198e-16,1.5714432e-13,1.8610519e-15,4.8904354e-13,3.0955001e-15,4.9516268e-12,1.3810434e-14,4.1733245e-11,9.638333e-14,3.559419e-11,1.3140872e-13,1.7968125e-14,1.0157663e-15,1.346861e-13,2.4627983e-15,3.791885e-13,4.457474e-15,2.7137834e-12,1.9717887e-14,3.2348565e-11,1.2981714e-13,3.2003906e-11,2.10797e-13,2.2866156e-14,2.4513938e-15,1.3644394e-13,4.8607464e-15,3.739592e-13,6.920723e-15,2.7335011e-12,2.9347032e-14,2.8737138e-11,2.0855836e-13,8.6997305e-11,2.0052105e-13,5.515863e-14,2.138736e-15,2.1330619e-13,3.5022212e-15,7.282883e-13,5.4920884e-15,1.04693814e-11,2.5735006e-14,7.5531165e-11,1.9874456e-13,5.3449383,0.0101841325,2.619176,0.008668547,0.0091754235,0.00051870104,0.08145681,0.0014894758,0.18918851,0.0022239676,0.4961339,0.0036048242,1.8432213,0.00739698,0.6899701,0.003891377,0.0022813564,0.00024457555,0.018818349,0.00067039416,0.06683025,0.0012368024,0.19109906,0.002051651,0.41094106,0.0029823845,2.0357926,0.0036647033,0.005464566,0.00021188459,0.029583437,0.00048572308,0.13026893,0.0009823699,0.7359975,0.0018091708,1.1344781,0.002985143,2.1990875e+06,1421.8778,109230.234,361.45236,34514.156,194.65834,2.055343e+06,1361.3218,1.3815317e+07,422240.34,818.9983,9962.29,26961.816,79051.914,305450.88,154899.06,231.69968,2768.1843,11139.009,43042.152,97723.65,1.3238187e+07,16912.367,40047.76,1.0258195e+06,5.885755e+06,6.2696785e+06,0.0,,,,358521.0,1.1419426e+07,2.7309396e-10,8.7575685e-15,1.3163646e-14,4.3514916e-15,3.7370003e+22,1.9124677e+19,3.0203892e+19,8.0432343e+18,0.8460648,0.0005110463,0.0006629426,0.00035915006,,,,,,,,,,,,,,,,0.74863034,0.007292985,0.5682451,0.0044324594,0.65986097,0.0018536532,0.31693676,0.0014139457,0.79752415,0.010812257,0.39805496,0.009146878,0.44788465,0.0055236607,0.5758371,0.00277405,0.78375465,0.021787925,0.56056845,0.013764889,0.48179406,0.008214445,0.36516172,0.005615468,0.6881668,0.011083185,0.62986547,0.005449859,0.6992405,0.0020267745,0.21303701,0.0017187088,41926.74,41932.137,41945.547,41898.727,41615.664,50041.51,50044.633,50049.508,50041.71,50008.367,144595.3,144641.5,144735.86,144579.27,143374.28,10.412606,0.22001724,0.7543377,1.0535321,1.8975565,6.4871626,1.0259362,0.054019384,0.13301863,0.29871127,0.1841204,0.35606658,3.7178037,0.13050641,0.33508813,0.70443773,0.8988082,1.6489633,151093.06,49522.703,51067.246,151093.06,1.199621,1.3799402,10.171515,0.98210824,0.9887527,0.98621404,0.5356998,,,,,False,False,0.0,0.69566810131073,0.00172443280462176,True,,,,,,,,,,,,,,,,1,FTTFFFFFFFF,FTTFFFFFFF,FTTFFFFFFF,FTTFFFFFFF,265888.12295902794,792.1678387239207,1336.5221510706876,42337.07985224662,652242.009147925,186990.9434186307,0.0,0.0,0.0,0.0,0.0,0.0,43.407716957537524,0.1393941371461609,55.03650819170509,2.705204348306818,12.988908582549529,0.2561575403939045,80.826731269166,0.7360234848607438,109.68235745599097,0.5804280841172379,37.2440141930326,0.13510969187368263,707.8635360330718,49.71937268133337,70.56616159243063,403.12064107120307,1530.95165835617,550.3408773796766,51957.8624768518,55075.6695023148,-32768,,,,,,,Gal_XRB,2.708,7.092e-05,0.00342,0.9937,0.002471,0.0002791,0.0001035,1.923e-07,999999,,,,,,,,,,,,,,999999,999999,999999,999999,999999,999999,63,63,63,63,63,63,,,,,,,,,,,,,,,,,,,,,,,999999,,,,,,,,,,,,,,,,,,,,,,,,,,,,999999,,3,https://xmm-catalog.irap.omp.eu/source/3008328010100001,,,,,,,,1.729998970484983,0.8800013558537405,3.864782042584272,3.8647820441130762,3.864619828622454,4U 1700-377,5976382915813535232,Gaia: XM=F23=SIMBAD; CXO: none; XMM(2): XM=F23=SIMBAD,5.40665749900197e-08
3008328010100004,5XMM J170357.6-375022,,999999,5,5,7,255.99009166809347,-37.83969721674329,13.664197,,,,347.75965338298835,2.173966307248895,282.05505,,,,289.0493,3.4160492,6.830666,0.001432634,-2147483648,-2147483648,-2147483648,-2147483648,-2147483648,-2147483648,-2147483648,-2147483648,-2147483648,19.11816,1,4.1142714e-12,7.803141e-14,3.2523677e-15,9.965059e-16,1.6882774e-14,1.9387212e-15,5.3642014e-14,3.0062514e-15,4.0232208e-13,1.16276355e-14,3.7086983e-12,7.69932e-14,2.0325623e-12,1.0076131e-13,3.0631096e-15,1.4245779e-15,9.9095215e-15,2.6149176e-15,2.8397779e-14,4.373393e-15,1.2960803e-13,1.7169888e-14,1.8615838e-12,9.9146575e-14,3.417961e-12,1.8265009e-13,1.4831349e-15,2.3610819e-15,9.698043e-15,4.6720724e-15,4.498162e-14,6.6357633e-15,1.5466662e-13,2.3944195e-14,3.2071316e-12,1.8087646e-13,1.0431004e-11,1.6721661e-13,4.4785076e-15,1.7280147e-15,3.5113046e-14,3.6761844e-15,9.617412e-14,5.2958164e-15,1.0027617e-12,2.1034879e-14,9.2924765e-12,1.6575398e-13,0.45027608,0.008396482,0.15149385,0.0070398995,0.0015641769,0.0007274607,0.0059931795,0.001581476,0.014168504,0.0021820168,0.023694942,0.003138999,0.10607305,0.005649372,0.066198915,0.0033718299,0.00014797237,0.00023556514,0.0013375541,0.00064437225,0.008038665,0.0011858772,0.010812744,0.0016739387,0.04586198,0.0025865333,0.23258333,0.0030937842,0.00044368574,0.0001711944,0.0048698285,0.00050985004,0.017202664,0.0009472627,0.070494145,0.001478752,0.13957301,0.0024896248,481852.44,1319.5209,5631.7646,261.9035,3279.0264,167.08635,472941.62,1282.4291,73913.125,238.51958,1.389809,5.9066067,21.160862,28.6416,180.76085,259.45587,0.0072987145,1.2026683,25.429834,21.115297,213.39119,73427.58,202.33784,435.15488,8250.19,30682.916,33865.21,22.258429,9.725249,0.0036880637,19.44681,986.36707,2229.4417,9.064324e-12,3.0094863e-12,6.0181534e-12,8.1934164e-16,1e+19,,,,0.0,0.00010639452,,0.00010639452,,,,,,,,,,,,,,,,0.8060415,0.056727704,0.5599209,0.03697506,0.58139396,0.017967166,0.36587507,0.011493999,0.5860519,0.17553408,0.40548822,0.12764807,0.25159988,0.09514193,0.6348107,0.04262111,0.80078125,0.2983451,0.7146922,0.12324181,0.14715497,0.10460669,0.618428,0.050874952,0.8329972,0.06119219,0.55874234,0.04068152,0.6076787,0.01858283,0.32884172,0.012278969,37465.8,37467.176,37547.453,37519.04,37027.414,49677.49,49678.75,49680.83,49665.535,49471.023,131194.67,131244.58,131345.83,131165.27,129840.11,7.121485,0.20787866,0.6543883,0.8365007,1.3147674,4.10795,1.0196794,0.053610597,0.1326883,0.29904845,0.1830641,0.35126796,3.7372832,0.13069843,0.33506402,0.709477,0.90423316,1.6578106,151093.06,49522.703,51067.246,151093.06,0.061772984,0.03638849,0.5590348,0.8121857,0.9266897,0.9270091,0.5931359,,,,,False,False,0.0,0.695684015750885,0.00172450765967369,True,,,,,,,,,,,,,,,,4,FFTFTTTFFFT,FFTFTTTFFF,FFTFTTTFFF,FFTFTTTFFF,21852.334420638348,59.76765582285848,116.10226881036043,2200.1938380737215,31615.983411256606,14791.693371096679,0.0,1.779991105250581e-62,3.283527089317209e-123,0.0,0.0,0.0,189.68643773723744,6.156830403259503,254.92612742155904,579.4109719216364,57.319840452298564,11.007520110270768,279.149084764303,24.902101881774293,570.8555268473975,43.40385548672714,161.77457251802016,5.659792442865434,257.11365247577544,13.993076611959955,20.822194338572174,91.82868287562353,343.95599672149325,203.60825406667973,51957.8624768518,55075.6695023148,-32768,,,,,,,Extended,5.865,4.469e-07,7.673e-10,0.001675,2.523e-06,1.647e-06,1.561e-08,0.9983,999999,,,,,,,,,,,,,,999999,999999,999999,999999,999999,999999,63,63,63,63,63,63,,,,,,,,,,,,,,,,,,,,,,,999999,,,,,,,,,,,,,,,,,,,,,,,,,,,,999999,,3,https://xmm-catalog.irap.omp.eu/source/3008328010100004,,,,,,,,18.815205091983955,9.702037898875904,3.7609016780719786,3.7609016780768587,,4U 1700-377,5976382915813535232,Gaia: XM=F23=SIMBAD; CXO: none; XMM(2): XM=F23=SIMBAD,5.40665749900197e-08
3065419010100005,5XMM J173527.5-325553,,999999,180,6,16,263.8647033167459,-32.9316311636801,0.021612696,0.023801696,0.023298044,45.01566,355.4576275000982,-0.2727303963125558,2682.587,0.003835179,0.003828546,0.0038418118,4387.5513,0.003806007,0.0038385822,0.0037734318,-2147483648,-2147483648,-2147483648,-2147483648,-2147483648,-2147483648,-2147483648,-2147483648,-2147483648,37.10541,1,5.529241e-14,3.2093284e-15,2.5354528e-16,8.2683095e-17,2.1446337e-16,7.9728194e-17,3.966822e-15,2.983034e-16,1.0243382e-14,7.252233e-16,4.191533e-14,3.0920768e-15,3.5339953e-14,3.4956698e-15,1.7402946e-16,8.9587856e-17,1.2320215e-16,8.7759456e-17,3.673124e-15,4.2257812e-16,6.127909e-15,8.727e-16,2.5241687e-14,3.3561588e-15,1.2366846e-13,1.0187229e-14,1.4975871e-15,4.318684e-16,3.8217947e-16,2.1698877e-16,3.2816434e-15,5.4749616e-16,2.1332167e-14,2.0041621e-15,9.7174886e-14,9.9614065e-15,2.286383e-13,1.3340991e-14,4.5194184e-16,2.4756084e-16,1.5431024e-15,4.0040018e-16,5.674411e-15,6.591235e-16,1.8031844e-14,1.7166357e-15,2.0293699e-13,1.3205269e-14,0.014801944,0.0005248973,0.004997998,0.0003681692,0.0001456557,7.498145e-05,9.693668e-05,6.905002e-05,0.002118401,0.00024371348,0.0011820737,0.00016834383,0.001454931,0.000193449,0.003917154,0.00024496554,0.00022850183,6.589448e-05,6.487114e-05,3.6831672e-05,0.000658232,0.00010981677,0.0015555415,0.0001461435,0.0014100076,0.00014454,0.0058867917,0.00028277287,6.879911e-05,3.768619e-05,0.00026359272,6.839636e-05,0.001139365,0.0001323454,0.0013222751,0.0001258809,0.0030927598,0.0002012483,133984.92,386.6946,49946.688,234.21106,39468.938,210.16759,44569.3,224.7387,591187.7,221712.23,46.882076,105.71289,3827.51,87172.01,130598.195,172850.7,187.30153,220.4162,2135.684,81280.07,89059.91,196628.97,71.19758,74.142365,2078.0845,90612.336,103838.59,0.0,,,,820.0625,537875.06,1.4503684e-11,3.9641023e-14,3.9641023e-14,,9.781384e+22,5.340834e+20,5.3176882e+20,5.36398e+20,1.2974454,0.0056807194,0.0053977068,0.0059637325,,,,,,,,,,,,,,,,0.04026454,0.13912468,0.8188668,0.0441006,0.07678786,0.04580196,0.2318997,0.03669404,-0.20082669,0.42171004,0.91248584,0.06038286,-0.28369468,0.08417139,0.103472404,0.09637409,-0.5577565,0.21934973,0.82057565,0.09665269,0.4053304,0.08000658,-0.049074944,0.06935766,0.586036,0.19897775,0.6242329,0.08675594,0.074304074,0.07467797,0.40101263,0.04838507,61131.03,61122.9,61305.344,60967.09,56617.84,94928.5,94823.414,94669.17,94475.62,88438.03,107720.67,107709.984,107751.51,107114.0,98397.46,5.5222416,0.4412656,0.7006156,1.0103244,1.306107,2.0639288,2.453835,0.18259396,0.2524311,0.695919,0.6329145,0.6899766,2.9226084,0.16809162,0.25726622,0.7866397,0.80827284,0.9023379,127319.4,83018.54,113432.914,127319.4,0.5509639,1.7113049,1.8274357,0.9837711,0.9891609,0.9919433,80.56383,,,,,False,False,0.0,0.75176876783371,0.00818826537579298,True,,,,,,,,,,,,,,,,1,FFTFFFFFFFF,FFTFFFFFFF,FFTFFFFFFF,FFTFFFFFFF,17581.686237274942,17.97808109424637,29.51167341343651,501.0471589838,10404.186644865307,12944.183626280877,0.0,5.694504527285221e-21,1.4214752508390547e-35,0.0,0.0,0.0,7332.826993150727,4635.6354361668555,504.7086166233793,3705.7544432664818,,,235.3703561535828,179.4599206154095,6160.355725975955,5377.54016111628,8779.512445755048,7406.553375870532,195.3861588196077,5.943248529182096,10.045848698866822,40.938811927117804,151.70346334916528,163.91216788807657,55626.4546759259,60001.8030208333,-32768,,,,,,,Gal_XRB,3.16,1.53e-05,0.00282,0.9969,0.0001447,9.806e-05,1.967e-05,6.348e-07,999999,,,,,,,,,,,,,,999999,999999,999999,999999,999999,999999,63,63,63,63,63,63,,,,,,,,,,,,,,,,,,,,,,,999999,,,,,,,,,,,,,,,,,,,,,,,,,,,,999999,,3,https://xmm-catalog.irap.omp.eu/source/3065419010100005,275.0,,,,,,,1.1244343793727696,0.8801326913152075,1.6321943607573437,1.6321945108226394,1.6321888800556126,IGR J17354-3255,4054559284753424000,Gaia: XM=F23=SIMBAD; CXO: XM=F23=SIMBAD; XMM: XM=F23=SIMBAD,2.339408838577002e-09
3014809010100010,5XMM J175425.3-261954,,999999,91,6,15,268.6054226868734,-26.331734428990796,0.03963107,0.043362197,0.041879877,45.0514,3.2356369140448007,-0.33588592284421814,3260.2317,0.006950487,0.0069684135,0.0069325604,1656.1675,0.0070607774,0.0071053347,0.00701622,-2147483648,-2147483648,-2147483648,-2147483648,-2147483648,-2147483648,-2147483648,-2147483648,-2147483648,33.696213,1,1.3974398e-12,1.3134646e-14,1.028185e-15,1.3187823e-16,5.494652e-15,2.7402466e-16,6.882007e-14,9.637892e-16,1.9982506e-13,2.8008324e-15,1.0018568e-12,1.259065e-14,1.5848693e-12,1.6293207e-14,9.27148e-16,1.4187695e-16,5.0546043e-15,3.0534429e-16,8.144382e-14,1.304786e-15,4.2779048e-13,5.1587517e-15,1.0696532e-12,1.5396105e-14,1.5437293e-12,3.044807e-14,2.1577057e-15,4.477547e-16,9.068535e-15,7.826127e-16,9.8297516e-14,2.2132575e-15,1.7902826e-13,4.980313e-15,1.2551774e-12,2.9942777e-14,4.8899995e-13,3.2429073e-14,8.111097e-16,5.9435227e-16,4.3318607e-15,1.0210626e-15,2.1692605e-14,1.873082e-15,4.397177e-14,4.4909323e-15,4.1819263e-13,3.2040163e-14,0.26500443,0.0018726997,0.19714878,0.0015595664,0.0007791923,0.000119346056,0.0039830282,0.00024065204,0.047417797,0.0007563967,0.08330142,0.0010001068,0.061667353,0.0008875476,0.052854087,0.00073509157,0.0003360619,6.9024376e-05,0.0015407646,0.00013299481,0.019715833,0.0004441201,0.013048589,0.00036318498,0.01821284,0.00043446707,0.015001551,0.00073102495,0.00011928586,9.123025e-05,0.0007449353,0.00017559354,0.004461053,0.00038127808,0.0032879026,0.00033284628,0.0063883746,0.00048895995,50594.844,241.44339,29058.555,182.32372,15338.109,133.66118,6198.1777,84.78007,169032.45,90995.81,76.24943,602.0272,20102.885,49365.715,20872.53,54076.48,67.02144,335.0543,10549.928,33131.336,10016.395,23969.178,8.270192,96.08811,4566.4224,14853.511,4471.1772,0.0,,,,41.3125,161870.05,2.3367354e-12,1.1079916e-14,1.1079916e-14,,3.5852202e+22,2.381618e+20,2.3711255e+20,2.3921318e+20,2.158159,0.0075058844,0.007575049,0.0074367193,,,,,,,,,,,,,,,,0.66507775,0.036440242,0.84678733,0.007116918,0.16231555,0.008065737,-0.07542778,0.008067158,0.6727609,0.045064777,0.84502083,0.00893414,0.27450916,0.009230244,-0.14923258,0.0091626,0.6418828,0.06549949,0.8550318,0.01199497,-0.20349027,0.017161971,0.16519557,0.017828431,0.72394603,0.19043325,0.71381605,0.061488118,-0.15139465,0.06472564,0.32041997,0.056940697,95595.84,95600.055,95662.35,95502.875,93633.37,124584.36,124606.44,124656.76,124518.164,122718.086,38895.586,38901.676,38922.75,38714.164,36850.727,7.318348,0.6846403,0.8330677,1.3734167,2.1654787,2.2617443,1.9981366,0.17715682,0.21797094,0.51793474,0.49842083,0.5866533,0.81271875,0.057817727,0.07961793,0.20510599,0.20345804,0.26671907,135585.92,117645.13,133201.83,38953.535,0.3249259,0.50162,2.509934,0.9884729,0.9885128,0.98969716,87.443245,,,,,False,False,0.0,1.59532403945923,0.0322704575955868,True,,,,,,,,,,,,,,,,1,TFTFFFFFFFF,FFTFFFFFFF,FFTFFFFFFF,TFTFFFFFFF,1649.4458327782297,4.959421986399952,12.626731626580087,921.7649966791585,3628.2875132507334,728.1566590227515,0.0,4.372668058137513e-05,2.676421194944378e-14,0.0,0.0,0.0,596.2297770299588,395.0653437033903,33.37332416369414,38.75978569932458,25.96371857072142,8.32876836424997,451.53417804471945,241.69903328345814,6932.41431307939,16851.22153869148,479.05184142958376,394.64245142963534,64.79639626672531,4.494552501059842,6.543648754715409,57.862593394944774,112.84997570686922,39.54667725184566,52715.8830439815,57102.7934606482,-32768,,,,,,,Gal_XRB,3.631,7.396e-05,0.02131,0.9766,0.001375,0.0005032,9.344e-05,3.167e-06,5040875,20.548349380493164,0.0977954939007759,,,17.444656372070312,0.018222568556666374,,,,,,,0.9391765717887606,999999,999999,999999,999999,999999,999999,0,0,0,0,0,0,,,,,4.093148708343506,1.0,,,,,,,J175425.30-261952.5,7.670000076293945,0.026000000536441803,7.6479997634887695,0.01899999938905239,7.521999835968018,0.04500000178813934,6.578000068664551,0.18000000715255737,0.9960508913559302,4063908810076415872,0.3963,0.02669999934732914,14.842696992037295,-0.506,-0.668,11.663725852966309,12.946659088134766,10.542322158813477,0.9921040779992912,https://xmm-catalog.irap.omp.eu/source/3014809010100010,,Star,0.9999525008906344,2.4972682198592786e-05,2.2526427167105576e-05,,,,,,,,,,,,,999999,,3,https://xmm-catalog.irap.omp.eu/source/3014809010100010,,,,,,,,1.7039536526832328,0.8804460862559446,3.7455018935171784,3.7455018943551406,3.7455393897567686,IGR J17544-2619,4063908810076415872,Gaia: XM=F23=SIMBAD; CXO(2): XM=F23=SIMBAD; XMM: XM=F23=SIMBAD,5.206668447680362e-07
3020638060100001,5XMM J180241.9-201717,,999999,7,6,18,270.6747017616066,-20.288127704620816,0.012222658,0.013996929,0.0135399755,45.005287,9.420466935017863,1.0361508196742717,290.53738,0.002082815,0.0020704865,0.0020951433,489.4354,0.002235837,0.0023238193,0.0021478548,-2147483648,-2147483648,-2147483648,-2147483648,-2147483648,-2147483648,-2147483648,-2147483648,-2147483648,18.50438,1,1.940488e-11,4.877893e-14,2.4989003e-15,1.9165531e-16,4.392935e-15,2.4968326e-16,5.422298e-14,8.429813e-16,1.6863259e-12,7.473798e-15,1.7663022e-11,4.8190584e-14,2.0052224e-11,6.4115156e-14,2.0195415e-15,2.1066338e-16,3.995066e-15,2.9472824e-16,5.2666896e-14,1.1337997e-15,1.6240726e-12,1.0173717e-14,1.836947e-11,6.329164e-14,1.8731414e-11,1.0870914e-13,6.597729e-15,7.7742145e-16,7.1402675e-15,7.61004e-16,5.6386577e-14,1.816687e-15,1.8033228e-12,1.6037071e-14,1.6857966e-11,1.0749886e-13,1.8317275e-11,1.04035006e-13,3.8225996e-15,5.738536e-16,4.334548e-15,5.974298e-16,5.5923507e-14,1.7505582e-15,1.7199911e-12,1.515669e-14,1.6533204e-11,1.02906785e-13,2.1875882,0.005047107,1.4073081,0.004203896,0.0016902754,0.00017631683,0.0031433578,0.00023189512,0.030374581,0.0006538963,0.31328362,0.0019625102,1.0588162,0.0036481302,0.38963607,0.0019910021,0.0010066815,0.00011861896,0.001211989,0.00012917283,0.0113100195,0.00036439107,0.1314983,0.0011694232,0.24460909,0.0015598084,0.3906442,0.0019586876,0.0005819143,8.735774e-05,0.0007404275,0.00010205296,0.011228881,0.0003514946,0.12612696,0.0011114401,0.25196603,0.0015682995,405968.38,676.99274,228771.47,507.79776,86419.83,311.75214,90777.086,321.35834,1.5562812e+06,834775.06,604.6493,1504.4817,45159.84,269101.62,518439.6,353465.28,464.2496,481.45718,20679.646,155301.39,176572.12,368048.72,231.16422,333.83673,20386.516,161775.92,185358.31,0.0,,,,2956.5,1.4480844e+06,3.816971e-11,6.080818e-14,6.1826026e-14,5.9790335e-14,2.8971265e+22,1.25008095e+20,1.2886926e+20,1.2114692e+20,0.2986375,0.0023395154,0.0021995706,0.0024794599,,,,,,,,,,,,,,,,0.20814274,0.04239053,0.8305582,0.009047923,0.83150816,0.0024950309,0.46486765,0.0020353405,0.30061904,0.058108725,0.8124373,0.013062393,0.82322794,0.0036130405,0.54335165,0.0025193177,0.09253628,0.078760654,0.80642265,0.019467266,0.84160554,0.004874782,0.30074066,0.004976636,0.11987313,0.10043455,0.876279,0.016404955,0.83649933,0.0048822844,0.33282578,0.0047967588,92465.75,92467.95,92607.914,92511.48,90688.12,115911.08,115967.94,116069.5,115906.61,115567.07,119265.695,119283.875,119323.18,119224.8,118013.29,31.338676,1.0629255,1.3884223,4.473329,9.377258,15.036741,6.102934,0.28808156,0.37923613,1.5566403,1.8639507,2.0150251,6.2710147,0.27003378,0.4064413,1.5626792,2.0180094,2.0138512,124252.34,111696.055,123920.42,124183.125,2.5397663,3.910977,3.724574,0.9863549,0.9889878,0.9905211,9.427226,,,,,False,False,0.0,0.511507153511047,0.0157650541514158,True,,,,,,,,,,,,,,,,1,FFTFFFFFFFF,FFTFFFFFFF,FFTFFFFFFF,FFTFFFFFFF,18791.83294991582,64.00839597085945,134.1712028508778,3892.909410791751,17224.152658925523,12541.846234515871,0.0,7.494283732226551e-80,1.2625539884145859e-170,0.0,0.0,0.0,4.920600668615678,0.03216147077233129,18.63542008498982,5.802956112624224,20.715600343397703,3.062642707639712,49.69113483287595,1.985078703745034,19.836090079098593,0.4153755746655691,4.486324326203195,0.032778454175147326,207.3263360001361,15.503744636953844,22.76937479591375,124.32471853911748,217.8365688172505,173.51939976696522,53101.2742708333,56913.0336111111,-32768,,,,,,,Gal_XRB,4.814,3.542e-05,6.18e-08,0.9992,0.0005379,0.0001221,1.468e-06,0.000142,5140778,,,,,,,,,,,18.06911277770996,0.03929666802287102,0.99636928512181,999999,999999,999999,999999,999999,999999,0,0,0,0,0,0,,,,,,,,,,,,,,,,,,,,,,,999999,,,,,,,,,,https://xmm-catalog.irap.omp.eu/source/3020638060100001,,,,,,,,,,,,,,,,,,999999,,3,https://xmm-catalog.irap.omp.eu/source/3020638060100001,,,,,,,,0.1839842134527573,0.8800424402738827,0.04370729038961638,0.04370729068478085,0.04370700525970836,IGR J18027-2016,4070968778561141760,Gaia: XM=F23=SIMBAD; CXO: none; XMM: XM=F23=SIMBAD,4.1978481608213416e-08
3014449010100296,5XMM J181921.6-252424,,999999,3,1,3,274.8403233732482,-25.40671164559585,2.1517708,3.9430854,1.578747,56.76084,6.774442377896651,-4.7889977224135345,272.1271,0.28877905,0.27511832,0.30243978,362.89038,0.4538601,0.54874766,0.35897255,-2147483648,-2147483648,-2147483648,-2147483648,-2147483648,-2147483648,-2147483648,-2147483648,-2147483648,69.013535,1,7.264054e-15,2.680667e-15,1.4759684e-16,1.816212e-16,1.9359833e-16,2.4690502e-16,1.1894918e-16,1.4252711e-16,1.9558338e-15,7.805196e-16,4.366451e-15,2.514681e-15,1.2309203e-14,4.236869e-15,2.38576e-16,2.3090928e-16,1.775618e-16,2.8952687e-16,1.6621417e-17,1.5128748e-16,2.1748344e-15,1.1276676e-15,9.70161e-15,4.0644054e-15,4.062716e-15,4.3014756e-15,0.0,3.4983414e-16,0.0,7.03526e-16,1.128756e-15,6.2765014e-16,1.3284693e-15,1.391481e-15,1.6054907e-15,3.9440077e-15,3.5904024e-15,5.8314496e-15,0.0,5.4315453e-16,4.3097428e-16,6.383911e-16,7.5530156e-16,5.7758557e-16,2.4041264e-15,1.7185078e-15,0.0,5.4787196e-15,0.0020758426,0.00054828683,0.0013276984,0.0004461599,0.00019967856,0.00019326183,0.0001397074,0.00022780264,9.58607e-06,8.725203e-05,0.00041952555,0.00021752706,0.00055920077,0.00023427233,0.00034657354,0.0002157065,0.0,5.337769e-05,0.0,0.0001194165,0.00022640589,0.00012589406,9.687198e-05,0.000101466794,2.329567e-05,5.7227553e-05,0.00040157064,0.00023458591,0.0,8.268441e-05,7.361903e-05,0.00010904997,0.000151657,0.00011597341,0.00017629459,0.00012601817,0.0,8.349569e-05,58.446037,15.461836,34.08075,11.465896,11.176439,6.9559317,13.188847,7.695233,4.969499,4.688202,0.3563685,0.031364545,0.00012758814,2.4703515,4.1613226,1.3321912,0.0,0.0,2.7276967,0.38689718,0.010485871,0.8696091,0.0,0.06971102,0.9504067,1.1878775,0.0,0.0,,,,-0.9223976,9.562,1.0832501e-14,2.699652e-15,2.576222e-15,2.8230823e-15,1e+19,9.982534e+18,,9.982534e+18,0.5719274,0.2681244,0.2940699,0.24217889,,,,,,,,,,,,,,,,-0.008148516,0.8501634,0.23455103,0.52946436,0.33376676,0.26693437,-0.05488128,0.28952482,-0.17670491,0.9184889,-0.8715808,1.1112269,0.9553213,0.39822358,0.14271124,0.32651412,,,1.0,1.0548886,-0.40068904,0.49774233,-0.61228055,0.8346992,1.0,2.2462783,0.34641048,0.7334882,0.07512568,0.5204343,-1.0,0.94722915,25754.387,25757.29,25764.799,25738.543,25562.746,32245.959,32248.215,32251.742,32246.078,32225.453,32841.7,32846.645,32858.19,32828.77,32527.818,2.2163851,0.32445043,0.86228806,0.40041432,0.24433503,0.38489735,0.76828134,0.09020234,0.24678855,0.19788392,0.09356984,0.13983671,0.78766644,0.09451173,0.27482307,0.18167856,0.09867149,0.13798161,33624.598,28049.135,32765.812,33624.598,0.0003995855,0.00023993553,0.00027801044,0.98298615,0.9883519,0.9870191,14.045811,,,,,False,False,,,,False,,,,,,,,,,,,,,,,0,FFFFFFFFFFF,FFFFFFFFFF,FFFFFFFFFF,FFFFFFFFFF,,,,,,,,,,,,,,,,,,,,,,,,,,,,,,,52741.9234143519,52742.4868634259,-32768,,,,,,,Star,5.293,0.02725,0.5795,0.0636,0.003818,0.1845,0.1413,2.982e-07,5311011,17.10681915283203,0.03919369727373123,16.707090377807617,0.013339952565729618,15.70732593536377,0.011248691007494926,,,,,,,0.7746818895267135,999999,999999,999999,999999,999999,999999,0,0,0,0,0,0,0.0,,0.0,,0.0,,0.0,,0.0,,0.0,,J181921.50-252424.3,12.038000106811523,0.03700000047683716,12.430000305175781,0.05299999937415123,12.217000007629395,,8.871000289916992,,0.989191357585691,4053096388919082368,0.1692,0.026200000196695328,6.458015218692312,-0.779,0.433,13.610272407531738,13.793571472167969,13.294105529785156,0.936765818669838,https://xmm-catalog.irap.omp.eu/source/3014449010100296,,Star,0.996753903004789,0.0031177731977982837,0.00012832379741267678,,,,,,,,,,,,,999999,,999999,,,,,,,,,1.784269836813212,1.757685652428135,1.0304778286221918,1.0304778287086203,0.4941864108749839,SAX J1819.3-2525,4053096388919082368,"Ambiguous with LMXB: V* V4641 Sgr; Gaia: XM=F23=SIMBAD; CXO: XM=F23=SIMBAD; XMM: XM only, F23+SIMBAD absent",4.182173736040274e-07
3074147020100001,5XMM J182119.7-131840,,999999,1,1,3,275.3321616574639,-13.311156999100364,0.037129294,,0.037791945,135.38155,17.680909549050543,0.4852939075188304,264.4871,0.0064428197,0.0064902375,0.0063954014,270.90216,0.0066821855,0.0066939653,0.006670405,-2147483648,-2147483648,-2147483648,-2147483648,-2147483648,-2147483648,-2147483648,-2147483648,-2147483648,42.53609,1,1.7365793e-11,9.555758e-14,2.5040488e-15,4.23903e-16,6.877315e-15,6.601508e-16,1.2385263e-13,2.6393847e-15,3.2367982e-12,2.2256406e-14,1.40132714e-11,9.2812964e-14,1.6767372e-11,1.2275384e-13,1.6750693e-15,4.4334006e-16,5.1028704e-15,7.346913e-16,1.2068191e-13,3.6179674e-15,3.0758733e-12,3.070136e-14,1.356404e-11,1.1879439e-13,1.821244e-11,2.1784216e-13,1.4853344e-14,2.2955493e-15,1.622229e-14,2.2391595e-15,1.3037455e-13,5.577119e-15,3.430197e-12,4.639185e-14,1.4620792e-11,2.1274777e-13,1.8356481e-11,2.1282408e-13,9.022723e-15,1.865008e-15,1.2746447e-14,2.0304794e-15,1.2478264e-13,5.3451337e-15,3.4007582e-12,4.5027726e-14,1.4809171e-11,2.0791927e-13,2.4473085,0.01147051,1.4501851,0.009315841,0.001401966,0.0003710579,0.0040149894,0.00057806243,0.06960088,0.0020865903,0.593336,0.0059222924,0.78183126,0.006847309,0.49344808,0.0047425614,0.0022663234,0.0003502549,0.0027535716,0.00038007495,0.026150528,0.0011186586,0.25012997,0.0033828937,0.2121477,0.0030869702,0.50367534,0.0047218427,0.0013735291,0.00028391017,0.0021773481,0.0003468465,0.025055107,0.0010732494,0.2493776,0.003301883,0.22569177,0.0031686896,51075.383,237.03409,26351.867,169.2819,12010.736,115.43498,12712.781,119.17868,230848.14,107965.94,17.995533,78.377144,3761.4692,44900.63,59215.953,59825.215,111.08192,134.28648,2018.097,31537.154,26031.387,63059.566,53.183594,92.81801,1970.0162,33042.07,27908.89,0.0,,,,-0.5625,230877.69,1.8665711e-11,8.504589e-14,8.498562e-14,8.5106144e-14,6.079406e+22,5.20785e+20,5.277061e+20,5.138639e+20,1.1502815,0.008219851,0.0082070585,0.008232645,,,,,,,,,,,,,,,,0.25565693,0.065228395,0.8625053,0.011428263,0.8033537,0.0039733155,0.041392524,0.0047335713,0.4823786,0.11559376,0.8909205,0.015166772,0.79002255,0.00593815,0.13707082,0.006514731,0.09706342,0.10263036,0.8094685,0.02491011,0.8106958,0.00768919,-0.08216333,0.009865796,0.22637196,0.12379458,0.84009165,0.02426889,0.8174043,0.0074392827,-0.04985765,0.00962523,18250.383,18251.463,18254.203,18239.467,18111.785,24310.324,24324.729,24348.033,24318.748,24365.572,25357.004,25365.441,25382.715,25350.557,25100.14,2.2293992,0.12204386,0.19591199,0.30016887,0.68219304,0.9290813,0.34683603,0.029152134,0.049752567,0.097164884,0.072002746,0.098763704,0.34564817,0.023975167,0.039118014,0.10479273,0.076696984,0.10106526,26619.404,26464.336,26619.404,26591.215,0.038489845,0.11387265,0.11623278,0.9857499,0.9746966,0.9790847,1.7115222,,,,,False,False,0.0,0.615920662879944,0.0105425696820021,True,,,,,,,,,,,,,,,,1,FFTFFFFFFFF,FFTFFFFFFF,FFTFFFFFFF,FFTFFFFFFF,,,,,,,,,,,,,,,,,,,,,,,,,,,,,,,56918.1037615741,56918.4117939815,-32768,,,,,,,Star,4.647,0.01125,0.9826,0.001618,0.002923,0.001272,0.0003081,1.314e-11,999999,,,,,,,,,,,,,,999999,999999,999999,999999,999999,999999,63,63,63,63,63,63,,,,,,,,,,,,,,,,,,,,,,,999999,,,,,,,,,,,,,,,,,,,,,,,,,,,,999999,,3,https://xmm-catalog.irap.omp.eu/source/3074147020100001,,,,,,,,1.148332843999926,0.8803915562073463,1.7013113350378894,1.7013114673479954,,IGR J18214-1318,4152643113595580416,Gaia: XM=F23=SIMBAD; CXO: XM=F23=SIMBAD; XMM: XM=F23=SIMBAD,4.4918541256361847e-10
3015116020100001,5XMM J182615.1-145053,,999999,6,5,14,276.56293576071386,-14.8483067704474,0.026194517,0.029680278,0.028301671,45.023163,16.88175407335405,-1.2893368937696392,340.3863,0.004531536,0.0045658704,0.004497201,331.73175,0.00472755,0.004733832,0.004721268,-2147483648,-2147483648,-2147483648,-2147483648,-2147483648,-2147483648,-2147483648,-2147483648,-2147483648,32.981457,1,7.0600643e-12,3.5843968e-14,1.0489902e-14,5.3750366e-16,8.953992e-14,1.4535282e-15,6.747633e-13,3.7992325e-15,2.1068835e-12,1.1259408e-14,4.159432e-12,3.3715296e-14,7.388931e-12,6.721208e-14,6.712881e-15,7.1061977e-16,8.9944816e-14,2.464962e-15,7.326832e-13,7.936575e-15,2.2592234e-12,2.4218656e-14,4.300366e-12,6.213976e-14,6.9524412e-12,6.10407e-14,1.8866529e-14,1.2993809e-15,9.694125e-14,2.703751e-15,6.582971e-13,6.231316e-15,2.0940118e-12,1.8468523e-14,4.084325e-12,5.776723e-14,6.9078944e-12,5.886557e-14,1.3323421e-14,1.0607558e-15,8.3264043e-14,2.411612e-15,6.5684497e-13,6.0137836e-15,2.0386071e-12,1.7537592e-14,4.115855e-12,5.5807538e-14,1.9063152,0.008251082,1.1826255,0.00772793,0.005618413,0.0005947603,0.07076948,0.0019394568,0.42256036,0.004577261,0.4358042,0.0046717785,0.24787311,0.0035817358,0.36333358,0.002080474,0.002878655,0.00019825954,0.016454807,0.0004589347,0.13204123,0.0012498774,0.15269533,0.0013467247,0.059263553,0.0008382024,0.36035597,0.0020077582,0.0020282243,0.00016147885,0.014223164,0.0004119516,0.1318879,0.0012075076,0.14949107,0.0012860317,0.062725626,0.00085050694,99278.13,333.36383,26720.43,172.08984,35228.47,199.09471,37329.24,204.64072,414440.22,97953.79,183.93936,4393.6943,36340.164,38210.215,18839.947,151555.2,588.9306,4583.852,53152.348,70721.12,22525.547,164935.22,404.9078,4180.1406,59367.316,75726.69,25274.209,0.0,,,,-4.1875,413193.47,7.03752e-12,2.3285214e-14,2.3332415e-14,2.3238013e-14,8.64714e+21,5.97901e+19,5.951848e+19,6.0061724e+19,1.5203162,0.0037750606,0.0038084856,0.003741636,,,,,,,,,,,,,,,,0.78219545,0.009881237,0.7748042,0.003453523,0.05402588,0.0038655344,-0.38803184,0.0041168504,0.85289776,0.014902371,0.71309465,0.007241796,0.015429206,0.007618111,-0.27488282,0.008316299,0.7022101,0.018832715,0.7783806,0.005804093,0.07253751,0.0064348965,-0.44080138,0.0067147426,0.75039375,0.018507592,0.80531025,0.005338218,0.06256033,0.0062569613,-0.40885305,0.0066868467,21990.959,21993.469,21999.105,21975.137,21816.232,95448.67,95421.24,95365.66,95395.91,94933.01,100538.586,100565.336,100622.56,100504.9,99463.14,2.971958,0.2054003,0.41402492,0.7883238,0.7794756,0.78473324,1.5832219,0.14925657,0.28037494,0.49447155,0.27130023,0.38781857,1.5678667,0.14466435,0.2956993,0.46431157,0.28666475,0.37652665,103965.945,32003.275,102571.94,103930.57,0.03755392,0.70117456,0.6626246,0.98498875,0.988855,0.98685575,8.170963,,,,,False,False,2.15658432361125e-39,0.25294154882431,0.0113587090745568,True,,,,,,,,,,,,,,,,1,FFTFFFFFFFF,FFTFFFFFFF,FFTFFFFFFF,FFTFFFFFFF,302.1465829606065,7.752829088412495,15.868522922716798,211.6444809632556,265.4232360821349,128.5263638647178,0.0,2.64907963215834e-07,1.1517648343527796e-15,1.4888101923505165e-226,8.522099382690599e-285,1.2389719296273077e-136,1.6327086865391274,0.029367158964776232,2.1589495160613463,0.37810680731785146,1.4477324343922622,0.08279103603312621,1.504900343044561,0.022040759586622664,1.5630622540120234,0.030603501540223437,1.7080835962960512,0.04949549158439751,28.415675558373806,5.35959264898852,6.62411678045358,25.2944079496264,26.775552767810872,19.186700078028736,52706.3117939815,57110.7837847222,-32768,,,,,,,Gal_XRB,3.068,0.008048,0.3377,0.4204,0.2328,0.0008788,9.429e-05,7.886e-13,5382524,16.140302658081055,0.024840900674462315,15.989184379577637,0.007825465872883797,13.715402603149414,0.003651784732937813,12.921368598937988,0.0019474118016660213,,,11.365071220449655,0.0008502404740151783,0.9807804824738469,999999,999999,999999,999999,999999,999999,0,0,0,0,0,0,,,,,,,,,,,11.287879943847656,1.0,J182615.06-145054.4,8.402999877929688,0.023000000044703484,8.430999755859375,0.019999999552965164,8.380999565124512,0.03999999910593033,7.2230000495910645,0.12099999934434891,0.9936754799627479,4104196427943626624,0.49,0.014999999664723873,32.666667396823584,7.425,-8.151,10.798686027526855,11.453262329101562,9.997603416442871,0.9899461500825407,https://xmm-catalog.irap.omp.eu/source/3015116020100001,,Star,0.9997611804309441,0.00011959902610418509,0.0001192205429516379,,,,,,,,,,,,,999999,,3,https://xmm-catalog.irap.omp.eu/source/3015116020100001,,,,,,,,0.7512211558632054,0.8801949081590689,0.7284133825999538,0.7284133827308246,0.7283761938090553,LS 5039,4104196427943626624,Gaia: XM=F23=SIMBAD; CXO: XM=F23=SIMBAD; XMM: XM=F23=SIMBAD,2.0518950280255003e-06
3012270010100009,5XMM J183327.8-103524,,999999,71,17,46,278.36595286472283,-10.59005885578872,0.08372329,0.091001496,0.08912881,135.23676,21.470846333739484,-0.8744407668517539,1251.0797,0.014943723,0.015008354,0.014879092,1796.4456,0.014655529,0.014634,0.014677057,-2147483648,-2147483648,-2147483648,-2147483648,-2147483648,-2147483648,-2147483648,-2147483648,-2147483648,29.550371,1,2.8625827e-13,6.483355e-15,1.2765766e-16,6.708732e-17,1.5942306e-15,1.5107653e-16,3.308129e-14,6.8278945e-16,1.05011994e-13,2.1021403e-15,1.4627256e-13,6.0923023e-15,3.0187338e-13,9.509616e-15,1.3397197e-16,8.087991e-17,1.8321134e-15,2.0918833e-16,3.5530488e-14,1.0240815e-15,1.0292812e-13,3.097842e-15,1.6144868e-13,8.929565e-15,2.7485306e-13,1.3098823e-14,1.6284997e-16,1.8630707e-16,9.471394e-16,2.7574575e-16,3.3256936e-14,1.3855696e-15,1.05444814e-13,4.195756e-15,1.3504132e-13,1.2326567e-14,2.7087645e-13,1.203494e-14,7.880025e-17,1.571181e-16,1.987883e-15,3.5783857e-16,2.9462276e-14,1.2211603e-15,1.0796135e-13,3.9136475e-15,1.3138614e-13,1.13083676e-14,0.0838971,0.0011767931,0.05120589,0.0010012559,0.00011212918,6.769325e-05,0.0014415252,0.00016459146,0.020491498,0.0005906185,0.019854836,0.00059757376,0.009305902,0.00051470014,0.016504778,0.00045369097,2.4847646e-05,2.8426733e-05,0.00016076745,4.6805086e-05,0.0066706757,0.00027791757,0.007689036,0.00030595454,0.0019594496,0.00017885849,0.016186427,0.00042011047,1.1995761e-05,2.3918088e-05,0.0003395702,6.112599e-05,0.0059157307,0.00024519677,0.007916805,0.00028698778,0.0020023247,0.00017233953,14446.027,155.9362,6921.7783,107.81751,3517.4773,77.96382,4006.7715,81.32113,16797.244,8088.113,2.5854008,265.9358,3549.4,3167.5051,1152.3776,3777.3606,0.26168555,95.78889,1561.6475,1737.259,428.23776,4940.765,0.2255544,103.19396,2055.4875,2300.9346,535.55414,0.0,,,,389.5957,15651.988,4.2264635e-13,4.4519527e-15,4.4519527e-15,,1.3043571e+22,2.2579928e+20,2.2480958e+20,2.267882e+20,1.825714,0.013123658,0.013342301,0.012905015,,,,,,,,,,,,,,,,0.8681255,0.06765632,0.90886414,0.00875893,0.05084798,0.014288447,-0.50352484,0.017143978,0.8556575,0.08228496,0.8685521,0.014461995,-0.015779998,0.02083096,-0.3617513,0.027363723,0.732267,0.27375013,0.95293313,0.013516678,0.07091784,0.02866092,-0.59383273,0.03223086,0.93175817,0.13195783,0.8914297,0.018966435,0.14466426,0.026955856,-0.59627014,0.030093841,96704.47,96644.24,97251.46,95627.74,73280.63,151972.78,151911.28,151944.92,149963.6,124337.28,172032.2,171939.42,171953.88,169429.2,137519.45,14.844069,0.9404759,1.2911881,3.2743301,3.998881,5.339193,6.3385243,0.44078267,0.5121184,1.8359723,1.7599448,1.789706,7.313955,0.3758968,0.48233998,2.2617075,2.051635,2.1423752,289593.84,195832.23,247668.23,273970.44,0.14888215,0.11369774,0.105877556,0.98816174,0.9921079,0.9924064,52.92954,,,,,False,False,0.00387347768992186,0.83276230096817,0.220780998468399,False,,,,,,,,,,,,,,,,1,TFTFFFFFFFF,FFTFFFFFFF,TFTFFFFFFF,FFTFFFFFFF,90.62776165115201,0.5671573236851358,10.638589572738923,74.53422272967427,80.39537393073299,43.40954826832701,9.005087e-318,0.9179604169667499,1.9490915305397805e-29,5.345219038835183e-259,2.1761795534865225e-280,7.374783356007847e-146,11.21910827469117,4.698179377858491,,,43.88426719507206,249.92848304932863,6.680928953657917,1.2467056259690084,7.2972345535582335,2.0965233343439573,24.62870370465862,31.568421566925142,23.022512398085365,2.6404089888757336,7.71867727511176,20.17879320168743,20.38606104539482,15.32229806373133,51641.5681018519,59284.5994097222,-32768,,,,,,,Gal_XRB,2.83,1.455e-05,0.004566,0.9931,0.002234,5.349e-05,1.803e-05,7.764e-07,5524853,,,18.774098481885723,0.022626387866652248,16.125986099243164,0.006199516821652651,15.00998306274414,0.2376173585653305,13.770895957946777,0.001488430891185999,12.492973327636719,0.0014512216439470649,0.9997211370954372,999999,999999,999999,999999,999999,999999,0,0,0,0,0,0,,,3.4762802124023438,2.0,,,,,,,,,J183327.77-103524.5,7.956999778747559,0.023000000044703484,7.590000152587891,0.019999999552965164,6.822999954223633,0.020999999716877937,5.741000175476074,0.054999999701976776,0.9942996255423666,4155000844481174656,1.0774,0.19439999759197235,5.542181138609698,0.937,-0.605,11.717418670654297,12.689387321472168,10.701128959655762,0.9638662575566984,https://xmm-catalog.irap.omp.eu/source/3012270010100009,1895.642578125,Star,0.9990464444971119,0.00023720333747908508,0.0007163521654090588,9.562489041327697e-13,9.229016199112454e-13,9.89929039592103e-13,9.874267448572369e+21,9.312092796626147e+21,1.0603412634061509e+22,1.7788389760787762,1.7062939080424078,1.852018874124853,,,,1041,0.662,0,https://xmm-catalog.irap.omp.eu/source/3012270010100009,263.1,,,,,,,0.927304619534134,0.8819891126261838,1.105397261216124,1.1053972896368287,1.1054162245103543,ATO J278.3657-10.5901,4155000844481174656,"Gaia: XM=F23=SIMBAD; CXO: XM=F23, SIMBAD absent; XMM: XM=F23=SIMBAD",1.0764409040933146e-08
3012270010100011,5XMM J183328.2-102408,,999999,71,12,25,278.36789202873655,-10.402264645333936,0.0912218,0.104981855,0.08996894,135.3148,21.638381875237055,-0.789540433995254,1248.9059,0.017310549,0.017302554,0.017318545,1965.4551,0.014847001,0.01486041,0.014833591,-2147483648,-2147483648,-2147483648,-2147483648,-2147483648,-2147483648,-2147483648,-2147483648,-2147483648,29.165411,1,8.958055e-13,1.7344018e-14,4.588814e-16,1.547772e-16,3.4604462e-15,3.2881623e-16,5.6933015e-14,1.2048919e-15,2.2879084e-13,4.021113e-15,6.0351794e-13,1.680419e-14,8.811461e-13,2.4129097e-14,3.9805162e-16,1.8531747e-16,2.6823977e-15,3.8842043e-16,5.688204e-14,1.7748008e-15,2.2543999e-13,6.058862e-15,5.957436e-13,2.3284509e-14,9.233181e-13,3.8652536e-14,6.6690234e-16,5.3880825e-16,5.3548656e-15,1.0174621e-15,6.516503e-14,2.8227631e-15,2.6311435e-13,9.2928535e-15,5.8901685e-13,3.7394756e-14,9.030209e-13,3.2661892e-14,5.7377186e-16,3.300438e-16,5.471031e-15,7.7736936e-16,5.2796492e-14,2.0168248e-15,2.1549306e-13,6.5902374e-15,6.2868656e-13,3.1915314e-14,0.19189593,0.0024693052,0.1130753,0.0020814526,0.00033315326,0.0001551033,0.0021105374,0.00030561307,0.032805577,0.0010235809,0.043487374,0.0011687544,0.034338664,0.0013421191,0.041814428,0.001053925,0.00010175596,8.221136e-05,0.0009089349,0.000172704,0.013070802,0.0005661899,0.0191863,0.0006776349,0.008546635,0.0005425979,0.037006203,0.00080886687,8.734529e-05,5.0242565e-05,0.00093456154,0.00013279023,0.010601007,0.00040495826,0.015802106,0.0004832621,0.009581183,0.00048638936,10797.016,129.49294,5017.5425,92.68886,2351.7832,56.424053,3427.6897,70.66485,17417.996,7319.744,1.889652,119.39487,2482.3796,3466.327,1286.7222,4305.463,2.135299,46.784397,1498.7157,2223.5586,555.47345,5797.747,1.647155,74.385826,1749.8008,3182.7146,827.05707,0.0,,,,-0.12695312,17517.055,8.761183e-13,1.0071637e-14,1.0071637e-14,,1.169969e+22,2.7365847e+20,2.7061242e+20,2.7670384e+20,1.3760928,0.0135171795,0.013833185,0.013201174,,,,,,,,,,,,,,,,0.7907636,0.06500174,0.8653197,0.011626974,0.17038783,0.013315779,-0.2237463,0.015506052,0.72733593,0.114816256,0.87910813,0.016824907,0.14001018,0.020186624,-0.11755328,0.023388948,0.7986407,0.15029609,0.869964,0.023694038,0.18958618,0.026940977,-0.38364726,0.030978356,0.8290543,0.09262928,0.8379687,0.021908823,0.19698808,0.023517419,-0.24507941,0.027852725,44182.227,44219.64,44795.266,43893.383,32923.27,54624.14,54605.11,54625.266,53857.36,44883.547,92471.414,92418.37,92439.57,90605.33,69263.16,8.704771,0.4952219,0.88032204,1.8004587,2.1609235,3.3678448,2.5623195,0.15583214,0.22021602,0.64523554,0.672864,0.86817175,3.2260652,0.20892307,0.28235814,0.89957327,0.77644604,1.0587647,193907.9,90977.16,85060.84,172567.28,0.17882639,0.12811802,0.10895237,0.98787713,0.9920662,0.9928591,51.143913,,,,,False,False,3.55786505679134e-06,0.273206561803818,0.0445328578352928,True,,,,,,,,,,,,,,,,1,TFTFFFFFFFF,TFTFFFFFFF,FFTFFFFFFF,TFTFFFFFFF,10.345932788047623,0.4789543246257584,4.070266356458551,16.85130902382005,19.95058540189383,7.028627711682112,9.16563321090719e-21,0.9282737256291087,2.2279451313175702e-06,1.1375121681222483e-36,2.2036692103971839e-44,6.085404649059456e-13,2.5641303682554266,0.34732455966020875,,,5.935866581123606,3.4717921616870786,2.0915442998038802,0.2869419809938092,2.389787716147396,0.26462126897073773,3.133198433398556,0.5982838658388706,6.424944745178628,1.6352533537957026,4.932423651406558,8.46163570766271,10.792899092735121,5.871748211191093,51641.5681018519,59284.5994097222,-32768,,,,,,,Bkg_AGN,7.405,0.1544,0.004271,0.005843,0.0003068,0.7898,0.04534,8.158e-06,5524943,,,17.39860755880275,0.012672351382028789,,,,,,,,,0.999342931687903,999999,999999,999999,999999,999999,999999,0,0,0,0,0,0,,,0.055062830448150635,1.0,,,,,,,,,J183328.29-102408.6,7.2729997634887695,0.03200000151991844,6.956999778747559,0.020999999716877937,6.110000133514404,0.024000000208616257,4.270999908447266,0.03099999949336052,0.9933038655000314,4155023796790984064,0.4736,0.02800000086426735,16.9142851921977,0.014,-0.104,10.96163558959961,11.906381607055664,9.9917573928833,0.9890278859449084,https://xmm-catalog.irap.omp.eu/source/3012270010100011,2033.0860595703125,Star,0.9801027174910184,0.013944133838988742,0.0059531486699929605,8.542274433473661e-13,8.086195364710266e-13,9.010788859079461e-13,9.237460916693632e+21,8.122576987198518e+21,1.0333576563143404e+22,1.528769542576813,1.4153715459614848,1.6310643259051754,,,,800,0.297,0,https://xmm-catalog.irap.omp.eu/source/3012270010100011,9.9,,,,,,,0.6131255007708193,0.8823608720780192,0.4828433741393574,0.482843374312756,0.4827316475275114,SNR 021.5-00.9,4155023796790984064,"Gaia: XM=F23, SIMBAD absent; CXO: XM=F23, SIMBAD absent; XMM: XM=F23, SIMBAD absent",3.159458729825118e-09
3060482030100046,5XMM J184107.1-053453,,999999,5,3,3,280.27984448031367,-5.581500697427377,1.1027347,1.3328187,1.0540432,65.11752,26.790185241552713,-0.25686236695994497,276.12454,0.17590009,0.24776012,0.10404006,593.17523,0.21227491,0.19451515,0.23003465,-2147483648,-2147483648,-2147483648,-2147483648,-2147483648,-2147483648,-2147483648,-2147483648,-2147483648,33.88442,1,5.5539192e-15,1.5675415e-15,1.6821975e-16,1.3273717e-16,9.493344e-16,2.657616e-16,2.378883e-15,5.151685e-16,2.0574822e-15,1.1383848e-15,0.0,8.986765e-16,5.5539192e-15,1.5675415e-15,1.6821975e-16,1.3273717e-16,9.493344e-16,2.657616e-16,2.378883e-15,5.151685e-16,2.0574822e-15,1.1383848e-15,0.0,8.986765e-16,,,,,,,,,,,,,,,,,,,,,,,,,0.0026566004,0.00044186853,0.0026566004,0.00044186856,0.00014079321,0.0001110957,0.0007469458,0.00020910386,0.0013719732,0.00029711312,0.0003968883,0.00021959443,0.0,5.1799718e-05,,,,,,,,,,,,,,,,,,,,,,,,,120.1829,,120.1829,21.541798,,,,,25.536749,25.536749,0.5095,10.71483,20.776335,1.110455,0.0,,,,,,,,,,,,,0.0,,,,-1.4677124,36.24841,5.628671e-15,8.5855487e-16,8.236666e-16,8.934432e-16,6.762729e+21,1.0953759e+21,1.07654714e+21,1.114143e+21,3.525513,0.28747806,0.27353692,0.3014192,,,,,,,,,,,,,,,,0.68280494,0.22345467,0.2949747,0.16156769,-0.55125004,0.20680484,-1.0,0.2610292,0.68280494,0.22345467,0.2949747,0.16156769,-0.55125004,0.20680484,-1.0,0.2610292,,,,,,,,,,,,,,,,,44064.285,44072.258,44258.445,43880.766,43152.414,,,,,,,,,,,3.0313654,0.19206528,0.4431665,0.73573166,0.6792878,0.9811143,,,,,,,,,,,,,73955.945,73955.945,0.0,0.0,0.0014379009,,,0.9893796,0.0,0.0,16.79306,,,,,False,False,0.490557193756104,,,False,,,,,,,,,,,,,,,,1,TFFFFFFFFFF,TFFFFFFFFF,FFFFFFFFFF,FFFFFFFFFF,0.11060433523612309,0.2847500366614931,0.9796132318211175,1.3556028460435134,0.4082962429501984,,0.953938365207647,0.8364518588446876,0.4011513528887818,0.2543398096481614,0.7470413685358235,,3.821448866471923,27.727432646145267,,,6.4469655683822795,17.019912699818068,,,,,,,0.3856039212279502,0.664809910157651,1.3511513619683966,1.5097353183475426,0.8120761896030053,,55270.5610648148,59140.0934259259,-32768,,,,,,,Star,4.147,3.827e-05,0.9954,0.00383,6.485e-05,6.368e-05,0.0006129,4.456e-09,999999,,,,,,,,,,,,,,999999,999999,999999,999999,999999,999999,63,63,63,63,63,63,,,,,,,,,,,,,,,,,,,,,,,999999,,,,,,,,,,,,,,,,1.0567609591064835e-14,8.052848242309036e-15,1.3475313005998143e-14,3.825541679843317e+21,2.2496568520367197e+21,5.024474146289771e+21,2.4194872442342064,1.8908716393208307,2.7779138569840844,,,,197,0.91,0,https://xmm-catalog.irap.omp.eu/source/3060482030100046,,,,,,,,1.2788680840685733,1.1757601339939368,1.183079793211841,1.1830797933883066,1.3006192710088218,AX J1841.0-0536,4256502088596680960,"Gaia: XM=F23, SIMBAD differs; CXO: none; XMM: XM=F23, SIMBAD absent",1.010240736712218e-06
3030617040100001,5XMM J184501.6-043357,,999999,4,4,11,281.2567012169931,-4.566005980871384,0.022306537,0.025444193,0.024433527,45.017387,28.138193458471864,-0.6580938773714239,319.04025,0.0039181146,0.0039834864,0.0038527427,327.32587,0.003968278,0.003991452,0.0039451034,-2147483648,-2147483648,-2147483648,-2147483648,-2147483648,-2147483648,-2147483648,-2147483648,-2147483648,32.042133,1,6.7926172e-12,3.6283442e-14,8.6879635e-16,1.54878e-16,4.112222e-15,3.241407e-16,7.0509604e-14,1.2597207e-15,1.4827006e-12,9.3709e-15,5.268935e-12,3.4995115e-14,6.1324903e-12,4.263517e-14,6.648482e-16,1.6134135e-16,3.4741992e-15,3.5699564e-16,6.432951e-14,1.56304e-15,1.2888561e-12,1.1606964e-14,4.775166e-12,4.0993166e-14,7.327872e-12,7.93945e-14,8.699931e-15,1.0905428e-15,1.02829884e-14,1.1189474e-15,7.7768175e-14,2.5816268e-15,1.6033043e-12,1.845456e-14,5.6278164e-12,7.7160934e-14,1.2266986e-11,1.4026749e-13,1.3827208e-15,6.411863e-16,4.2012356e-15,1.0705397e-15,9.0855485e-14,3.7581823e-15,2.5370908e-12,3.1177396e-14,9.6334555e-12,1.3670135e-13,1.1335256,0.0050081653,0.56425166,0.0033920254,0.0005564513,0.00013503626,0.0027335347,0.00028088773,0.037100762,0.00090145203,0.24862035,0.0022389833,0.27524054,0.002362846,0.21724418,0.0018429168,0.0013274355,0.00016639504,0.0017454345,0.00018993013,0.0155987395,0.00051782274,0.116912946,0.0013457064,0.081659615,0.0011196051,0.35202974,0.0031905395,0.0002104916,9.760779e-05,0.00071765506,0.0001828696,0.018242871,0.0007546054,0.18604487,0.0022862386,0.14681385,0.0020833286,149362.92,412.51068,82022.234,298.8388,35940.12,201.28395,31400.564,200.86113,579135.06,303184.3,257.42343,674.77795,27793.555,132092.08,142389.03,158326.8,183.5999,259.45865,12198.373,87593.484,58114.707,117628.91,61.93885,101.18181,8393.959,64419.266,44672.387,0.0,,,,3212.3125,514372.03,1.7189816e-11,4.6453076e-14,4.5891967e-14,4.7014184e-14,3.9750477e+22,1.983968e+20,2.0100542e+20,1.9578581e+20,1.1954106,0.0042432346,0.004295621,0.004190848,,,,,,,,,,,,,,,,0.43364835,0.052557413,0.86492026,0.009678306,0.7711037,0.0038281146,-0.047462914,0.0044300254,0.6617303,0.07406759,0.86275464,0.013497245,0.74030083,0.0058556693,0.05081542,0.006204824,0.13602883,0.08146063,0.7987296,0.020593483,0.7645681,0.007298234,-0.1775338,0.008668711,0.546426,0.18556502,0.92430013,0.01880234,0.82140017,0.007018574,-0.11786077,0.00925544,56171.53,56174.785,56183.473,56144.586,55822.3,74282.91,74313.94,74369.766,74298.15,74307.59,42841.21,42805.37,42744.594,42694.254,41992.074,8.505824,0.32953915,0.68839127,1.5093195,2.6728902,3.305684,2.1965427,0.14896196,0.25275832,0.648963,0.47796103,0.6678986,1.3389486,0.08492808,0.16652381,0.419853,0.3100168,0.35762694,81765.164,70521.75,81053.516,50929.4,1.9469023,2.7022598,3.1914847,0.9913451,0.98834205,0.9866081,0.5008926,,,,,False,False,0.0,1.0574768781662,0.00717215007171035,True,,,,,,,,,,,,,,,,1,FFTFFFFFFFF,FFTFFFFFFF,FFTFFFFFFF,FFTFFFFFFF,17581.621522467973,50.26991536901422,93.01111410978096,3262.390264965232,11940.719753339443,11136.471667080092,0.0,2.201621887561622e-42,3.044149659872464e-79,0.0,0.0,0.0,13.530437641618466,0.36938350818596294,440.3696908530577,3512.2777930465304,18.019915955742505,10.307341934661512,22.496257074203427,1.9332695248984844,11.892565977344988,0.34963572158559464,13.825233451737542,0.48798980832034194,222.78248348729758,12.020819218725332,16.06471343161194,97.58608064605592,186.60934051441552,175.8125065682393,53828.6265162037,58753.7013078704,-32768,,,,,,,Gal_XRB,4.349,0.001658,1.142e-07,0.9841,0.009459,0.00465,1.592e-05,0.0001603,5636315,,,,,,,,,,,14.13977336883545,0.004530963022261858,0.6666532911945335,999999,999999,999999,999999,999999,999999,0,0,0,0,0,0,0.0,,0.0,,0.0,,0.0,,0.0,,0.0,,,,,,,,,,,,4258160560148155648,0.164,0.02370000071823597,6.919831013921033,-1.366,-5.595,12.755313873291016,14.262078285217285,11.576122283935547,0.9830277129944618,https://xmm-catalog.irap.omp.eu/source/3030617040100001,,Star,0.9999975355866407,2.36616397383283e-06,9.824938542404788e-08,,,,,,,,,,,,,999999,,3,https://xmm-catalog.irap.omp.eu/source/3030617040100001,,,,,,,,0.9364728221458598,0.8801413470586237,1.132101872019931,1.1321018724137633,1.132079665375682,IGR J18450-0435,4258160560148155648,Gaia: XM=F23=SIMBAD; CXO: XM=F23=SIMBAD; XMM: XM=F23=SIMBAD,5.585897550942176e-07
3065168030100001,5XMM J184612.8-022228,,999999,2,2,5,281.55331568138985,-2.374660949847402,0.054569975,0.061790515,0.05698542,45.093353,30.223064381919848,0.07887575936512879,327.04547,0.009286345,0.009540347,0.009032343,316.51294,0.009994069,0.010016188,0.009971949,-2147483648,-2147483648,-2147483648,-2147483648,-2147483648,-2147483648,-2147483648,-2147483648,-2147483648,26.30483,1,5.4695387e-13,1.622696e-14,1.1593057e-16,1.1360283e-16,1.2606512e-16,1.441833e-16,7.5397695e-16,2.4385687e-16,7.250214e-14,3.0580143e-15,4.790995e-13,1.5927192e-14,4.077937e-13,1.87771e-14,6.575862e-17,1.2030081e-16,0.0,1.7597059e-16,3.3988558e-16,2.5970996e-16,4.879442e-14,3.675154e-15,3.5859363e-13,1.841086e-14,5.857271e-13,3.2797607e-14,3.0208893e-16,3.8033923e-16,1.735314e-15,6.575273e-16,3.401473e-15,8.770982e-16,7.791243e-14,5.6514246e-15,5.023758e-13,3.228619e-14,1.1803423e-11,1.7716086e-13,1.5935246e-15,8.233072e-16,1.51922e-16,2.7220648e-16,4.661411e-15,1.2034697e-15,1.0710378e-12,2.5092875e-14,1.0725978e-11,1.7536852e-13,0.2889367,0.0035851111,0.03025902,0.0012970314,5.169393e-05,0.00010409741,0.0,0.00014088095,0.00019453003,0.00014996508,0.009359531,0.00070916535,0.020653266,0.0010612266,0.01408003,0.0006651699,5.2397325e-05,6.5969834e-05,0.00030300318,0.00011481085,0.00069413864,0.00017898944,0.005746042,0.00041679255,0.0072844485,0.00046814972,0.24459763,0.0032754054,0.0002762534,0.00014272853,2.6695734e-05,4.7832124e-05,0.00095213985,0.00024582073,0.07944959,0.0018613895,0.16389295,0.002679631,22016.617,159.94122,9709.5205,106.49686,5857.142,82.32796,6449.956,86.38126,77547.84,32490.088,0.2799691,0.0,6.8494167,6593.088,25915.09,21221.018,2.0138388,7.1856847,25.363997,6627.4907,14578.3545,23840.031,4.505477,0.07154432,20.395525,7315.803,16510.809,0.0,,,,163.08594,67848.42,9.074011e-12,6.7673874e-14,8.1356566e-14,5.3991188e-14,1e+23,2.0079612e+20,2.0079612e+20,,0.24806288,0.015612317,0.019317213,0.011907422,,,,,,,,,,,,,,,,-0.13540885,0.221831,0.8370363,0.085916996,0.9731627,0.0059142015,0.33605456,0.011609007,-1.0,5.45058,1.0,1.4484235,0.95927805,0.030901944,0.37629732,0.039292812,0.7051365,0.33053237,0.39225662,0.19390316,0.7844351,0.051518936,0.118062094,0.047779888,-0.82376105,0.29968274,0.94545406,0.09604908,0.97631544,0.006067226,0.34701437,0.012564593,25526.578,25523.36,25529.09,25533.95,24597.531,44811.066,44813.992,44817.695,44727.01,43174.234,26915.975,26915.615,26915.547,26870.428,26122.72,2.458102,0.16829857,0.2048088,0.35456768,0.54954875,1.1808782,0.9871787,0.08297011,0.090435944,0.24782875,0.23103502,0.33490884,0.6579763,0.054749236,0.05891064,0.17286938,0.15065096,0.22079612,52324.88,31835.648,50926.305,29136.127,0.42336476,0.49284658,0.48919526,0.9805274,0.988002,0.99020773,1.4025743,,,,,False,False,0.0,0.375725388526917,0.0126298852264881,True,,,,,,,,,,,,,,,,1,FFTFFFFFFFF,FFTFFFFFFF,FFTFFFFFFF,FFTFFFFFFF,14649.41997417891,1.1095182065963776,0.0006710496153920614,27.885316699600885,4756.480892484868,12630.47897983511,0.0,0.3297177812589956,0.999329175488032,7.754625541241398e-13,0.0,0.0,57.72362739960588,4.332167799633578,9.911870758508485,50.067869023657416,1.0663145082776018,2.6763777879252992,16.110414789377337,16.961417353594186,39.46129027578904,4.754119932885865,60.49801718287103,5.0803619084350204,121.03478828080343,1.0533367014380433,0.0259046253667576,5.280654949871358,68.96724506956087,112.38540376683758,55669.3541087963,58413.0866550926,-32768,,,,,,,Gal_XRB,3.396,1.264e-05,0.003778,0.996,4.952e-05,0.0001658,2.995e-05,6.133e-07,999999,,,,,,,,,,,,,,999999,999999,999999,999999,999999,999999,63,63,63,63,63,63,,,,,,,,,,,,,,,,,,,,,,,999999,,,,,,,,,,,,,,,,,,,,,,,,,,,,999999,,3,https://xmm-catalog.irap.omp.eu/source/3065168030100001,55.3,,,,,,,1.635628898514353,0.8808455829830442,3.448021443800704,3.448021631133383,3.447887623753611,IGR J18462-0223,4259088994647732864,"Gaia: XM=F23, SIMBAD differs; CXO: none; XMM: XM=F23, SIMBAD absent",2.981249223541704e-09
3040614020100002,5XMM J184817.3-031017,,999999,11,3,8,282.0721634238383,-3.17142625921423,0.021072159,0.024040602,0.023365464,45.016003,29.750480745155926,-0.7457936306975637,531.07574,0.0037442404,0.0038403063,0.0036481745,696.7608,0.0037057935,0.0037738504,0.0036377367,-2147483648,-2147483648,-2147483648,-2147483648,-2147483648,-2147483648,-2147483648,-2147483648,-2147483648,29.00798,1,3.2255936e-12,2.2363454e-14,6.7777544e-16,1.1919485e-16,7.704e-16,1.306266e-16,2.7997539e-14,7.1294853e-16,7.520308e-13,5.9903445e-15,2.4382647e-12,2.1498631e-14,3.234492e-12,2.7537175e-14,6.506951e-16,1.3694334e-16,5.838282e-16,1.3911316e-16,2.9328458e-14,9.362923e-16,7.6608365e-13,7.9844705e-15,2.4378455e-12,2.6336846e-14,3.5996278e-12,5.327925e-14,2.3317189e-15,5.177352e-16,4.257066e-15,6.500921e-16,2.987481e-14,1.5409134e-15,8.5899e-13,1.2891028e-14,2.7041741e-12,5.166657e-14,2.788739e-12,5.5175323e-14,3.2326187e-16,2.7387797e-16,1.0749478e-15,4.6797983e-16,2.2303592e-14,1.5704029e-15,6.1184933e-13,1.2737113e-14,2.153188e-12,5.3659314e-14,0.49755198,0.0028638612,0.30621353,0.0022345977,0.0005446058,0.000114616094,0.0004593619,0.00010945563,0.016914602,0.0005399878,0.14777753,0.0015402043,0.14051741,0.0015180558,0.10894577,0.001248837,0.00035577366,7.899603e-05,0.00072259444,0.000110346635,0.00599229,0.00030907642,0.06263755,0.00094001374,0.039237566,0.00074968196,0.08239267,0.0012840093,4.921015e-05,4.1692445e-05,0.0001836226,7.994032e-05,0.004478338,0.0003153212,0.044866912,0.00093401247,0.032814585,0.000817768,164330.75,436.37228,111123.28,360.23334,47258.984,231.6202,5948.48,83.694725,703670.6,428842.4,266.51654,716.8374,14074.918,178432.28,235371.66,253907.05,656.9384,1063.6926,7924.497,138663.2,105615.125,20931.615,14.176499,12.212665,550.60626,12379.939,7989.2466,0.0,,,,510.0625,590495.9,1.7569213e-11,3.811728e-14,3.811728e-14,,6.4238098e+22,3.149223e+20,3.2578867e+20,3.040521e+20,1.1487243,0.0048064976,0.006380644,0.0032323513,,,,,,,,,,,,,,,,0.21804203,0.091094196,0.9243753,0.01086584,0.807108,0.0046346844,-0.09554445,0.005841155,-0.08490695,0.15781029,0.94712067,0.01237643,0.79459125,0.0061896914,-0.025182988,0.0075008934,0.34016284,0.11915106,0.78477824,0.030957324,0.8253736,0.008561511,-0.22969285,0.011506776,0.57729185,0.31754565,0.9212251,0.03337202,0.81848955,0.012117586,-0.15515046,0.015845045,71282.74,71291.46,71317.61,71247.78,70839.53,84503.57,84459.07,84374.43,84428.73,83759.52,60416.94,60398.344,60371.156,60314.44,59488.67,10.645361,0.29910186,0.35419202,0.94847506,3.6790855,5.3645067,1.2257103,0.0902714,0.08197679,0.33966243,0.276316,0.4374836,0.8657771,0.054898333,0.057452023,0.24390844,0.2129153,0.296603,93616.72,82681.75,91406.96,64815.613,1.9944218,0.38235074,0.23820134,0.99165523,0.9886684,0.9864483,19.496168,,,,,False,False,0.0,0.671389043331146,0.0309446137398481,True,,,,,,,,,,,,,,,,1,FFTFFFFFFFF,FFTFFFFFFF,FFTFFFFFFF,FFTFFFFFFF,41205.187252952615,73.57297382533471,186.65101972310563,2298.7516134894922,23630.344503129745,29007.98391635636,0.0,1.403813631589325e-47,4.836459274636688e-121,0.0,0.0,0.0,45.3912851157126,1.1578667208470312,61.82827549931289,66.15510179438915,572.03522902277,2530.2266784936214,30.733453393124766,3.0170296281360645,32.18426270068713,0.8961371663253542,50.26924318876699,1.6707986669626231,285.1698540936848,11.959158387980398,18.92733337109575,67.71869116893056,216.58900048379348,239.3079288352593,54020.3690625,58580.5598958333,-32768,,,,,,,Gal_XRB,2.995,1.395e-05,0.004319,0.9929,0.002722,7.228e-05,1.655e-05,8.879e-07,999999,,,,,,,,,,,,,,999999,999999,999999,999999,999999,999999,63,63,63,63,63,63,,,,,,,,,,,,,,,,,,,,,,,999999,,,,,,,,,,,,,,,,,,,,,,,,,,,,999999,,3,https://xmm-catalog.irap.omp.eu/source/3040614020100002,364.7,,,,,,,1.7285668483920336,0.8801261375131523,3.857291960627702,3.8572920270620026,3.85718929221396,IGR J18483-0311,4258428501693172736,Gaia: XM=F23=SIMBAD; CXO: XM=F23=SIMBAD; XMM: XM=F23=SIMBAD,1.4746735634804148e-08
3084463010100001,5XMM J185530.3-023617,,999999,1,1,3,283.8765320484532,-2.604899061210094,0.11048211,0.122999914,0.117403515,135.42453,31.076081652599925,-2.0920279432200273,239.38881,0.019890025,0.020290166,0.019489886,233.3996,0.019164562,0.0191621,0.019167027,-2147483648,-2147483648,-2147483648,-2147483648,-2147483648,-2147483648,-2147483648,-2147483648,-2147483648,46.01454,1,1.0078714e-12,1.6524176e-14,1.3259229e-16,1.02013326e-16,5.4136533e-16,1.5462917e-16,1.0290242e-14,5.5539844e-16,8.65612e-14,2.5652526e-15,9.111897e-13,1.631092e-14,9.824537e-13,2.0610717e-14,9.945902e-17,1.1469442e-16,4.7674837e-16,1.7912844e-16,9.833834e-15,7.24299e-16,7.683649e-14,3.3150921e-15,8.9520714e-13,2.0328354e-14,1.0087862e-12,3.9032467e-14,1.8425039e-16,2.9433153e-16,8.796743e-16,4.914888e-16,1.13460936e-14,1.2771384e-15,1.0538679e-13,5.9862626e-15,8.909893e-13,3.8545285e-14,1.0987283e-12,3.9164645e-14,3.5794437e-16,3.423787e-16,6.354553e-16,3.9168495e-16,1.05984e-14,1.17642e-15,9.743508e-14,5.4993995e-15,9.897015e-13,3.8755278e-14,0.12013666,0.001771403,0.07255132,0.0014090607,8.324322e-05,9.599464e-05,0.0003751104,0.00014094004,0.005671467,0.00041772495,0.014821759,0.0006394813,0.05159974,0.0011717263,0.023066288,0.0007602333,2.8112925e-05,4.4909106e-05,0.00014931592,8.342531e-05,0.0022757994,0.00025616842,0.0076848045,0.00043651828,0.012928255,0.0005592921,0.024519056,0.00075793255,5.4489872e-05,5.212031e-05,0.00010854847,6.6907625e-05,0.0021280528,0.00023621337,0.0071449145,0.00040327097,0.015083051,0.00059063046,5798.7725,85.34822,3283.7295,63.785007,1179.6471,38.876682,1335.3955,41.28433,13154.006,7387.4434,0.22830132,6.129281,361.97568,1432.7935,5594.667,2707.037,0.074068055,2.4331293,158.22217,926.29504,1627.5712,3062.6113,0.57722825,1.8546857,153.70467,907.42786,2006.6232,0.0,,,,-4.3320312,13102.076,1.2709932e-12,1.9288092e-14,2.4080537e-14,1.4495644e-14,2.0128706e+22,1.2946622e+21,8.810709e+20,1.6993655e+21,0.0,0.0023938874,,0.0023938874,,,,,,,,,,,,,,,,0.5784391,0.2461664,0.8839484,0.031112205,0.49846596,0.023074664,0.46525434,0.01347156,0.636773,0.36053166,0.8759263,0.04455829,0.4465032,0.034171134,0.55370593,0.016903859,0.6831077,0.45131734,0.8768587,0.06586223,0.54303986,0.0444508,0.25437516,0.03339039,0.33156982,0.50640666,0.90293443,0.057841707,0.54102015,0.044038285,0.35712385,0.029967075,45500.266,45506.156,45522.438,45472.387,45169.07,51024.086,51025.977,51031.664,51024.246,51232.316,54837.207,54846.93,54869.875,54811.016,54237.56,2.4584596,0.18815182,0.24437308,0.45589048,0.45339093,1.1166533,0.9815716,0.10358081,0.091869324,0.28193066,0.16399735,0.34019345,0.9701384,0.066024445,0.07931996,0.3055139,0.18602897,0.33325112,56397.094,50298.375,54581.586,56397.094,0.021835122,0.01596897,0.016974732,0.982032,0.9887571,0.98785555,1.7365546,,,,,False,False,0.0,0.671517372131348,0.0220788717269897,True,,,,,,,,,,,,,,,,0,FFFFFFFFFFF,FFFFFFFFFF,FFFFFFFFFF,FFFFFFFFFF,,,,,,,,,,,,,,,,,,,,,,,,,,,,,,,58929.9935300926,58930.671875,-32768,,,,,,,Star,3.005,0.01981,0.4551,0.2532,0.2694,0.002315,0.0001221,1.035e-12,999999,,,,,,,,,,,,,,999999,999999,999999,999999,999999,999999,63,63,63,63,63,63,,,,,,,,,,,,,,,,,,,,,,,999999,,,,,,,,,,,,,,,,,,,,,,,,,,,,999999,,3,https://xmm-catalog.irap.omp.eu/source/3084463010100001,161.7,,,,,,,0.9531022705002374,0.8834608924501631,1.1638696647245397,1.163869665023566,1.164004448247388,XTE J1855-026,4255891924062617088,"Gaia: XM=F23=SIMBAD; CXO: none; XMM: XM only, F23+SIMBAD absent",2.795760837669449e-07
3055541010100001,5XMM J190937.9+094947,,999999,6,1,1,287.4082032135008,9.829948018070864,0.02142188,0.025090957,0.023516662,135.01804,43.743564549164596,0.4756601063965623,1423.008,0.0039465465,0.0040714983,0.0038215942,825.14044,0.003620197,0.0036311606,0.0036092333,-2147483648,-2147483648,-2147483648,-2147483648,-2147483648,-2147483648,-2147483648,-2147483648,-2147483648,385.81845,1,2.927543e-10,1.1197524e-12,2.4398945e-13,1.08824066e-14,3.2786423e-13,1.2427458e-14,4.7883737e-12,4.283466e-14,6.35386e-11,2.5416502e-13,2.2385546e-10,1.0895586e-12,,,,,,,,,,,,,2.927543e-10,1.1197524e-12,2.4398945e-13,1.08824066e-14,3.2786423e-13,1.2427458e-14,4.7883737e-12,4.283466e-14,6.35386e-11,2.5416502e-13,2.2385546e-10,1.0895586e-12,,,,,,,,,,,,,9.008608,0.026184723,,,,,,,,,,,,,9.008608,0.026184723,0.042319972,0.0018875535,0.057248373,0.0021699585,0.97716343,0.008741269,4.6859717,0.01874467,3.2459042,0.015798599,,,,,,,,,,,,,127403.18,,,,127403.18,370.3256,,,746516.5,,,,,,,746516.5,1878.5558,2762.426,70756.14,406454.72,264670.62,,,,,,,0.0,,,,1003.9375,746440.4,3.0705688e-10,8.5977823e-13,8.8266796e-13,8.368885e-13,3.7005957e+22,1.8892271e+20,1.9481421e+20,1.8303343e+20,1.1213582,0.004175809,0.0043877447,0.003963874,,,,,,,,,,,,,,,,0.14993116,0.028608432,0.8893122,0.004072222,0.6549037,0.0027981666,-0.18155447,0.003046222,,,,,,,,,0.14993116,0.028608432,0.8893122,0.004072222,0.6549037,0.0027981666,-0.18155447,0.003046222,,,,,,,,,,,,,,14084.243,14109.084,14151.449,14111.185,14186.039,,,,,,,,,,,,0.86910474,0.058637325,0.07182398,0.16738404,0.23333825,0.33792114,,,,,,,14996.654,0.0,14996.654,0.0,,2.0789096,,0.0,0.9685611,0.0,36.561554,,,,,False,False,0.0,0.40500745177269,0.00300353579223156,True,,,,,,,,,,,,,,,,0,FFFFFFFFFFF,FFFFFFFFFF,FFFFFFFFFF,FFFFFFFFFF,,,,,,,,,,,,,,,,,,,,,,,,,,,,,,,54939.4981712963,54939.7512037037,-32768,,,,,,,Gal_XRB,4.737,0.0007416,0.05859,0.8932,0.04272,0.00389,0.0008553,6.47e-06,5788433,,,,,,,,,,,16.58797264099121,0.006967990659177303,0.799302643973407,999999,999999,999999,999999,999999,999999,0,0,0,0,0,0,0.0,,0.0,,0.0,,0.0,,0.0,,0.0,,J190938.03+094947.5,8.390000343322754,0.02199999988079071,8.255000114440918,0.019999999552965164,8.248000144958496,0.050999999046325684,7.836999893188477,,0.9962796194036182,4309225217336729088,0.1199,0.030899999663233757,3.880258941965703,-3.288,-4.608,14.047812461853027,16.402503967285156,12.663872718811035,0.9950857265887159,https://xmm-catalog.irap.omp.eu/source/3055541010100001,4312.7158203125,Star,0.9908491247002482,0.0014668463668864773,0.007684028932865257,,,,,,,,,,,,,999999,,3,https://xmm-catalog.irap.omp.eu/source/3055541010100001,,,,,,,,1.3216068294143914,0.8801303587885705,2.2548130769843673,2.254813078302267,2.2546926644862424,4U 1907+097,4309225217336729088,Gaia: XM=F23=SIMBAD; CXO: none; XMM: XM=F23=SIMBAD,3.3305126347195695e-08
3088485020100001,5XMM J191048.0+073551,,999999,2,2,2,287.70025695697893,7.597554604661979,0.022512292,0.025587087,0.024502285,135.01875,41.89661577216589,-0.8111419868326674,286.56802,0.0040415507,0.0040902602,0.0039928406,290.50574,0.0039167684,0.003961106,0.0038724309,-2147483648,-2147483648,-2147483648,-2147483648,-2147483648,-2147483648,-2147483648,-2147483648,-2147483648,349.6285,1,1.03410454e-10,3.773559e-13,2.7396396e-14,2.3127e-15,2.508186e-14,1.9888977e-15,7.902224e-14,3.1763837e-15,9.197422e-12,5.2728784e-14,9.408153e-11,3.7362783e-13,,,,,,,,,,,,,1.03410454e-10,3.773559e-13,2.7396396e-14,2.3127e-15,2.508186e-14,1.9888977e-15,7.902224e-14,3.1763837e-15,9.197422e-12,5.2728784e-14,9.408153e-11,3.7362783e-13,,,,,,,,,,,,,2.0321267,0.0066107553,,,,,,,,,,,,,2.0321264,0.006610755,0.003976054,0.0003159514,0.0041104537,0.0003172211,0.015024033,0.000605387,0.65422606,0.0037626403,1.3547899,0.005383091,,,,,,,,,,,,,105367.914,,,,105367.914,340.6924,,,624563.25,,,,,,,624563.25,501.80972,557.3262,1887.5265,196185.48,425447.78,,,,,,,0.0,,,,389.9375,624083.8,1.5656876e-10,6.613654e-13,1.1218229e-12,2.0090784e-13,1e+23,9.586811e+19,9.586811e+19,,0.0,0.0013785071,,0.0013785071,,,,,,,,,,,,,,,,0.01662023,0.05537043,0.5703618,0.02936928,0.95510197,0.0017864604,0.34870997,0.0030701668,,,,,,,,,0.01662023,0.05537043,0.5703618,0.02936928,0.95510197,0.0017864604,0.34870997,0.0030701668,,,,,,,,,,,,,,51048.574,51106.984,51205.523,51105.53,51239.656,,,,,,,,,,,,0.85667384,0.058845118,0.05280424,0.22141126,0.17488495,0.3487283,,,,,,,53641.273,,53641.273,0.0,,0.5174073,,,0.9764454,0.0,1.7332822,,,,,False,False,0.0,0.390189111232758,0.00445872126147151,True,,,,,,,,,,,,,,,,0,FFFFFFFFFFF,FFFFFFFFFF,FFFFFFFFFF,FFFFFFFFFF,406.70676832483355,26.140877721316485,18.119503382545567,0.12152090180314026,599.8617825530994,288.2400551131137,2.341503244162773e-177,4.43773182036577e-12,1.3514490152276453e-08,0.885572543158372,3.0432521152819064e-261,6.590746397037615e-126,1.1593299362223222,0.008575194742482369,2.399672568200949,0.3752764070663149,1.9633982185037768,0.29815369625751514,1.0289286208237096,0.08440009714562843,1.3263840633621558,0.015639639316503362,1.1450742804707572,0.00920800495101811,20.166972215105407,5.112815048612308,4.256700997550282,0.3485984822157725,24.492075913509236,16.97763396687282,59490.6175694444,59495.4539351852,-32768,,,,,,,Gal_XRB,3.007,1.388e-05,0.004554,0.9938,0.001563,6.236e-05,1.273e-05,7.263e-07,999999,,,,,,,,,,,,,,999999,999999,999999,999999,999999,999999,63,63,63,63,63,63,,,,,,,,,,,,,,,,,,,,,,,999999,,,,,,,,,,,,,,,,,,,,,,,,,,,,999999,,3,https://xmm-catalog.irap.omp.eu/source/3088485020100001,,,,,,,,2.224538251480131,0.8801439664376303,6.388104503004757,6.388108297304746,6.38797578185577,4U 1909+07,4306419980916246656,"Gaia: XM=F23=SIMBAD; CXO: none; XMM: XM only, F23+SIMBAD absent",6.525214228917635e-10
3013715010100001,5XMM J191149.6+045857,,999999,17,8,15,287.9566723324176,4.98271708685583,0.0044490825,0.006021381,0.0053307815,45.000816,39.69415479626622,-2.244735917174706,1457.0951,0.0006552676,0.00069307705,0.00061745825,1127.9705,0.0008987605,0.00091780035,0.00087972067,-2147483648,-2147483648,-2147483648,-2147483648,-2147483648,-2147483648,-2147483648,-2147483648,-2147483648,32.996094,1,1.8831524e-10,1.9768551e-13,1.3534738e-13,1.7146873e-15,1.2137482e-12,5.088957e-15,1.3315662e-11,1.8385685e-14,4.4992926e-11,5.7633734e-14,1.2726208e-10,1.8785963e-13,2.0817982e-10,2.3325648e-13,1.3064392e-13,1.8296128e-15,1.3314478e-12,5.8622583e-15,1.5220604e-11,2.2754134e-14,5.137534e-11,7.1942005e-14,1.4012178e-10,2.2062972e-13,,,,,,,,,,,,,1.3767285e-10,3.7243564e-13,1.6929749e-13,4.915536e-15,8.538155e-13,1.02515195e-14,9.73262e-12,3.1206523e-14,3.3558142e-11,9.6295035e-14,9.3358966e-11,3.582352e-13,33.931488,0.025936512,27.92204,0.023455182,0.10934373,0.0015313127,1.0475965,0.0046124835,8.778179,0.013122992,9.910303,0.0138776135,8.076619,0.012717097,,,,,,,,,,,,,6.009443,0.011070551,0.025772158,0.000748292,0.14584877,0.0017511646,1.9542128,0.006265958,2.4608185,0.007061315,1.4227906,0.0054595047,1.9145605e+06,,1.580749e+06,1295.401,,,333811.47,609.39355,8.1687005e+06,6.658281e+06,17749.355,219960.17,2.0735674e+06,2.3707042e+06,1.9763245e+06,,,,,,,1.5104294e+06,4041.1025,27850.291,467174.7,650825.9,360561.5,0.0,,,,17863.5,8.0910995e+06,2.1501881e-10,1.0097998e-13,1.327666e-13,6.919336e-14,8.2121585e+21,5.380395e+18,5.080342e+18,5.6804476e+18,1.1103426,0.0003328454,0.00018554764,0.00048014315,,,,,,,,,,,,,,,,0.80102664,0.0023977216,0.8040994,0.00077566435,0.07074324,0.00091971114,-0.13172387,0.0009440819,0.8109777,0.0025126599,0.78676564,0.0008857855,0.060578693,0.0010204234,-0.101945445,0.0010426311,,,,,,,,,0.69966185,0.008019416,0.86110044,0.0016062878,0.11474567,0.0021231212,-0.2672843,0.0022245713,53920.336,53926.523,53940.258,53881.727,53501.965,,,,,,55900.16,55910.26,55933.832,55873.72,55313.004,91.751015,1.6712105,4.77616,23.988937,28.395737,32.918964,,,,,,,3.81641,0.16228841,0.3245232,1.3825868,1.0338176,0.91319394,78605.195,78404.1,0.0,57499.55,0.94496256,,13.92387,0.9851169,0.0,0.986883,17.291569,,,,,False,False,1.13291346789945e-11,0.0359754376113415,0.00307443388737738,True,,,,,,,,,,,,,,,,1,FFTFFFFFFFF,FFTFFFFFFF,FFFFFFFFFF,FFTFFFFFFF,9247.999016310549,26.736008828372373,62.937604788545606,469.02062420275263,2721.8840968368927,6832.622805168792,0.0,7.522336932557842e-42,1.2477483259483445e-103,0.0,0.0,0.0,2.041073049845672,0.008734843007323799,2.032498668775946,0.19975939793861472,1.3150303960813157,0.036826582865741024,1.305029588442778,0.013669479686141843,1.5933943825395296,0.008285139986275801,2.3782076831689256,0.014971889954059767,176.50192951681967,9.362390606247423,16.425877723518447,36.717088340854254,93.86319449419062,151.9283314283926,52731.6805439815,53110.7593287037,-32768,,,,,,,Gal_XRB,4.044,8.884e-05,4.978e-09,0.9996,0.0001193,0.0001892,1.64e-06,1.049e-05,999999,,,,,,,,,,,,,,999999,999999,999999,999999,999999,999999,63,63,63,63,63,63,,,,,,,,,,,,,,,,,,,,,,,999999,,,,,,,,,,,,,,,,,,,,,,,,,,,,999999,,3,https://xmm-catalog.irap.omp.eu/source/3013715010100001,,,,,,,,0.5960042866499656,0.8800056233727811,0.4586990828069121,0.45869908296707756,0.4586965130985207,SS 433,4293406612283985024,Gaia: XM=F23=SIMBAD; CXO: XM=F23=SIMBAD; XMM: XM=F23=SIMBAD,4.320596625196475e-07
3076169030100003,5XMM J191404.2+095258,,999999,6,1,3,288.5176418972619,9.882890969157481,0.07029651,0.1126111,0.073170476,45.173107,44.29638475146095,-0.4687897824869252,439.24283,0.012659382,0.0128013035,0.012517461,872.6094,0.01218975,0.012243679,0.012135821,-2147483648,-2147483648,-2147483648,-2147483648,-2147483648,-2147483648,-2147483648,-2147483648,-2147483648,26.31092,1,3.1986761e-12,3.2838732e-14,1.0492725e-16,9.400004e-17,1.6207059e-15,2.6436555e-16,8.216566e-15,6.0423164e-16,5.8189895e-13,7.657444e-15,2.6014312e-12,3.1869994e-14,3.1223388e-12,4.0850464e-14,5.2809695e-17,9.4910287e-17,1.4280009e-15,3.059843e-16,6.786156e-15,7.4692186e-16,5.898809e-13,1.053497e-14,2.524191e-12,3.9460287e-14,3.2848518e-12,7.822412e-14,3.8438927e-15,1.0793031e-15,2.1675181e-15,7.398999e-16,1.3031189e-14,1.6130353e-15,6.016599e-13,1.6476566e-14,2.6641493e-12,7.644097e-14,3.3909815e-12,7.793432e-14,2.0835048e-15,8.7639905e-16,2.2089427e-15,7.4515336e-16,9.485693e-15,1.3336785e-15,5.4871266e-13,1.5143675e-14,2.8284907e-12,7.642857e-14,0.43640447,0.003881995,0.26436394,0.003090787,4.41996e-05,7.943611e-05,0.0011235654,0.00024075151,0.0039137797,0.00043077226,0.11378802,0.0020321957,0.14549437,0.002274491,0.08609805,0.0016796839,0.00058650115,0.00016468008,0.00036791453,0.00012559061,0.002613796,0.00032354263,0.04387304,0.0012014712,0.038656805,0.0011091585,0.08594243,0.0016418232,0.0003171719,0.00013341423,0.0003773316,0.0001272871,0.0019046323,0.0002677893,0.0402371,0.0011104858,0.0431062,0.0011647714,15182.045,134.81322,8790.955,102.786095,3142.3367,61.30037,3248.7532,62.063553,43381.793,23091.5,0.031760506,29.453512,133.02235,9635.238,13303.564,9721.167,22.03899,13.846343,131.88107,4891.089,4669.539,10572.021,6.7379003,15.156237,104.12679,5107.697,5346.2363,0.0,,,,21.917969,43393.867,3.2571517e-12,2.907898e-14,2.907898e-14,,1e+23,5.4024456e+20,5.4024456e+20,,1.5353353,0.019100439,0.024758214,0.0134426635,,,,,,,,,,,,,,,,0.5213898,0.10296962,0.6619836,0.04976464,0.92048836,0.005632468,0.06567042,0.00891993,0.92430043,0.13182579,0.5539058,0.08349112,0.93349665,0.00716888,0.12228504,0.011690006,-0.2290266,0.20940834,0.7532191,0.07855134,0.8875468,0.01345475,-0.06320421,0.019752601,0.08662262,0.26757413,0.6692923,0.10087643,0.90960824,0.012366158,0.034425076,0.019289114,33399.06,33402.887,33412.03,33377.16,33150.836,36375.96,36413.297,36477.066,36408.35,36602.008,38001.457,38014.332,38040.75,37992.727,37609.105,2.6585686,0.19129987,0.15358202,0.36640033,0.79221654,1.1550698,0.60617554,0.03996805,0.032631315,0.12821357,0.19489422,0.21046835,0.56739694,0.030036625,0.031805217,0.13474023,0.16380928,0.2070056,39910.664,38296.336,39910.664,39876.0,0.12108255,0.019868784,0.01983287,0.9825128,0.9711526,0.97949564,29.188484,,,,,False,False,0.0,1.32952582836151,0.0210870355367661,True,,,,,,,,,,,,,,,,1,FFTFFFFFFFF,FFTFFFFFFF,FFTFFFFFFF,FFTFFFFFFF,,,,,,,,,,,,,,,,,,,,,,,,,,,,,,,57321.7395717593,57322.1833217593,-32768,,,,,,,Gal_XRB,4.516,0.0003305,1.587e-06,0.9943,0.004078,0.0006617,1.622e-05,0.0006347,999999,,,,,,,,,,,,,,999999,999999,999999,999999,999999,999999,63,63,63,63,63,63,,,,,,,,,,,,,,,,,,,,,,,999999,,,,,,,,,,,,,,,,,,,,,,,,,,,,999999,,3,https://xmm-catalog.irap.omp.eu/source/3076169030100003,,,,,,,,0.15956293391663148,0.8814027454763148,0.03277292275644855,0.03277292599018968,0.03264785149652717,IGR J19140+0951,4309253392325650176,Gaia: XM=F23=SIMBAD; CXO(2): XM=F23=SIMBAD; XMM: XM=F23=SIMBAD,2.270149443552175e-11
3084119010100001,5XMM J192955.9+181837,,999999,7,1,2,292.4831164045613,18.310450431392276,0.0065780696,0.015076762,0.009017826,135.0065,53.54002207861525,0.11479031583665768,801.0921,0.0013777128,0.0017626798,0.0009927459,819.55237,0.00089796714,0.0005354538,0.0012604805,-2147483648,-2147483648,-2147483648,-2147483648,-2147483648,-2147483648,-2147483648,-2147483648,-2147483648,45.74044,1,3.2017952e-10,4.959309e-13,4.2437587e-14,1.4138819e-15,8.399699e-14,2.0012955e-15,2.2183147e-12,1.0957067e-14,4.0716455e-11,8.078714e-14,2.7662062e-10,4.8849943e-13,3.1964886e-10,5.628744e-13,3.8508483e-14,1.5055869e-15,8.546537e-14,2.2977276e-15,2.4178864e-12,1.3954759e-14,4.1693454e-11,1.02181935e-13,2.7541355e-10,5.533391e-13,,,,,,,,,,,,,3.2202077e-10,1.0485044e-12,7.177508e-14,4.114059e-15,7.938208e-14,4.0734484e-15,1.8974702e-12,1.7693768e-14,3.9087563e-11,1.3193908e-13,2.808846e-10,1.0400034e-12,32.963898,0.042821985,25.411448,0.038411003,0.03223006,0.001260116,0.06724501,0.0018078751,1.3944676,0.008048128,8.042667,0.019710895,15.874838,0.031894468,,,,,,,,,,,,,7.5524516,0.018929267,0.01092632,0.0006262832,0.013560046,0.0006958265,0.38099307,0.0035527316,2.866291,0.009675093,4.280681,0.015849652,669047.94,,468172.88,701.8074,,,200875.05,485.2623,2.8349158e+06,1.8774541e+06,1988.5173,4511.3657,124487.66,780166.0,966307.4,,,,,,,957463.06,916.82947,1175.9818,49450.15,500769.25,405158.12,0.0,,,,6056.0,2.8338818e+06,3.412661e-10,1.764219e-13,4.8649483e-14,3.0419433e-13,3.4838766e+22,6.127698e+19,6.667394e+19,5.588002e+19,0.43550906,0.0013880695,0.001513773,0.001262366,,,,,,,,,,,,,,,,0.2957554,0.018237762,0.91560405,0.0019798782,0.7270876,0.0012519701,0.29420376,0.00121959,0.35199726,0.02078502,0.90799147,0.0024136056,0.7044723,0.0015792258,0.32746604,0.0014146146,,,,,,,,,0.107558884,0.03802125,0.93126374,0.0034617197,0.7653466,0.0020540436,0.1979006,0.0024070353,23626.094,23598.63,23586.486,23053.08,15592.329,,,,,,33501.703,33478.066,33490.254,32524.104,21975.926,26.103628,0.22611316,0.37286857,2.3346999,10.122296,13.04765,,,,,,,1.7417858,0.06835517,0.07521045,0.38139877,0.49719813,0.7196232,67378.984,50285.8,0.0,67378.984,11.638815,,15.104903,0.9778348,0.0,0.98394054,2.8731985,,,,,False,False,0.0,0.213541850447655,0.00306809530593455,True,,,,,,,,,,,,,,,,1,FFTFFFFFFFF,FFTFFFFFFF,FFFFFFFFFF,FFTFFFFFFF,,,,,,,,,,,,,,,,,,,,,,,,,,,,,,,58769.2735763889,58770.0653240741,-32768,,,,,,,Gal_XRB,3.042,5.72e-06,0.001851,0.998,2.129e-05,7.789e-05,1.831e-05,2.786e-07,999999,,,,,,,,,,,,,,999999,999999,999999,999999,999999,999999,63,63,63,63,63,63,,,,,,,,,,,,,,,,,,,,,,,999999,,,,,,,,,,,,,,,,,,,,,,,,,,,,999999,,3,https://xmm-catalog.irap.omp.eu/source/3084119010100001,,,,,,,,0.8582285536999472,0.8800122928119432,0.9511046119062793,0.9511048371675329,0.9510102465202499,IGR J19294+1816,4323316622779495680,"Gaia: XM=F23=SIMBAD; CXO: XM only, F23+SIMBAD absent; XMM: XM only, F23+SIMBAD absent",9.107998317992112e-10
3072796120100002,5XMM J194935.5+301230,,999999,2,2,4,297.3979404078032,30.208512591403352,1.096401,1.3009927,1.1135248,157.56454,66.09875231795277,2.083361246414224,339.092,0.19226497,0.22129032,0.16323963,335.23233,0.19535896,0.19851322,0.19220471,-2147483648,-2147483648,-2147483648,-2147483648,-2147483648,-2147483648,-2147483648,-2147483648,-2147483648,3.7108135,1,1.1004758e-14,4.866448e-15,0.0,9.98734e-17,3.3617454e-16,3.0188164e-16,5.62597e-16,3.673273e-16,2.1587353e-15,1.0964507e-15,7.1605455e-15,4.6928717e-15,3.168931e-14,1.1794025e-14,0.0,1.0550018e-16,5.383017e-16,4.834346e-16,2.5359927e-15,1.1133225e-15,1.18327665e-14,3.673426e-15,1.6782249e-14,1.1140944e-14,3.5881535e-15,5.5376215e-15,0.0,3.396381e-16,1.2241331e-16,4.6997655e-16,1.6010548e-16,4.069034e-16,6.7481077e-16,1.1899334e-15,2.630824e-15,5.3616703e-15,4.9398155e-14,2.0301564e-14,0.0,7.5814563e-16,3.8366956e-16,6.7934266e-16,2.0478506e-15,1.3306466e-15,8.593531e-15,4.4084545e-15,3.8373103e-14,1.9746193e-14,0.0070395926,0.0013574368,0.0052046133,0.0012325676,0.0,0.00010048681,0.0004371548,0.00039259723,0.001487867,0.00065318635,0.0023105843,0.0007173099,0.00096900703,0.0006432781,0.00014328324,0.00017370869,0.0,5.393761e-05,2.1698057e-05,8.152004e-05,3.317023e-05,8.294807e-05,5.0290033e-05,8.771946e-05,3.8124912e-05,7.7748555e-05,0.0016916961,0.00054151344,0.0,0.000115412506,6.5538436e-05,0.00011604532,0.00041118794,0.00026718053,0.00063016365,0.00032327196,0.0005848061,0.00030093198,93.9752,14.898817,44.750214,10.591864,28.43887,8.091975,20.786118,6.656357,22.234953,12.0738735,0.0,0.52376354,3.54544,9.718659,1.1138752,6.8724937,0.0,0.00864531,1.0743828,7.921306,2.1235933,5.8810577,0.0,0.07051504,1.7962931,3.00664,3.2595942,0.0,,,,-1.3642712,28.58753,3.0312453e-14,4.9456225e-15,4.7707776e-15,5.1204675e-15,2.2331063e+22,6.6484046e+21,7.1183473e+21,6.1639434e+21,1.7217431,0.23455027,0.24402669,0.22507386,,,,,,,,,,,,,,,,1.0,0.4539594,0.60757935,0.2738564,0.21452361,0.2127707,-0.25148582,0.2299212,1.0,0.45973098,0.5458183,0.35091212,0.21659283,0.25623026,-0.40906838,0.30511075,1.0,4.9716535,0.20908575,2.1579285,0.2051252,1.4603131,-0.1375913,1.316358,1.0,3.5219793,0.72504795,0.44729504,0.21028022,0.39563382,-0.03733221,0.3627989,8611.62,8612.295,8613.848,8606.316,8548.367,24614.074,24616.445,24619.408,24611.824,24597.463,12329.304,12333.555,12342.272,12327.207,12200.018,0.5677625,0.06387384,0.0930925,0.08990886,0.106193975,0.21469331,2.1968455,0.041212652,0.15118106,0.90283674,0.5881048,0.5135102,0.18522945,0.011830802,0.016157845,0.053140275,0.03301133,0.0710892,26590.379,12503.616,26590.379,12944.717,0.00013813736,0.0005502829,0.00039039145,0.98323596,0.9882159,0.9807489,1.7101265,,,,,False,False,0.0213555730879307,0.731992900371552,0.269062519073486,False,,,,,,,,,,,,,,,,0,FFFFFFFFFFF,FFFFFFFFFF,FFFFFFFFFF,FFFFFFFFFF,,,0.5780157969639476,7.6470245519010955,17.282759374902096,5.539663403332428,,,0.5610104221748899,0.00047746268300754484,3.1202757180426465e-08,0.003927848716746048,,,,,,,,,,,,,,,0.7602735014216578,2.7653253971099128,4.157253826133557,2.353648954991468,56600.9897222222,58785.7535069444,-32768,,,,,,,Star,5.401,0.005875,0.7896,0.1797,0.006756,0.008282,0.009733,4.036e-07,6032189,,,18.25128114533826,0.023093111196319994,,,,,,,,,0.9964388193511261,999999,999999,999999,999999,999999,999999,0,0,0,0,0,0,,,5.272392749786377,1.0,,,,,,,,,J194935.47+301231.7,10.822999954223633,0.024000000208616257,10.560999870300293,0.020999999716877937,9.96399974822998,0.052000001072883606,8.611000061035156,,0.9907207085772796,2031939548802102656,0.0277,0.013700000010430813,2.0218978086795594,-2.264,-4.089,13.834044456481934,14.456716537475586,13.047712326049805,0.9712906739415752,https://xmm-catalog.irap.omp.eu/source/3072796120100002,7673.37451171875,Star,0.9870948962774118,0.011151087634169447,0.0017540160884188412,5.1165238895441993e-14,4.0473467510087184e-14,6.191597801192669e-14,3.4012722636031483e+21,1.680310772949274e+21,5.890294434749437e+21,1.3024055150597007,1.1032748145435658,1.6416202479065691,,,,73,0.782,0,https://xmm-catalog.irap.omp.eu/source/3072796120100002,6269.7,,,,,,,1.111109849443668,1.1727947605124087,0.8975733732279353,0.8975733733063612,0.8914833201838357,KS 1947+300,2031939548802102656,"Gaia: XM=F23=SIMBAD; CXO: XM=F23=SIMBAD; XMM: XM only, F23+SIMBAD absent",2.881564693977083e-07
3020120020100001,5XMM J203030.6+475149,,999999,1,1,3,307.6275468378235,47.86386007155715,0.17012785,0.18641269,0.17885518,45.92865,85.2301422727239,5.047889336561822,375.68683,0.02961694,0.029680198,0.029553683,355.2871,0.030525476,0.03053026,0.03052069,-2147483648,-2147483648,-2147483648,-2147483648,-2147483648,-2147483648,-2147483648,-2147483648,-2147483648,58.479897,1,1.1193337e-12,3.515516e-14,5.0162524e-15,9.119136e-16,3.9207685e-14,2.3837345e-15,1.4625108e-13,4.6164113e-15,3.3804307e-13,1.19297755e-14,5.92391e-13,3.2566418e-14,1.0865796e-12,4.3964117e-14,4.2741723e-15,1.0029126e-15,3.9697646e-14,2.912863e-15,1.4009254e-13,6.0125478e-15,3.2525366e-13,1.5968326e-14,5.7726155e-13,4.040068e-14,1.1260963e-12,7.968478e-14,8.7567604e-15,3.16329e-15,3.849249e-14,5.970241e-15,1.620586e-13,1.0426052e-14,3.4631147e-13,2.5297178e-14,5.70477e-13,7.453432e-14,1.2376055e-12,8.6298176e-14,8.374329e-15,3.0374955e-15,3.795478e-14,5.7663106e-15,1.4872938e-13,9.969049e-15,3.6219045e-13,2.5465404e-14,6.803566e-13,8.1590625e-14,0.36007807,0.0073022163,0.21162216,0.0057352097,0.0035773113,0.0008393978,0.031234505,0.0022918698,0.08079557,0.0034676166,0.06274143,0.00308029,0.033273354,0.0023286953,0.07390619,0.0031946371,0.0013361066,0.0004826548,0.0065337154,0.0010133887,0.032505713,0.0020912576,0.025253031,0.0018446702,0.008277621,0.001081493,0.07454969,0.0031975037,0.0012748241,0.00046239793,0.0064834356,0.0009850012,0.02986337,0.0020016853,0.026559426,0.001867378,0.010368635,0.0012434411,2825.5156,57.19917,1557.9087,42.219032,630.282,27.244225,637.325,27.33222,9350.991,5065.8525,29.59989,470.4876,2238.0522,1695.9435,635.6716,2127.893,17.383274,101.99545,980.7186,840.59436,191.2964,2160.189,17.977243,112.94065,895.0545,929.70764,208.52974,0.0,,,,-4.1660156,9390.145,1.0961071e-12,2.2182194e-14,2.2081946e-14,2.2282442e-14,4.4356124e+21,1.9768929e+20,2.0030379e+20,1.9507349e+20,1.5895507,0.02143749,0.021510934,0.021364046,,,,,,,,,,,,,,,,0.761637,0.039112113,0.5499483,0.024011703,-0.11008338,0.023352157,-0.3880644,0.027659995,0.7944772,0.0453355,0.4423907,0.03418485,-0.1257804,0.032089025,-0.30691186,0.038718455,0.6604481,0.11082478,0.66527605,0.046798572,-0.12556855,0.04790224,-0.50626546,0.055660576,0.67136335,0.10799979,0.6432459,0.048673555,-0.058556918,0.048403468,-0.43844137,0.056145784,7370.2627,7371.021,7372.8306,7365.66,7317.827,8528.167,8528.647,8529.384,8528.209,8522.597,8560.703,8562.269,8565.908,8556.897,8470.309,0.39352372,0.0689359,0.15561734,0.04959009,0.042439107,0.076941274,0.11474878,0.0124033885,0.036523964,0.025259405,0.013608438,0.026953585,0.11493418,0.011201609,0.03570595,0.025511544,0.013821744,0.028693333,8785.603,8016.672,8658.0,8785.603,0.06369003,0.051165823,0.051611327,0.98354435,0.98870856,0.9837942,1.7087216,,,,,False,False,0.00123787031043321,0.194108501076698,0.0408232882618904,False,,,,,,,,,,,,,,,,1,FFTFFFFFFFF,FFTFFFFFFF,FFTFFFFFFF,FFTFFFFFFF,,,,,,,,,,,,,,,,,,,,,,,,,,,,,,,52982.855787037,52982.9863194444,-32768,,,,,,,Bkg_AGN,2.527,0.3303,0.0006969,0.02841,0.1695,0.3664,0.1047,7.652e-11,999999,,,,,,,,,,,,,,999999,999999,999999,999999,999999,999999,63,63,63,63,63,63,,,,,,,,,,,,,,,,,,,,,,,999999,,,,,,,,,,,,,,,,1.1266369840484255e-12,1.0774001556364969e-12,1.1783097426531338e-12,3.2675690718524625e+21,2.983236573815248e+21,3.559795377123148e+21,1.4576609007993373,1.3973171180842954,1.5219034082507679,0.9191987901554683,0.8752675806292776,0.9720242484338023,1655,0.422,0,https://xmm-catalog.irap.omp.eu/source/3020120020100001,,,,,,,,2.4292668627449117,0.8881845209814185,7.48073123265525,7.480731234375651,7.4772035410066255,RX J2030.5+4751,2083644392294059520,Gaia: XM=F23=SIMBAD; CXO: none; XMM: XM=F23=SIMBAD,1.7073893742658412e-07
3074524020100001,5XMM J203215.1+373815,,999999,1,1,2,308.0630066616633,37.6375907685027,0.010155274,0.012156938,0.011694078,45.004047,77.15167415679134,-1.2413102399568114,321.20395,0.0016901414,0.0018103439,0.001569939,335.0074,0.001894471,0.0019648857,0.0018240564,-2147483648,-2147483648,-2147483648,-2147483648,-2147483648,-2147483648,-2147483648,-2147483648,-2147483648,46.880943,1,2.6329378e-10,5.009204e-13,1.156315e-13,3.583017e-15,1.7721386e-13,4.357729e-15,3.9197573e-12,1.8279411e-14,5.3756305e-11,1.2351647e-13,2.0537709e-10,4.8507384e-13,,,,,,,,,,,,,3.6344702e-10,8.589197e-13,1.6295499e-13,6.059138e-15,2.8925327e-13,7.925846e-15,5.0879813e-12,2.967648e-14,7.3218646e-11,2.1193942e-13,2.846882e-10,8.3177193e-13,2.1167207e-10,6.166465e-13,9.018498e-14,4.443107e-15,1.2867077e-13,5.2170373e-15,3.2055645e-12,2.3203688e-14,4.3746066e-11,1.519975e-13,1.6450158e-10,5.9713004e-13,17.096611,0.025763283,,,,,,,,,,,,,10.644929,0.020723652,0.028264543,0.0010509575,0.050506514,0.001383932,1.0383043,0.006056079,5.399875,0.015630532,4.127979,0.012060693,6.45168,0.01530611,0.015634468,0.00077025703,0.022610027,0.0009167378,0.6547686,0.0047395853,3.245083,0.011275175,2.5135841,0.009124147,521569.8,785.1287,,,317192.06,617.384,204377.77,485.0403,3.214302e+06,,,,,,,2.2466655e+06,3107.6929,6367.4546,186912.48,1.1829688e+06,867315.6,967638.0,1253.729,1937.1951,85178.37,517597.78,361677.6,0.0,,,,40702.25,3.1982935e+06,3.0822317e-10,3.7921595e-13,4.0820366e-13,3.502282e-13,3.5916817e+22,8.822917e+19,1.299728e+20,4.643415e+19,0.96812415,0.0016827789,0.0013862276,0.0019793303,,,,,,,,,,,,,,,,0.2501751,0.01750025,0.9193276,0.0018126174,0.67240244,0.0013854835,-0.13090351,0.001564035,,,,,,,,,0.28236222,0.021253021,0.9072263,0.0024784901,0.67745405,0.001761524,-0.13349247,0.0020197507,0.18239377,0.03084144,0.9332426,0.0026577434,0.6642084,0.002243488,-0.12702574,0.0024718735,,,,,,29704.254,29749.758,29826.525,29748.064,29856.031,31815.29,31819.264,31829.242,31798.928,31480.934,,,,,,,0.5293685,0.042174436,0.05344376,0.10915205,0.12510774,0.19949053,1.2304065,0.048547488,0.059027072,0.20908372,0.38552618,0.528222,32562.904,,31401.408,32562.904,,2.4565222,12.90336,,0.96529186,0.9873732,1.7046407,,,,,False,False,0.0,0.330969572067261,0.00188706337939948,True,,,,,,,,,,,,,,,,1,FFTFFFFFFFF,FFFFFFFFFF,FFTFFFFFFF,FFTFFFFFFF,,,,,,,,,,,,,,,,,,,,,,,,,,,,,,,56806.9720138889,56807.3496527778,-32768,,,,,,,Gal_XRB,2.425,5.826e-06,0.0008527,0.9978,0.001295,2.087e-05,5.115e-06,1.701e-07,999999,,,,,,,,,,,,,,999999,999999,999999,999999,999999,999999,63,63,63,63,63,63,,,,,,,,,,,,,,,,,,,,,,,999999,,,,,,,,,,,,,,,,,,,,,,,,,,,,999999,,3,https://xmm-catalog.irap.omp.eu/source/3074524020100001,,,,,,,,1.8577039109258289,0.8800292976889802,4.456138973067892,4.456138994245887,4.4560878211557675,EXO 2030+375,2063791369815322752,Gaia: XM=F23=SIMBAD; CXO: none; XMM: XM=F23=SIMBAD,4.398484066772881e-08
3072796130100002,5XMM J213420.2+473801,,999999,2,1,3,323.5842628303614,47.63383999744281,0.06908091,0.076498024,0.07317166,135.16722,92.17161543125465,-3.1170656397904386,573.0416,0.012461579,0.012571295,0.012351864,524.22864,0.011956997,0.012092794,0.011821199,-2147483648,-2147483648,-2147483648,-2147483648,-2147483648,-2147483648,-2147483648,-2147483648,-2147483648,45.150692,1,4.83945e-12,5.4752183e-14,3.2448674e-15,4.8721955e-16,2.6912719e-14,1.3519739e-15,2.1048328e-13,3.7207887e-15,1.1206005e-12,1.4490786e-14,3.4791274e-12,5.2580854e-14,4.827597e-12,7.6797184e-14,2.563761e-15,5.5926716e-16,2.4991922e-14,1.7422478e-15,2.07929e-13,5.5671312e-15,1.1034671e-12,2.2259926e-14,3.4886454e-12,7.326638e-14,4.93021e-12,1.1480407e-13,6.1389225e-15,1.5323206e-15,3.4753064e-14,3.4207417e-15,2.2304821e-13,7.43712e-15,1.1124529e-12,2.7521945e-14,3.553817e-12,1.1114475e-13,4.78413e-12,1.06509284e-13,4.8477796e-15,1.3023612e-15,2.6631024e-14,2.750393e-15,2.0386957e-13,6.7593826e-15,1.1524375e-12,2.6500493e-14,3.3963442e-12,1.0289316e-13,0.9324088,0.008229151,0.56163824,0.007052942,0.002441931,0.0005326908,0.02029594,0.0014148795,0.12199194,0.0032662358,0.21547402,0.0043466957,0.20143439,0.0042304005,0.18622422,0.0030737442,0.0010647961,0.000265781,0.0060682325,0.0005972957,0.04551745,0.0015176932,0.0820434,0.0020297435,0.051530346,0.0016115989,0.18454637,0.0029201093,0.0008404111,0.00022577734,0.0046796035,0.00048329908,0.041642398,0.0013806715,0.08548781,0.0019658066,0.05189614,0.0015722074,15710.023,132.73991,7024.7373,88.21523,4161.688,68.6687,4523.5977,71.572105,60008.207,25032.512,33.608044,527.98816,5412.012,10271.513,8792.513,16515.334,35.531853,304.87875,3783.6118,8117.8677,4278.4287,18462.771,28.055258,273.69586,3840.2754,9680.9795,4645.056,0.0,,,,-5.09375,60027.855,5.460323e-12,4.4025872e-14,4.4025872e-14,,7.7215904e+21,1.9142872e+20,1.9657792e+20,1.862763e+20,0.8024531,0.00958566,0.009368836,0.009802483,,,,,,,,,,,,,,,,0.74774617,0.033055175,0.7564023,0.011379625,0.3008391,0.009953268,-0.14674346,0.009687418,0.7852102,0.04390666,0.7147201,0.018265115,0.27701187,0.015475325,-0.033675548,0.014543677,0.70144635,0.06814811,0.7647319,0.021573862,0.28634137,0.01905738,-0.22843607,0.018898029,0.69550407,0.07429672,0.79795325,0.019701846,0.3448859,0.017774917,-0.24450943,0.017880043,12542.706,12544.246,12548.264,12534.715,12449.807,22444.396,22431.035,22407.033,22427.035,22340.158,24588.55,24592.756,24602.635,24576.771,24324.002,1.0394197,0.07757328,0.16343983,0.18785357,0.26114273,0.34941024,0.24083363,0.021942755,0.04580107,0.059511267,0.04153461,0.07204392,0.34397247,0.02915,0.06254705,0.09062705,0.0565689,0.105079465,25199.643,14323.934,23875.842,25199.643,0.25723854,0.3867734,0.36909273,0.9817001,0.98869157,0.985631,11.001395,,,,,False,False,0.0,0.444586962461472,0.0140011599287391,True,,,,,,,,,,,,,,,,1,FFTFFFFFFFF,FFTFFFFFFF,FFTFFFFFFF,FFTFFFFFFF,,,,,,,,,,,,,,,,,,,,,,,,,,,,,,,56620.7899189815,56621.1212615741,-32768,,,,,,,CV,2.653,0.03163,0.1819,0.1198,0.6574,0.008943,0.0004013,1.483e-12,999999,,,,,,,,,,,,,,999999,999999,999999,999999,999999,999999,63,63,63,63,63,63,,,,,,,,,,,,,,,,,,,,,,,999999,,,,,,,,,,,,,,,,,,,,,,,,,,,,999999,,3,https://xmm-catalog.irap.omp.eu/source/3072796130100002,,,,,,,,2.2157289966880396,0.8813546880638562,6.32021488714079,6.3202148879675155,6.318934783074213,IGR J21347+4737,1978365123143522176,"Ambiguous with LMXB: V* V1727 Cyg; Gaia: XM=F23=SIMBAD; CXO: none; XMM: XM=F23, SIMBAD absent",1.17830891973551e-06
3065064010100001,5XMM J220756.2+543106,,999999,1,1,3,331.98431169499037,54.51851447219329,0.0022616498,0.0040106825,0.0033822719,135.00046,100.60329891777386,-1.105862236867331,320.77786,0.00042943552,0.00046635786,0.00039251318,287.77792,0.00036779937,0.00030672763,0.00042887108,-2147483648,-2147483648,-2147483648,-2147483648,-2147483648,-2147483648,-2147483648,-2147483648,-2147483648,30.95382,1,2.7759187e-10,2.882916e-13,4.1299887e-13,3.456288e-15,2.3688384e-12,8.166203e-15,1.3584552e-11,1.9503945e-14,6.6112955e-11,8.286392e-14,1.953859e-10,2.752124e-13,2.5470745e-10,3.5536762e-13,3.8663568e-13,3.9508852e-15,2.3067143e-12,9.748523e-15,1.2427806e-11,2.3773764e-14,5.910129e-11,1.03897224e-13,1.8048499e-10,3.3884462e-13,3.1905564e-10,7.12917e-13,5.832434e-13,1.1138647e-14,2.6594805e-12,2.2235467e-14,1.583785e-11,5.0248647e-14,7.826454e-11,2.1056324e-13,2.2171052e-10,6.7880066e-13,3.2401995e-10,6.826469e-13,4.4033557e-13,9.289991e-15,2.3957158e-12,2.0201878e-14,1.6075193e-11,4.6452713e-14,7.844677e-11,1.8124127e-13,2.2666194e-10,6.5612966e-13,56.6619,0.04324238,31.109827,0.032262865,0.3235986,0.003306733,1.8149458,0.007670236,7.1674886,0.013711043,11.40064,0.020041775,10.403154,0.019531004,12.641238,0.021248091,0.08899128,0.0016995347,0.45142022,0.0037742483,3.1767561,0.0100788735,5.7070503,0.015354272,3.2170198,0.009849397,12.910836,0.019430123,0.067032285,0.0014142154,0.40923616,0.003450885,3.227738,0.00932724,5.7525015,0.013290422,3.454328,0.009999416,1.9186141e+06,1463.7661,988434.56,1024.791,445186.72,748.10565,484992.88,729.8989,1.2026335e+07,5.620218e+06,54399.42,323871.62,1.3179925e+06,2.1124775e+06,1.8114805e+06,3.0546142e+06,14449.844,94478.61,770319.5,1.4443999e+06,730970.75,3.3515052e+06,11746.565,91975.78,843702.94,1.5840985e+06,819986.06,0.0,,,,22541.0,1.2009064e+07,3.145923e-10,7.115632e-15,2.6784683e-15,1.1552796e-14,5.577272e+21,3.288743e+18,3.1813676e+18,3.3961182e+18,0.82943124,0.00016132438,0.00013943616,0.0001832126,,,,,,,,,,,,,,,,0.696769,0.0023095119,0.69083554,0.000987326,0.25449592,0.00088468497,-0.15512936,0.00090460706,0.6973656,0.0028401592,0.59589,0.0014958602,0.2279794,0.0012315001,-0.045748238,0.0012832973,0.6706536,0.0057354597,0.7511587,0.0019484094,0.28482094,0.0019111905,-0.2790241,0.0018792317,0.7185105,0.0054953936,0.7749579,0.0017802846,0.28114656,0.0017036619,-0.24961612,0.0017364648,31858.082,31861.93,31870.82,31837.13,31615.436,35105.402,35154.227,35237.906,35152.605,35322.566,37663.137,37676.266,37703.062,37655.52,37269.387,7.6958485,0.24634759,0.6757462,1.5378737,2.182366,3.053515,0.9333795,0.05492882,0.070291504,0.20569132,0.21682632,0.38564152,0.9065447,0.050179895,0.07119512,0.20405978,0.21699826,0.36411163,39587.18,35098.863,37769.875,39587.18,9.362846,2.917209,2.9794238,0.98136646,0.9690116,0.979569,1.7124854,,,,,False,False,0.0,0.372173756361008,0.00160829606465995,True,,,,,,,,,,,,,,,,1,FFTFFFFFFFF,FFTFFFFFFF,FFTFFFFFFF,FFTFFFFFFF,,,,,,,,,,,,,,,,,,,,,,,,,,,,,,,55598.1532407407,55598.9911111111,-32768,,,,,,,Gal_XRB,4.145,1.78e-05,4.482e-08,0.9988,0.0005303,0.0005674,4.275e-06,4.982e-05,999999,,,,,,,,,,,,,,999999,999999,999999,999999,999999,999999,63,63,63,63,63,63,,,,,,,,,,,,,,,,,,,,,,,999999,,,,,,,,,,,,,,,,,,,,,,,,,,,,999999,,3,https://xmm-catalog.irap.omp.eu/source/3065064010100001,,,,,,,,0.30054933918407717,0.8800014531408161,0.11664463707038007,0.11664463708439897,0.11664417134210073,4U 2206+543,2005653524280214400,Gaia: XM=F23=SIMBAD; CXO: none; XMM: XM=F23=SIMBAD,6.528114786082387e-07
3069163020100016,5XMM J224257.2+444316,,999999,2,2,6,340.7383384423196,44.72121119217284,1.4641805,1.6449363,1.5263882,172.5108,100.17492650757862,-12.398805562549327,292.51447,0.2734471,0.2664816,0.28041258,296.5762,0.2433428,0.19826028,0.28842533,-2147483648,-2147483648,-2147483648,-2147483648,-2147483648,-2147483648,-2147483648,-2147483648,-2147483648,65.80497,1,7.10797e-15,2.9862708e-15,6.2781193e-16,2.7357767e-16,1.7416859e-15,4.1952483e-16,7.584421e-16,3.253741e-16,2.4804396e-15,1.1843727e-15,3.8534078e-16,2.6447177e-15,5.14581e-15,3.8443395e-15,1.1123153e-15,3.8788757e-16,1.8273868e-15,5.316019e-16,3.4768558e-16,3.600216e-16,1.5186373e-15,1.579459e-15,3.3978467e-16,3.4236796e-15,1.27772735e-14,6.6443373e-15,0.0,4.545393e-16,3.8011823e-15,1.4685731e-15,2.779994e-15,1.0753662e-15,6.1960973e-15,3.0228586e-15,0.0,5.6115793e-15,7.3072906e-15,6.7697787e-15,5.309697e-16,7.304069e-16,9.925658e-16,7.7162007e-16,2.3995414e-15,1.0746908e-15,2.37634e-15,2.2216588e-15,1.007874e-15,6.2137177e-15,0.005458265,0.0008577468,0.0028818208,0.0006747067,0.00093096343,0.0003246464,0.0014378063,0.0004182697,0.0002005207,0.00020763525,0.00029294513,0.00030467764,1.9585188e-05,0.0001973409,0.0016546433,0.00041072047,0.0,6.9353606e-05,0.0006452127,0.00024927562,0.0005576112,0.00021569696,0.00045181942,0.00022042684,0.0,8.142401e-05,0.0009218005,0.0003343789,8.0829515e-05,0.000111189845,0.00016955008,0.00013180813,0.0004818039,0.00021578716,0.000174257,0.00016291424,1.536e-05,9.4697054e-05,154.42284,26.093128,67.6904,19.408041,57.01474,13.703299,29.717695,10.788834,36.339542,21.0737,6.8833036,15.710245,3.2765598,0.32189888,0.0026797338,13.384963,0.0,6.931496,7.868451,3.4836655,0.0,5.240479,0.17571068,3.7424533,3.6375735,0.9537374,0.0072174678,0.0,,,,4.890915,54.25219,8.110756e-15,1.1223065e-15,1.0959811e-15,1.1486317e-15,1.3032176e+21,4.0798426e+20,4.4136244e+20,3.7331347e+20,2.5612216,0.18993928,0.18507418,0.19480437,,,,,,,,,,,,,,,,0.59816456,0.14901479,-0.2735299,0.15687653,-0.19285004,0.23150979,-0.9710935,0.32335395,0.21396878,0.21666925,-0.7552128,0.23106086,0.18729651,0.7080705,-0.8746669,1.1900096,1.0,0.21497904,-0.0728299,0.2719069,-0.104803436,0.30788627,-1.0,0.3604273,0.35434422,0.69084245,0.47939187,0.34549832,-0.46877798,0.40442166,-0.8379892,0.9284084,21011.797,21014.77,21023.64,20999.65,20847.78,26288.55,26285.973,26281.324,26282.79,26272.191,26382.9,26386.863,26396.395,26369.86,26100.229,13.063712,0.5784414,1.0013345,1.7026744,3.2572083,6.5240536,2.624423,0.14973405,0.2280383,0.3618658,0.66027516,1.2245097,2.1175942,0.14177328,0.21907146,0.38432947,0.54688334,0.8255366,27212.023,24356.324,27197.383,27040.459,0.0018190073,0.0058697923,0.0024482193,0.98225325,0.9885952,0.9866124,1.7308277,,,,,False,False,,,,False,,,,,,,,,,,,,,,,0,FFFFFFFFFFF,FFFFFFFFFF,FFFFFFFFFF,FFFFFFFFFF,1.7546884755931376,0.8665915295782809,4.058849846071489,5.1492303920734726,0.1285657365631767,0.09493877091972447,0.17296112136775202,0.42038197192804505,0.017268869556377006,0.0058038697128110165,0.8793557547921064,0.9094286162508938,2.661928928794668,1.6614660049978076,2.3047374355276187,1.866526360636354,3.0260919172636758,2.3280411874167855,7.116470535730897,10.957490918365892,1.6937910949712474,3.0758454326308358,,,1.3246465474205327,0.9309089802866234,2.0146587418397908,2.269191572360842,0.3585606455861779,0.3081213574546959,56082.618599537,56447.3644560185,-32768,,,,,,,Star,4.004,4.976e-06,0.9999,3.203e-05,3.217e-05,1.185e-05,3.193e-05,3.349e-07,6484831,,,,,,,,,,,,,0.9923752914037747,999999,999999,999999,999999,999999,999999,0,0,0,0,0,0,,,,,,,,,,,,,J224257.30+444318.2,7.386000156402588,0.02800000086426735,7.026000022888184,0.01899999938905239,6.4670000076293945,0.01600000075995922,5.900000095367432,0.04699999839067459,0.9940152174835664,1982359580155628160,0.486,0.01850000023841858,26.27026993171241,-3.478,-3.159,8.70506763458252,8.769057273864746,8.494836807250977,0.989380669162466,https://xmm-catalog.irap.omp.eu/source/3069163020100016,,Star,0.9474731450237247,0.051060560207699904,0.0014662947685754222,,,,,,,,,,,,,999999,,999999,,,,,,,,,2.1162559867102826,1.358790721064714,2.425667416094306,2.425667416282049,2.4770432028003926,MWC 656,1982359580155628160,"Gaia: XM=F23=SIMBAD; CXO: XM only, F23+SIMBAD absent; XMM: XM only, F23+SIMBAD absent",4.570583680333474e-07
3074398030100001,5XMM J225355.1+624337,,999999,2,1,3,343.4798002705716,62.727102904298626,0.08634524,0.095038146,0.09230998,135.25592,109.92401105805459,2.8617312751591935,504.09048,0.015397061,0.015561259,0.015232862,278.53583,0.015129418,0.015248279,0.015010557,-2147483648,-2147483648,-2147483648,-2147483648,-2147483648,-2147483648,-2147483648,-2147483648,-2147483648,69.995735,1,4.0065035e-12,6.085709e-14,3.6767816e-15,7.2786367e-16,7.629882e-15,9.827045e-16,1.3737344e-13,3.6059095e-15,1.0642763e-12,1.6631792e-14,2.7936616e-12,5.8332205e-14,3.8689633e-12,1.02942963e-13,2.6732383e-15,1.0261393e-15,6.27616e-15,1.4384976e-15,1.4167863e-13,6.9056385e-15,1.0070957e-12,3.166767e-14,2.7112397e-12,9.7691366e-14,4.0267937e-12,1.1096041e-13,7.921806e-15,2.0345503e-15,1.0956731e-14,2.2926717e-15,1.4229208e-13,6.47203e-15,1.1419029e-12,2.9908703e-14,2.7237201e-12,1.0661331e-13,4.1265025e-12,1.02910065e-13,3.572726e-15,1.1984231e-15,7.688668e-15,1.6620513e-15,1.3089571e-13,5.58455e-15,1.0444363e-12,2.5819533e-14,2.939909e-12,9.944067e-14,0.7511078,0.010270453,0.44396847,0.009422904,0.0025462061,0.0009773772,0.0050968695,0.0011682039,0.08312286,0.004051538,0.19665557,0.0061837453,0.15654698,0.0056406995,0.15603401,0.0030470244,0.0013740374,0.00035289276,0.0019131548,0.00040032342,0.029037545,0.0013207472,0.084215336,0.0022057667,0.03949394,0.001545893,0.15110527,0.0027215332,0.0006193678,0.00020775863,0.0013510528,0.00029205566,0.026736759,0.0011407002,0.077476285,0.0019152929,0.044921808,0.0015194535,9571.617,107.50942,2611.8154,55.43223,3223.8545,62.92197,3735.947,67.2783,26036.805,6963.4785,6.5885324,27.171711,1269.7994,3405.8655,2260.0864,8607.672,21.86936,36.399338,1457.6715,5187.348,1910.0986,10468.05,11.029364,32.68134,1724.0903,6055.545,2650.9358,0.0,,,,-4.6777344,26066.312,3.991184e-12,4.3801832e-14,4.3801832e-14,,2.6946117e+22,5.438783e+20,5.527826e+20,5.349724e+20,1.4279976,0.015843209,0.015717372,0.015969047,,,,,,,,,,,,,,,,0.27983078,0.10120691,0.8905833,0.013346588,0.46733665,0.011929546,-0.25928357,0.012108728,0.3337221,0.1986432,0.8844506,0.025511874,0.4057951,0.024226382,-0.113556966,0.023603287,0.16400547,0.16118419,0.87637407,0.024836197,0.48720875,0.0200138,-0.36150396,0.020471204,0.3713343,0.17201577,0.9037979,0.020177457,0.4868827,0.01880995,-0.2659721,0.019465808,5899.318,5900.087,5902.153,5895.6206,5855.8276,20730.148,20716.0,20690.445,20709.592,20633.16,24808.186,24812.48,24822.627,24796.35,24537.148,1.0364532,0.103416495,0.09660207,0.16926038,0.26511586,0.4020584,0.8771998,0.07234856,0.08397458,0.16705301,0.22352286,0.33030084,1.2295686,0.09631828,0.13303223,0.22994378,0.30497372,0.46530062,25451.4,6889.9814,22152.0,25451.4,0.20334406,0.32407066,0.30221054,0.98137575,0.98852736,0.9869185,10.65865,,,,,False,False,0.0,0.473413020372391,0.0224888119846582,True,,,,,,,,,,,,,,,,0,FFFFFFFFFFF,FFFFFFFFFF,FFFFFFFFFF,FFFFFFFFFF,,,,,,,,,,,,,,,,,,,,,,,,,,,,,,,56716.3277777778,56716.661412037,-32768,,,,,,,AGN,2.989,0.6208,0.00016,0.09542,0.1724,0.09784,0.01341,3.881e-10,6505262,,,,,,,,,17.25211524963379,0.0042173597030341625,,,0.9929016681787799,999999,999999,999999,999999,999999,999999,0,0,0,0,0,0,0.0,,0.0,,0.0,,0.0,,0.0,,0.0,,J225355.11+624336.6,9.87399959564209,0.03700000047683716,9.454000473022461,0.03200000151991844,8.565999984741211,0.04699999839067459,7.730000019073486,0.19300000369548798,0.9950321720414871,2207277877757956352,0.0597,0.01810000091791153,3.2983423741664923,-2.022,-0.949,14.571744918823242,15.816852569580078,13.46660327911377,0.992685676052111,https://xmm-catalog.irap.omp.eu/source/3074398030100001,,Star,0.9790659655482338,0.006948869092473302,0.01398516535929292,,,,,,,,,,,,,999999,,3,https://xmm-catalog.irap.omp.eu/source/3074398030100001,9.2,,,,,,,0.8221863442421543,0.8821154971296189,0.8687395921980581,0.8687395924064631,0.8687042921320698,2MASS J22535512+6243368,2207277877757956352,Gaia: XM=F23=SIMBAD; CXO: none; XMM: XM=F23=SIMBAD,5.215406334640845e-07
