ID,RAJ2000,DEJ2000,ePos,r_Pos,SpType,r_SpType,Class,Mx,e_Mx,r_Mx,Mo,e_Mo,r_Mo,Per,e_Per,r_Per,PerSupOrb,e_PerSupOrb,r_PerSupOrb,Ecc,e_Ecc,r_Ecc,PerSpin,e_PerSpin,r_PerSpin,RV,e_RV,r_RV,Dist,e_Dist,E_Dist,IGRvar,Swiftvar,XMMvar,Chandravar,Var,AGILE,RA1deg,DE1deg,ePos1,r_Pos1,HEAO,RA2deg,DE2deg,ePos2,UHURU4,RA3deg,DE3deg,ePos3,ARIEL3,RA4deg,DE4deg,ePos4,IGR,RA5deg,DE5deg,ePos5,ROSAT,RA7deg,DE7deg,ePos7,r_Pos7,ROSATF,RA8deg,DE8deg,ePos8,FERMI,RA9deg,DE9deg,ePos9,SAX,RA10deg,DE10deg,ePos10,r_Pos10,Swift,RA11deg,DE11deg,ePos11,r_Pos11,XMM,RA12deg,DE12deg,ePos12,Chandra,RA13deg,DE13deg,ePos13,r_Pos13,2MASS,RA14deg,DE14deg,ePos14,GaiaDR3,RA15deg,DE15deg,ePos15,Simbad
IGR J00370+6122,9.2901325802,61.36013319063,8.41379445046188e-06,                   ,BN0.7 Ib     ,2014A&A...566A.131G,sg          ,      ,     ,                              ,22,     ,2014A&A...563A...1G           ,15.6649,0.0014,2021PASJ...73.1389U,         ,        ,                   ,0.48,0.03,2014A&A...563A...1G,674,        ,2021PASJ...73.1389U,-80,3,2014A&A...563A...1G,3401,-171,186,Y ,11.2534561157227,1,    ,Y,              ,      ,     ,    ,                   ,          ,         ,        ,                     ,          ,                   ,                   ,                    ,           ,         ,        ,                     ,IGR J00370+6122   ,9.29,61.36,0.0328333338101705,                 ,                  ,                   ,                      ,                      ,                      ,          ,         ,                      ,                 ,         ,        ,         ,IGR J00370+6122      ,9.256,61.338,0.0450000007947286,                   ,2SXPS J003709.6+612135,9.29002,61.35994,0.000750000013245477,                   ,4XMM J003709.8+612136,9.291179,61.360154,0.000375809166666667,                      ,,,,                   ,2MASS J00370963+6121363,9.290125,61.360111,1.94444445272287E-05,4.27234969757166E+017,9.29013258020323,61.36013319063,2.3371651251283E-09,Simbad
gam Cas,14.17745099821,60.71672280471,0.0018335996866226196,                   ,B0.5IVpe     ,2011ARep...55...31S,Be          ,      ,     ,                              ,13,0,2000A&A...364L..85H           ,203.371,0.089,2012A&A...537A..59N,         ,        ,                   ,0.26,0.04,2000A&A...364L..85H,               ,        ,                   ,-0.018,0.075,2012A&A...537A..59N,        ,       ,       ,  ,                     ,1,    ,Y,              ,      ,     ,    ,                   ,1H0053+604,14.0072,60.7605,0.127323956370791,          ,                   ,                   ,                    ,3A 0053+604,14.1784,60.7203,0,gam Cas           ,14.161,60.703,0.0104999999205271,1WGA J0056.7+6042,14.1792,60.7168,0.00361111111111111,                      ,                      ,          ,         ,                      ,                 ,         ,        ,         ,gamma Cas.           ,14.165,60.702,0.026666667064031,                   ,                      ,                   ,                   ,                       ,                   ,4XMM J005642.4+604300,14.176882,60.716688,0.000236031388888889,                      ,,,,                   ,2MASS J00564251+6043002,14.177127,60.716743,8.05555532375971E-05,4.26558460884582E+017,14.1774509982081,60.716722804712,5.09333246284061E-07,Simbad
EM* AS   14,18.99604069884,59.15394486766,1.0982572101056593e-05,                   ,B2           ,1960IzKry..24..160B,            ,      ,     ,                              ,      ,     ,                              ,              ,        ,                   ,         ,        ,                   ,          ,       ,                   ,               ,        ,                   ,        ,       ,                   ,2592,-140,156,  ,                     ,0,    , ,              ,      ,     ,    ,                   ,          ,         ,        ,                     ,          ,                   ,                   ,                    ,           ,         ,        ,                     ,                  ,        ,                   ,                      ,                 ,                  ,                   ,                      ,                      ,                      ,          ,         ,                      ,                 ,         ,        ,         ,                     ,                   ,                   ,                     ,                   ,                      ,                   ,                   ,                       ,                   ,4XMM J011558.9+590913,18.995724,59.153879,0.000425976111111111,                      ,,,,                   ,2MASS J01155905+5909141,18.996062,59.153919,1.66666662941376E-05,4.14196617287885E+017,18.9960406988403,59.1539448676557,3.05071447251572E-09,Simbad
2S 0114+650,19.51122704686,65.29162260285,7.4612004682421526e-06,                   ,B1Iae        ,2015A&A...579A.111K,sg          ,      ,     ,                              ,16,2,2017ApJ...844...16H           ,11.5983,0.0006,1985ApJ...299..839C,30.76,0.03,2013ApJ...778...45C,0.18,0.05,2006A&A...458..513K,10008,36,1992A&A...262L..25F,-31,5,2003RMxAA..39...17K,4475,-183,217,  ,1.16324210166931,1,    ,Y,              ,      ,     ,    ,                   ,          ,         ,        ,                     ,          ,                   ,                   ,                    ,3A 0114+650,19.5073,65.293,0,1A 0114+650       ,19.511,65.292,0.00683333327372869,1WGA J0118.0+6517,19.5071,65.2948,0.00361111111111111,                      ,                      ,          ,         ,                      ,                 ,         ,        ,         ,3A 0114+650          ,19.51,65.288,0.0283333341280619,                   ,2SXPS J011802.8+651726,19.51207,65.2908,0.000972222222222222,                   ,4XMM J011802.6+651731,19.511153,65.291956,0.000269432222222222,                      ,,,,                   ,2MASS J01180266+6517298,19.511102,65.291618,1.66666662941376E-05,5.2492431015325E+017,19.5112270468634,65.2916226028547,2.07255568562282E-09,Simbad
4U 0115+634,19.63319348306,63.74252240558,1.0895621031522757e-05,                   ,B0.2Ve       ,2001A&A...369..108N,Be          ,      ,     ,                              ,17.5,     ,1996MNRAS.280L..31P           ,24.3174,0.0004,2010MNRAS.406.2663R,         ,        ,                   ,0.339,0.005,2010MNRAS.406.2663R,3.6,        ,1978IAUC.3163....1C,        ,       ,                   ,5787,-453,817,Y ,140.806442260742,0,    ,Y,              ,      ,     ,    ,                   ,1H0115+635,19.8177,63.8225,0.106526865149001,          ,                   ,                   ,                    ,           ,         ,        ,                     ,4U 0115+634       ,19.633,63.74,0.00333333338300387,                 ,                  ,                   ,                      ,                      ,                      ,          ,         ,                      ,                 ,         ,        ,         ,4U 0115+634          ,19.667,63.736,0.0333333333333333,                   ,2SXPS J011831.6+634431,19.63174,63.74222,0.000638888875643412,                   ,4XMM J011831.9+634433,19.633109,63.742706,0.000122418333333333,                      ,,,,                   ,2MASS J01183196+6344330,19.633192,63.742519,1.66666662941376E-05,5.24677469790489E+017,19.6331934830623,63.7425224055765,3.02656139764521E-09,Simbad
IGR J01363+6610,23.95771733364,66.2120234668,7.443145383149377e-06,                   ,B1Ve         ,2005A&A...440..637R,Be          ,      ,     ,                              ,12.5,     ,1996MNRAS.280L..31P           ,159,2,2010ATel.3079....1C,         ,        ,                   ,          ,       ,                   ,               ,        ,                   ,        ,       ,                   ,5816,-407,413,YY,                     ,0,    ,Y,              ,      ,     ,    ,                   ,          ,         ,        ,                     ,          ,                   ,                   ,                    ,           ,         ,        ,                     ,IGR J01363+6610   ,23.956,66.212,0.0603333314259847,                 ,                  ,                   ,                      ,                      ,                      ,          ,         ,                      ,                 ,         ,        ,         ,                     ,                   ,                   ,                     ,                   ,                      ,                   ,                   ,                       ,                   ,4XMM J013549.8+661243,23.957712,66.212053,0.000146543888888889,                      ,,,,                   ,2MASS J01354986+6612433,23.957772,66.212029,3.05555553899871E-05,5.1935232451604E+017,23.9577173336435,66.2120234667983,2.06754038420816E-09,Simbad
RX J0146.9+6121,26.75087548765,61.35657291151,1.1500537395477312e-05,                   ,B1IIIe       ,1997A&A...323..853M,Be          ,      ,     ,                              ,9.6,     ,1996MNRAS.280L..31P           ,330,        ,2018MNRAS.481.2779S,         ,        ,                   ,          ,       ,                   ,1407.4,3,1998A&A...330..189H,        ,       ,                   ,2751,-138,162,Y ,1.3019517660141,1,    ,Y,              ,      ,     ,    ,                   ,          ,         ,        ,                     ,          ,                   ,                   ,                    ,           ,         ,        ,                     ,RX J0146.9+6121   ,26.751,61.357,0.0318333327770233,1WGA J0146.9+6121,26.7479,61.3579,0.0138888888888889,                      ,                      ,          ,         ,                      ,                 ,         ,        ,         ,RX J0146.9+6121      ,26.789,61.342,0.0299999992052714,                   ,2SXPS J014659.9+612123,26.74966,61.35653,0.000944444470935398,                   ,4XMM J014700.2+612123,26.750835,61.356558,8.26669444444444E-05,                      ,,,,                   ,2MASS J01470019+6121236,26.75083,61.356567,1.66666662941376E-05,5.11220031584306E+017,26.7508754876486,61.3565729115145,3.19459372096592E-09,Simbad
IGR J01583+6713,29.57703291339,67.22318460661,8.842416107654558e-06,                   ,B2IVe+       ,2008MNRAS.386.2253K,Be          ,      ,     ,                              ,12.5,     ,1996MNRAS.280L..31P           ,              ,        ,                   ,         ,        ,                   ,          ,       ,                   ,469.2,        ,2008MNRAS.386.2253K,        ,       ,                   ,6048,-472,464,Y ,0.999626338481903,    ,    ,Y,              ,      ,     ,    ,                   ,          ,         ,        ,                     ,          ,                   ,                   ,                    ,           ,         ,        ,                     ,IGR J01583+6713   ,29.576,67.224,0.0331666668256124,                 ,                  ,                   ,                      ,                      ,                      ,          ,         ,                      ,                 ,         ,        ,         ,                     ,                   ,                   ,                     ,                   ,2SXPS J015818.3+671324,29.57629,67.22337,0.000972222222222222,                   ,                     ,           ,          ,                       ,                      ,,,,                   ,2MASS J01581848+6713234,29.57701,67.223183,2.22222217255168E-05,5.18990967445248E+017,29.5770329133943,67.2231846066058,2.45622669657071E-09,Simbad
LS I+61 303,40.13193126483,61.22933050839,7.332205772399905e-06,                   ,B0Ve         ,1981PASP...93..741H,"$\gamma$\,Be",      ,     ,                              ,12.5,     ,2005MNRAS.360.1105C           ,26.496,0.0028,2002ApJ...575..427G,1628,48,2016A&A...585A.123M,0.537,0.03,2009ApJ...698..514A,               ,        ,                   ,-41.41,0.6,2009ApJ...698..514A,2504,-67,72,  ,1.91837620735168,1,1,Y,              ,      ,     ,    ,                   ,          ,         ,        ,                     ,          ,                   ,                   ,                    ,           ,         ,        ,                     ,LS I+61 303       ,40.132,61.229,0.0346666653951009,1WGA J0240.5+6113,40.1304,61.2276,0.00361111111111111,                      ,                      ,          ,         ,                      ,4FGL J0240.5+6113,40.1426,61.2287,0.005427,1E 0236.6+6100       ,40.178,61.237,0.0716666698455811,                   ,2SXPS J024031.5+611345,40.13163,61.22926,0.000416666666666667,                   ,4XMM J024031.6+611345,40.131943,61.229307,2.30061111111111E-05,2CXO J024031.6+611345 ,40.1320710739022,61.2292270408595,0.7129273269034799,                   ,2MASS J02403165+6113456,40.131903,61.229343,1.66666662941376E-05,4.65645515129856E+017,40.131931264834,61.2293305083868,2.03672382566664E-09,Simbad
Swift J0243.6+6124,40.91843191991,61.43437766836,6.756731308996669e-06,                   ,O9.5V        ,2020A&A...640A..35R,Be          ,      ,     ,                              ,      ,     ,                              ,28.3,0.2,2018A&A...613A..19D,         ,        ,                   ,0.092,0.007,2018A&A...613A..19D,9.8661,0.0003,2017ATel10812....1J,        ,       ,                   ,5189,-314,291,  ,23.1204814910889,1,    ,Y,              ,      ,     ,    ,                   ,          ,         ,        ,                     ,          ,                   ,                   ,                    ,           ,         ,        ,                     ,                  ,        ,                   ,                      ,1WGA J0243.6+6127,40.9167,61.4507,0.0138888888888889,                      ,                      ,          ,         ,                      ,                 ,         ,        ,         ,                     ,                   ,                   ,                     ,                   ,2SXPS J024340.5+612604,40.91899,61.4346,0.000416666666666667,                   ,4XMM J024340.4+612602,40.918518,61.433929,0.000527907777777778,                      ,,,,                   ,2MASS J02434041+6126037,40.918407,61.43438,1.66666662941376E-05,4.65628193526364E+017,40.9184319199144,61.4343776683556,1.87686980805463E-09,Simbad
V 0332+53,53.74962972498,53.17313997828,1.3929484412074106e-05,                   ,O8.5Ve       ,1999MNRAS.307..695N,Be          ,      ,     ,                              ,18.8,     ,2005A&A...436.1049M           ,36.5,0.29,2010MNRAS.406.2663R,         ,        ,                   ,0.417,0.007,2010MNRAS.406.2663R,4.4,        ,1985ApJ...288L..45S,        ,       ,                   ,5584,-506,730,Y ,25,0,0,Y,              ,      ,     ,    ,                   ,          ,         ,        ,                     ,          ,                   ,                   ,                    ,           ,         ,        ,                     ,EXO 0331+530      ,53.75,53.173,0.00300000011920929,1WGA J0335.0+5310,53.7537,53.1747,0.00361111111111111,                      ,                      ,          ,         ,                      ,                 ,         ,        ,         ,                     ,                   ,                   ,                     ,                   ,2SXPS J033500.0+531020,53.75011,53.1725,0.000972222222222222,                   ,4XMM J033459.8+531022,53.749315,53.172985,0.000544199166666667,2CXO J033459.9+531023 ,53.7495926223873,53.1731944041033,0.7627521188725199,                   ,2MASS J03345990+5310233,53.749603,53.173149,1.66666662941376E-05,4.4475297313117E+017,53.7496297249785,53.1731399782842,3.86930122557614E-09,Simbad
X Per,58.84615062234,31.04583609186,2.955361269414424e-05,                   ,B1Ve         ,2019A&A...622A.173Z,Be          ,      ,     ,                              ,15.5,     ,1997MNRAS.286..549L           ,250.3,0.6,2001ApJ...546..455D,         ,        ,                   ,0.111,0.02,2001ApJ...546..455D,837.6712,0.0003,2001ApJ...546..455D,1,0.9,2007ApJ...660.1398G,595,-13,17,  ,                     ,1,    ,Y,              ,      ,     ,    ,                   ,1H0352+308,58.843,31.0456,0,          ,                   ,                   ,                    ,3A 0352+309,58.8231,31.0657,0.0266317162872502,X Per             ,58.846,31.046,0.00483333319425583,1WGA J0355.3+3102,58.8458,31.0497,0.00361111111111111,                      ,                      ,          ,         ,                      ,                 ,         ,        ,         ,X Per                ,58.859,31.072,0.0283333341280619,                   ,                      ,                   ,                   ,                       ,                   ,4XMM J035522.9+310244,58.845756,31.045833,0.000177978055555556,2CXO J035523.1+310244X,58.8463570714606,31.0455702086393,1.41716271644352,                   ,2MASS J03552309+3102449,58.846228,31.045828,1.66666662941376E-05,1.6845054579201E+017,58.846150622344,31.0458360918575,8.20933685948451E-09,Simbad
XTE J0421+560,64.92556123477,55.99936067904,1.2604312971234325e-05,                   ,B0/2I[e]     ,2002A&A...392..991H,sgB[e]      ,      ,     ,                              ,      ,     ,                              ,19.41,0.02,2006ASPC..355..305B,         ,        ,                   ,          ,       ,                   ,               ,        ,                   ,-51,2,2016MNRAS.456.1424A,4094,-206,276,  ,4.91361284255981,1,    ,Y,              ,      ,     ,    ,                   ,          ,         ,        ,                     ,          ,                   ,                   ,                    ,           ,         ,        ,                     ,                  ,        ,                   ,                      ,                 ,                  ,                   ,                      ,                      ,                      ,          ,         ,                      ,                 ,         ,        ,         ,                     ,                   ,                   ,                     ,                   ,2SXPS J041942.0+555957,64.92529,55.99927,0.000972222222222222,                   ,4XMM J041942.1+555957,64.92559,55.999346,6.33416666666667E-05,                      ,,,,                   ,2MASS J04194212+5559577,64.925528,55.999374,1.94444445272287E-05,2.76644757710015E+017,64.9255612347673,55.9993606790434,3.50119804756509E-09,Simbad
RX J0440.9+4431,70.247207393,44.53034418648,1.1905986815690977e-05,                   ,B0.2Ve       ,2005A&A...440.1079R,Be          ,      ,     ,                              ,17.5,     ,1996MNRAS.280L..31P           ,150,        ,2013A&A...553A.103F,         ,        ,                   ,          ,       ,                   ,202.5,0.5,1999MNRAS.306..100R,        ,       ,                   ,2444,-77,60,Y ,7.41481494903564,1,    ,Y,              ,      ,     ,    ,                   ,          ,         ,        ,                     ,          ,                   ,                   ,                    ,           ,         ,        ,                     ,RX J0440.9+4431   ,70.247,44.53,0.00916666686534882,1WGA J0440.9+4431,70.2496,44.5314,0.00361111111111111,                      ,1RXS  J044100.3+443137,70.25125,44.52708,0.00444444444444444,                 ,         ,        ,         ,                     ,                   ,                   ,                     ,                   ,2SXPS J044059.2+443149,70.24676,44.53034,0.000972222222222222,                   ,4XMM J044059.1+443149,70.246651,44.530435,0.000527809722222222,                      ,,,,                   ,2MASS J04405932+4431492,70.24719,44.530342,1.66666662941376E-05,2.52878401557369E+017,70.2472073930042,44.5303441864785,3.30721855991416E-09,Simbad
EXO 051910+3737.7,80.64680481184,37.67599293642,2.539787441492081e-05,                   ,B0III-IVe    ,1990A&A...231..354P,Be          ,      ,     ,                              ,17.5,     ,1996MNRAS.280L..31P           ,              ,        ,                   ,         ,        ,                   ,          ,       ,                   ,               ,        ,                   ,-20.5,4.4,2006AstL...32..759G,1317,-52,55,  ,                     ,    ,    , ,              ,      ,     ,    ,                   ,1H0521+373,81.1503,37.3749,0.272336376171875,4U 0515+38,80.4758333333333,38.5002777777778,0.212601457938461,           ,         ,        ,                     ,                  ,        ,                   ,                      ,                 ,                  ,                   ,                      ,                      ,                      ,          ,         ,                      ,                 ,         ,        ,         ,                     ,                   ,                   ,                     ,                   ,                      ,                   ,                   ,                       ,                   ,                     ,           ,          ,                       ,                      ,,,,                   ,2MASS J05223522+3740336,80.646768,37.676014,1.94444445272287E-05,1.84497471323752E+017,80.6468048118424,37.6759929364201,7.05496511525578E-09,Simbad
1A 0535+262,84.72739245821,26.3157752444,2.025070041418074e-05,                   ,O9.5III-Ve   ,1998PASP..110.1310W,Be          ,      ,     ,                              ,20,     ,2001A&A...377..161O           ,110.3,0.3,2001A&A...377..161O,         ,        ,                   ,0.47,0.02,1996ApJ...459..288F,103.4,0.02,2005ATel..557....1S,-30,4,1984PASP...96..312H,1793,-71,76,Y ,25.1278171539307,1,1,Y,              ,      ,     ,    ,                   ,          ,         ,        ,                     ,          ,                   ,                   ,                    ,3A 0535+262,84.7275,26.3175,0,1A 0535+262       ,84.727,26.316,0.00300000011920929,                 ,                  ,                   ,                      ,                      ,                      ,          ,         ,                      ,                 ,         ,        ,         ,                     ,                   ,                   ,                     ,                   ,2SXPS J053854.5+261856,84.72741,26.31559,0.000555555555555556,                   ,4XMM J053854.5+261857,84.72737,26.315868,6.98166666666667E-05,2CXO J053854.5+261856 ,84.7274172096754,26.3157248695762,0.70991300118744,                   ,2MASS J05385458+2618568,84.727427,26.315798,1.94444445272287E-05,4.41207615229815E+017,84.7273924582143,26.3157752444017,5.62519455949465E-09,Simbad
AAO+28  342,88.97934004292,28.78510745618,2.533307857811453e-05,                   ,B5ne         ,1950ApJ...111..495P,Be          ,      ,     ,                              ,      ,     ,                              ,              ,        ,                   ,         ,        ,                   ,          ,       ,                   ,               ,        ,                   ,        ,       ,                   ,1600,-73,95,  ,                     ,    ,    , ,              ,      ,     ,    ,                   ,          ,         ,        ,                     ,          ,                   ,                   ,                    ,           ,         ,        ,                     ,                  ,        ,                   ,                      ,                 ,                  ,                   ,                      ,                      ,                      ,          ,         ,                      ,                 ,         ,        ,         ,                     ,                   ,                   ,                     ,                   ,                      ,                   ,                   ,                       ,                   ,                     ,           ,          ,                       ,                      ,,,,                   ,2MASS J05555504+2847064,88.979362,28.785112,1.66666662941376E-05,4.31561565357225E+017,88.9793400429246,28.7851074561774,7.03696627169848E-09,Simbad
IGR J06074+2205,91.86088634198,22.09659725892,1.5897393226623528e-05,                   ,B0.5Ve       ,2010A&A...522A.107R,Be          ,      ,     ,                              ,14.6,     ,1996MNRAS.280L..31P           ,              ,        ,                   ,         ,        ,                   ,          ,       ,                   ,373.226,0.013,2018A&A...613A..52R,18.9,4.1,2017AJ....153..174C,5989,-603,559,  ,1.10588240623474,1,0,Y,              ,      ,     ,    ,                   ,          ,         ,        ,                     ,          ,                   ,                   ,                    ,           ,         ,        ,                     ,IGR J06074+2205   ,91.85,22.0833333333333,0.0333333333333333,                 ,                  ,                   ,                      ,                      ,                      ,          ,         ,                      ,                 ,         ,        ,         ,                     ,                   ,                   ,                     ,                   ,2SXPS J060726.5+220549,91.86063,22.09698,0.000972222222222222,                   ,4XMM J060726.5+220547,91.860792,22.096484,0.000117258055555556,2CXO J060726.6+220547 ,91.8609269967903,22.0965898754504,0.71143503934032,                   ,                       ,           ,          ,                       ,4.23526544838563E+017,91.8608863419786,22.0965972589203,4.41594256295098E-09,Simbad
HD 259440,98.24690241609,5.80032052835,1.7513766884803788e-05,                   ,B0pe         ,1982IAUS...98..261J,"$\gamma$\,Be",1.4,     ,2010ApJ...724..306A           ,15.7,2.5,2010ApJ...724..306A           ,317.3,0.7,2021ApJ...923..241A,         ,        ,                   ,0.62,0.2,2018PASJ...70...61M,               ,        ,                   ,36.9,0.8,2018PASJ...70...61M,1772,-86,93,  ,2.69374990463257,0,    , ,              ,      ,     ,    ,                   ,          ,         ,        ,                     ,          ,                   ,                   ,                    ,           ,         ,        ,                     ,                  ,        ,                   ,                      ,                 ,                  ,                   ,                      ,                      ,                      ,          ,         ,                      ,4FGL J0632.8+0550,98.2139,5.8453,0.061796,                     ,                   ,                   ,                     ,                   ,2SXPS J063259.2+054801,98.24684,5.80042,0.00033333334657881,                   ,4XMM J063259.2+054801,98.246902,5.80036,7.99902777777778E-05,                      ,,,,                   ,2MASS J06325925+0548012,98.246913,5.800357,1.66666662941376E-05,1.31822364779746E+017,98.2469024160878,5.80032052835337,4.86493524577883E-09,Simbad
SAX J0635.2+0533,98.82616381073,5.55174484414,1.1718217283487337e-05,                   ,B2V-B1IIIe   ,1999ApJ...523..197K,Be          ,      ,     ,                              ,9.6,     ,1996MNRAS.280L..31P           ,11.2,0.5,2000ApJ...542L..41K,         ,        ,                   ,0.29,0.09,2000ApJ...542L..41K,0.034,        ,2000ApJ...528L..25C,        ,       ,                   ,6290,-492,655,  ,3.43931651115417,0,    , ,              ,      ,     ,    ,                   ,          ,         ,        ,                     ,          ,                   ,                   ,                    ,           ,         ,        ,                     ,                  ,        ,                   ,                      ,                 ,                  ,                   ,                      ,                      ,                      ,          ,         ,                      ,                 ,         ,        ,         ,                     ,                   ,                   ,                     ,                   ,2SXPS J063518.2+053307,98.82602,5.55203,0.000972222222222222,                   ,4XMM J063518.2+053306,98.826196,5.551779,0.000193453333333333,                      ,,,,                   ,2MASS J06351827+0533063,98.826156,5.55176,2.22222217255168E-05,1.31755947406031E+017,98.8261638107314,5.55174484414426,3.25506035652426E-09,Simbad
3A 0656-072,104.56043808872,-7.21248985203,3.8049243390560156e-05,                   ,O9.7Ve       ,2003ATel..202....1P,Be          ,      ,     ,                              ,15.6,     ,2005A&A...436.1049M           ,101.2,        ,2015A&ARv..23....2W,         ,        ,                   ,          ,       ,                   ,160.4,0.4,2006A&A...451..267M,        ,       ,                   ,218,-2,2,Y ,                     ,    ,0,Y,              ,      ,     ,    ,                   ,          ,         ,        ,                     ,          ,                   ,                   ,                    ,           ,         ,        ,                     ,3A 0656-072       ,104.57,-7.21,0.0123333334922791,1WGA J0658.2-0712,104.5617,-7.212,0.00361111111111111,                      ,1RXS  J065817.0-071221,104.57083,-7.20597,0.00472222222222222,                 ,         ,        ,         ,                     ,                   ,                   ,                     ,                   ,2SXPS J065814.2-071243,104.55948,-7.21198,0.00111111111111111,                   ,                     ,           ,          ,                       ,2CXO J065814.5-071245 ,104.560459911253,-7.21252041535301,0.71123583109644,                   ,2MASS J06581450-0712449,104.560455,-7.212483,1.66666662941376E-05,5.26772844337175E+016,104.56043808872,-7.2124898520261,1.05692342751556E-08,Simbad
3A 0726-260,112.22324075355,-26.10801904281,9.04984399676322e-06,                   ,O5Ve         ,2016ApJS..224....4M,Be          ,      ,     ,                              ,38.1,     ,2005A&A...436.1049M           ,34.548,0.01,2016ATel.9823....1C,         ,        ,                   ,          ,       ,                   ,103.144,0.001,2020RAA....20..155R,        ,       ,                   ,7869,-1082,1199,  ,15.6904754638672,    ,1,Y,              ,      ,     ,    ,                   ,1H0726-259,112.0843,-26.0935,0.168433755079358,          ,                   ,                   ,                    ,3A 0726-260,112.224,-26.1741,0.0636619781853955,3A 0726-260       ,112.209,-26.099,0.0731666644414266,                 ,                  ,                   ,                      ,                      ,                      ,          ,         ,                      ,                 ,         ,        ,         ,3A 0726-260          ,112.21,-26.1,0.0383333325386047,                   ,2SXPS J072853.5-260629,112.22301,-26.10807,0.000472222235467699,                   ,                     ,           ,          ,                       ,2CXO J072853.5-260629 ,112.223284974562,-26.10806469565,0.70993961500752,                   ,2MASS J07285357-2606289,112.223237,-26.10803,1.66666662941376E-05,5.61349411955181E+018,112.223240753548,-26.1080190428099,2.51384555465645E-09,Simbad
SGR 0755-2933,118.92702181368,-29.56485835566,8.715487085282809e-06,                   ,O6-8         ,2003AJ....125.2531R,            ,      ,     ,                              ,25.29,     ,2005A&A...436.1049M           ,260,        ,2021A&A...647A.165D,         ,        ,                   ,          ,       ,                   ,307.8,0.04,2021A&A...647A.165D,        ,       ,                   ,3356,-154,159,  ,21.2727279663086,    ,    ,Y,              ,      ,     ,    ,                   ,          ,         ,        ,                     ,          ,                   ,                   ,                    ,           ,         ,        ,                     ,                  ,        ,                   ,                      ,                 ,                  ,                   ,                      ,                      ,                      ,          ,         ,                      ,                 ,         ,        ,         ,                     ,                   ,                   ,                     ,                   ,2SXPS J075542.5-293353,118.9272,-29.5649,0.000611111124356588,                   ,                     ,           ,          ,                       ,2SXPS J075542.5-293353,118.9271642,-29.5648607,1.9999999999998002,2021A&A...647A.165D,2MASS J07554248-2933535,118.927032,-29.564863,1.66666662941376E-05,5.59725230558939E+018,118.927021813678,-29.5648583556619,2.42096863480078E-09,Simbad
RX J0812.4-3114,123.11814876923,-31.24780669997,7.459855172783137e-06,                   ,B0.2IVe      ,2001A&A...367..266R,Be          ,      ,     ,                              ,17.5,     ,1996MNRAS.280L..31P           ,80.39,3,2019MNRAS.488.4427Z,         ,        ,                   ,          ,       ,                   ,31.908,0.009,2019MNRAS.488.4427Z,        ,       ,                   ,6659,-422,528,  ,                     ,1,0,Y,              ,      ,     ,    ,                   ,          ,         ,        ,                     ,          ,                   ,                   ,                    ,           ,         ,        ,                     ,                  ,        ,                   ,                      ,                 ,                  ,                   ,                      ,                      ,                      ,          ,         ,                      ,                 ,         ,        ,         ,RX J0812.4-3114      ,123.14,-31.245,0.0349999984105428,                   ,                      ,                   ,                   ,                       ,                   ,4XMM J081228.3-311452,123.118121,-31.247798,8.62283333333333E-05,2CXO J081228.3-311452 ,123.117952050355,-31.2478740952755,0.73389978760572,                   ,2MASS J08122835-3114521,123.118152,-31.247808,1.66666662941376E-05,5.54826140035413E+018,123.118148769228,-31.247806699969,2.07218199243976E-09,Simbad
IGR J08262-3736,126.5568795087,-37.61995049188,6.468711886554949e-06,                   ,OBV          ,2010A&A...519A..96M,Be          ,      ,     ,                              ,      ,     ,                              ,              ,        ,                   ,         ,        ,                   ,          ,       ,                   ,               ,        ,                   ,        ,       ,                   ,5124,-228,279,  ,1.30000007152557,1,    ,Y,              ,      ,     ,    ,                   ,          ,         ,        ,                     ,          ,                   ,                   ,                    ,           ,         ,        ,                     ,IGR J08262-3736   ,126.558,-37.62,0.0668333371480306,                 ,                  ,                   ,                      ,                      ,                      ,          ,         ,                      ,                 ,         ,        ,         ,                     ,                   ,                   ,                     ,                   ,2SXPS J082613.6-373712,126.55697,-37.62017,0.000972222222222222,                   ,4XMM J082613.6-373711,126.556898,-37.619982,6.98527777777778E-05,                      ,,,,                   ,2MASS J08261365-3737118,126.55689,-37.619972,1.66666662941376E-05,5.54179321395999E+018,126.556879508698,-37.6199504918807,1.79686441293193E-09,Simbad
GS 0834-430,128.981075,-43.1856,0.05999999865889536,                   ,B0-2 III-Ve  ,2000MNRAS.314...87I,Be          ,      ,     ,                              ,13.5,0,1996MNRAS.280L..31P           ,105.8,0.4,1997ApJ...479..388W,         ,        ,                   ,0.14,0.04,1997ApJ...479..388W,12.3203,0.0015,1993A&A...271..487B,        ,       ,                   ,        ,       ,       ,  ,1.66820704936981,    ,    , ,              ,      ,     ,    ,                   ,          ,         ,        ,                     ,          ,                   ,                   ,                    ,           ,         ,        ,                     ,                  ,        ,                   ,                      ,1WGA J0835.9-4311,128.9804,-43.1879,0.00361111111111111,                      ,                      ,          ,         ,                      ,                 ,         ,        ,         ,                     ,                   ,                   ,                     ,                   ,2SXPS J083555.3-431109,128.98057,-43.1859,0.000972222222222222,                   ,                     ,           ,          ,                       ,                      ,,,,                   ,2MASS J08355545-4311081,128.981075,-43.1856,1.66666662941376E-05,                   ,                    ,                    ,                       ,Simbad
IGR J08408-4503,130.199187,-45.058395,0.05999999865889536,                   ,O8.5Ib-II(f)p,2014ApJS..211...10S,SFXT        ,      ,     ,                              ,33,     ,2015A&A...583L...4G           ,9.5436,0.0002,2015A&A...583L...4G,         ,        ,                   ,0.63,0.03,2015A&A...583L...4G,               ,        ,                   ,15.3,0.5,2015A&A...583L...4G,        ,       ,       ,Y ,13.2791881561279,1,    ,Y,              ,      ,     ,    ,                   ,          ,         ,        ,                     ,          ,                   ,                   ,                    ,           ,         ,        ,                     ,IGR J08408-4503   ,130.196,-45.059,0.0543333331743876,                 ,                  ,                   ,                      ,                      ,                      ,          ,         ,                      ,                 ,         ,        ,         ,                     ,                   ,                   ,                     ,                   ,2SXPS J084047.8-450330,130.19919,-45.0584,0.000472222235467699,                   ,4XMM J084047.8-450330,130.199384,-45.058389,8.81961111111111E-05,                      ,,,,                   ,2MASS J08404780-4503302,130.199187,-45.058395,1.66666662941376E-05,                   ,                    ,                    ,                       ,Simbad
Vela X-1,135.52855879751,-40.55465296118,1.0860205627977839e-05,                   ,B0.5Iae-1b   ,1978mcts.book.....H,sg          ,2.12,0.16,2015A&A...577A.130F           ,26,1,2015A&A...577A.130F           ,8.96302,0.00045,1997MNRAS.286L..21S,         ,        ,                   ,0.107,0.08,1997MNRAS.286L..21S,283,        ,1976ApJ...206L..99M,-3.2,0.9,1997MNRAS.286L..21S,1960,-52,57,  ,2.29337096214294,1,    ,Y,              ,      ,     ,    ,                   ,1H0859-403,135.4734,-40.5577,0.0667692446822459,          ,                   ,                   ,                    ,3A 0900-403,135.5335,-40.5579,0,Vela X-1          ,135.529,-40.555,0.00283333336313566,1WGA J0902.1-4033,135.5292,-40.5534,0.00361111111111111,                      ,                      ,          ,         ,                      ,                 ,         ,        ,         ,Vela X-1             ,135.519,-40.53,0.026666667064031,                   ,2SXPS J090206.6-403315,135.52764,-40.55439,0.000972222222222222,                   ,4XMM J090206.9-403316,135.528763,-40.554697,0.000127164166666667,                      ,,,,                   ,2MASS J09020686-4033168,135.528591,-40.554676,1.66666662941376E-05,5.62065767832263E+018,135.528558797508,-40.5546529611755,3.0167237855494E-09,Simbad
GRO J1008-57,152.44564453704,-58.29320747534,1.1654465459287177e-05,                   ,B0e          ,1994MNRAS.270L..57C,Be          ,      ,     ,                              ,17.5,     ,1996MNRAS.280L..31P           ,247.8,0.4,2007MNRAS.378.1427C,         ,        ,                   ,0.68,0.02,2007MNRAS.378.1427C,93.587,0.005,1993IAUC.5836....1S,        ,       ,                   ,3536,-152,148,Y ,17.8968257904053,    ,1,Y,              ,      ,     ,    ,                   ,          ,         ,        ,                     ,          ,                   ,                   ,                    ,           ,         ,        ,                     ,GRO J1008-57      ,152.442,-58.292,0.00699999978144964,1WGA J1009.7-5817,152.4433,-58.2918,0.00361111111111111,                      ,                      ,          ,         ,                      ,                 ,         ,        ,         ,GRO J1008-57         ,152.451,-58.307,0.0383333325386047,                   ,2SXPS J100946.9-581735,152.44575,-58.29324,0.000388888882266151,                   ,                     ,           ,          ,                       ,2CXO J100946.9-581736 ,152.445729359781,-58.2934105965886,0.71033870265444,                   ,2MASS J10094697-5817355,152.445744,-58.293198,1.94444445272287E-05,5.25841419235342E+018,152.445644537043,-58.2932074753388,3.23735151646866E-09,Simbad
IGR J10101-5654,152.5494159915,-56.92554247032,6.864461302757257e-05,                   ,sgB[e]       ,2013A&A...560A.108C,sgB[e]      ,      ,     ,                              ,      ,     ,                              ,              ,        ,                   ,         ,        ,                   ,          ,       ,                   ,               ,        ,                   ,        ,       ,                   ,4474,-1171,1094,Y ,0.998319327831268,    ,0,Y,              ,      ,     ,    ,                   ,          ,         ,        ,                     ,          ,                   ,                   ,                    ,           ,         ,        ,                     ,IGR J10101-5654   ,152.549,-56.926,0.0366666674613953,                 ,                  ,                   ,                      ,                      ,                      ,          ,         ,                      ,                 ,         ,        ,         ,IGR J10101-5654      ,152.548,-56.928,0.0566666682561239,                   ,2SXPS J101012.0-565534,152.5502,-56.92631,0.000972222222222222,                   ,                     ,           ,          ,                       ,2CXO J101011.8-565532 ,152.549423681703,-56.9255610204717,0.72108298222308,                   ,2MASS J10101186-5655320,152.549443,-56.925571,1.66666662941376E-05,5.25900954353318E+018,152.549415991497,-56.9255424703239,1.90679480632146E-08,Simbad
1FGL J1018.6-5856,154.73155926817,-58.94609420856,9.34557057917118e-06,                   ,O6V          ,2015ApJ...813L..26S,"$\gamma$\,Be",1.4,     ,2015ApJ...805...18W  AND  2015,23,3,2015ApJ...805...18W  AND  2015,16.5507,0.0004,2022MNRAS.515.1078V,         ,        ,                   ,0.531,0.03,2022MNRAS.515.1078V,               ,        ,                   ,55.3,13.1,2022MNRAS.515.1078V,4324,-204,209,  ,2.24453783035278,1,1,Y,              ,      ,     ,    ,                   ,          ,         ,        ,                     ,          ,                   ,                   ,                    ,           ,         ,        ,                     ,                  ,        ,                   ,                      ,                 ,                  ,                   ,                      ,                      ,                      ,          ,         ,                      ,4FGL J1018.9-5856,154.7417,-58.9433,0.007462,                     ,                   ,                   ,                     ,                   ,2SXPS J101855.6-585646,154.73179,-58.94613,0.00033333334657881,                   ,4XMM J101855.5-585646,154.73161,-58.946143,5.65566666666667E-05,2CXO J101855.6-585645 ,154.731680874154,-58.9460896268971,0.71009262511632,                   ,2MASS J10185560-5856459,154.731685,-58.946098,1.66666662941376E-05,5.25550990112177E+018,154.731559268172,-58.946094208563,2.59599182754755E-09,Simbad
4U 1036-56,159.39717,-56.798859,0.05999999865889536,                   ,B0III-Ve     ,1997A&A...323..853M,Be          ,      ,     ,                              ,17.5,     ,1996MNRAS.280L..31P           ,60.9,        ,2018MNRAS.481.2779S,         ,        ,                   ,          ,       ,                   ,860,2,1999MNRAS.306..100R,        ,       ,                   ,        ,       ,       ,Y ,0.999836564064026,1,    ,Y,              ,      ,     ,    ,                   ,          ,         ,        ,                     ,          ,                   ,                   ,                    ,           ,         ,        ,                     ,4U 1036-56        ,159.391,-56.799,0.0194999992847443,                 ,                  ,                   ,                      ,                      ,                      ,          ,         ,                      ,                 ,         ,        ,         ,4U 1036-56           ,159.397,-56.791,0.0400000015894572,                   ,2SXPS J103735.5-564754,159.39793,-56.79848,0.000972222222222222,                   ,4XMM J103735.2-564756,159.397081,-56.799061,0.000201313888888889,                      ,,,,                   ,2MASS J10373532-5647558,159.39717,-56.798859,1.66666662941376E-05,                   ,                    ,                    ,                       ,Simbad
HD 96670,166.80799982117,-59.87309817392,2.3083716630935667e-05,                   ,O7V(f)n      ,1993ApJS...87..197G,Be          ,6.2,0.9,2021ApJ...913...48G           ,22.7,5.2,2021ApJ...913...48G           ,5.28388,0.00046,2021ApJ...913...48G,         ,        ,                   ,0.12,0.01,2021ApJ...913...48G,               ,        ,                   ,-27.5,0.02,2021ApJ...913...48G,3131,-253,268,  ,1.18030297756195,    ,    , ,              ,      ,     ,    ,                   ,          ,         ,        ,                     ,          ,                   ,                   ,                    ,           ,         ,        ,                     ,                  ,        ,                   ,                      ,1WGA J1107.2-5952,166.805,-59.8756,0.00361111111111111,                      ,                      ,          ,         ,                      ,                 ,         ,        ,         ,                     ,                   ,                   ,                     ,                   ,2SXPS J110713.8-595222,166.80781,-59.87305,0.000833333333333333,                   ,                     ,           ,          ,                       ,                      ,,,,                   ,2MASS J11071394-5952231,166.808113,-59.873085,1.66666662941376E-05,5.33774773156072E+018,166.80799982117,-59.8730981739242,6.41214350859324E-09,Simbad
1A 1118-615,170.23817252152,-61.91670671056,8.77415761351584e-06,                   ,O9.5III-Ve   ,1981A&A....99..274J,Be          ,      ,     ,                              ,18,     ,2005A&A...436.1049M           ,24,        ,2015A&ARv..23....2W,         ,        ,                   ,          ,       ,                   ,405.3,0.6,1975Natur.254..578I,        ,       ,                   ,2899,-76,86,Y ,22.4564781188965,    ,1,Y,              ,      ,     ,    ,                   ,          ,         ,        ,                     ,          ,                   ,                   ,                    ,           ,         ,        ,                     ,1A 1118-615       ,170.238,-61.916,0.00600000023841858,1WGA J1120.9-6154,170.2346,-61.9147,0.00361111111111111,                      ,                      ,          ,         ,                      ,                 ,         ,        ,         ,                     ,                   ,                   ,                     ,                   ,2SXPS J112057.0-615459,170.2376,-61.91641,0.000388888882266151,                   ,                     ,           ,          ,                       ,2CXO J112057.1-615500 ,170.238178188281,-61.9167007330131,0.7153613366968801,                   ,2MASS J11205717-6155002,170.238236,-61.916733,1.66666662941376E-05,5.33695701089812E+018,170.23817252152,-61.9167067105561,2.4372660037544E-09,Simbad
Cen X-3,170.3128552789,-60.62377582639,1.1633899994194501e-05,                   ,O6-7 II-III  ,1999MNRAS.307..357A,sg          ,1.34,0.16,2007A&A...473..523V           ,20.2,1.8,2007A&A...473..523V           ,2.033,0.029,2021JApA...42...58S,         ,        ,                   ,0.0001,0,2010MNRAS.401.1532R,4.80188,0.000085,2021JApA...42...58S,32,13,2007A&A...473..523V,6784,-572,634,  ,1.77465748786926,1,1,Y,              ,      ,     ,    ,                   ,1H1118-602,170.2753,-60.5742,0.0225079065700838,          ,                   ,                   ,                    ,3A 1119-603,170.3155,-60.6243,0,Cen X-3           ,170.316,-60.623,0.00333333338300387,1WGA J1121.2-6037,170.3142,-60.6212,0.00361111111111111,                      ,                      ,          ,         ,                      ,                 ,         ,        ,         ,Cen X-3              ,170.318,-60.615,0.026666667064031,                   ,2SXPS J112115.1-603728,170.31301,-60.62448,0.000972222222222222,                   ,4XMM J112115.0-603725,170.312826,-60.623801,0.0000563575,2CXO J112115.1-603725 ,170.312985897008,-60.6238288541496,0.71006601703104,                   ,2MASS J11211509-6037256,170.312877,-60.623787,1.66666662941376E-05,5.33749859344652E+018,170.312855278901,-60.6237758263932,3.23163888727625E-09,Simbad
IGR J11215-5952,170.44505383092,-59.86331299057,9.735329076647761e-06,                   ,B1Ia         ,1993ApJS...89..293V,SFXT        ,      ,     ,                              ,      ,     ,                              ,164.6,0.1,2018MNRAS.481.2779S,         ,        ,                   ,0.8,       ,2018MNRAS.481.2779S,186.78,0.03,2020A&A...638A..71S,        ,       ,                   ,7175,-563,516,Y ,19.0689659118652,1,    ,Y,              ,      ,     ,    ,                   ,          ,         ,        ,                     ,          ,                   ,                   ,                    ,           ,         ,        ,                     ,IGR J11215-5952   ,170.445,-59.863,0.0243333339691162,                 ,                  ,                   ,                      ,                      ,                      ,          ,         ,                      ,                 ,         ,        ,         ,                     ,                   ,                   ,                     ,                   ,2SXPS J112146.8-595148,170.44538,-59.86338,0.000444444451067183,                   ,4XMM J112146.8-595147,170.44507,-59.863327,4.77727777777778E-05,                      ,,,,                   ,2MASS J11214682-5951479,170.445085,-59.863316,2.77777781916989E-05,5.33904722116879E+018,170.445053830917,-59.8633129905709,2.7042580768466E-09,Simbad
IGR J11305-6256,172.7787408554,-62.94691902264,3.600706532597532e-05,                   ,B0IIIe       ,1977ApJS...35..111G,Be          ,      ,     ,                              ,17.5,     ,1996MNRAS.280L..31P           ,120.83,0.34,2013arXiv1305.3916L,         ,        ,                   ,          ,       ,                   ,               ,        ,                   ,-22,7.4,2007AN....328..889K,1731,-111,139,Y ,1.89863014221191,    ,1,Y,              ,      ,     ,    ,                   ,          ,         ,        ,                     ,          ,                   ,                   ,                    ,           ,         ,        ,                     ,IGR J11305-6256   ,172.779,-62.947,0.0153333336114883,                 ,                  ,                   ,                      ,                      ,                      ,          ,         ,                      ,                 ,         ,        ,         ,                     ,                   ,                   ,                     ,                   ,2SXPS J113106.9-625649,172.77898,-62.94705,0.000833333333333333,                   ,                     ,           ,          ,                       ,2CXO J113106.9-625648 ,172.778934998082,-62.9469318754819,0.7134770271456,                   ,2MASS J11310691-6256489,172.778814,-62.946941,1.94444445272287E-05,5.33366012960358E+018,172.778740855405,-62.9469190226404,1.00019625905487E-08,Simbad
IGR J11435-6109,176.00117181802,-61.12679578911,2.363178320229053e-05,                   ,B0.5Ve       ,2013A&A...560A.108C,Be          ,      ,     ,                              ,14.6,0,1996MNRAS.280L..31P           ,52.46,0.06,2005ATel..377....1C,         ,        ,                   ,          ,       ,                   ,161.76,0.01,2004ATel..362....1I,        ,       ,                   ,7863,-1217,1373,Y ,                     ,    ,0,Y,              ,      ,     ,    ,                   ,          ,         ,        ,                     ,          ,                   ,                   ,                    ,           ,         ,        ,                     ,IGR J11435-6109   ,176.001,-61.127,0.0113333334525426,                 ,                  ,                   ,                      ,                      ,1RXS  J114358.1-610736,175.99208,-61.12667,0.00416666666666667,                 ,         ,        ,         ,IGR J11435-6109      ,176.009,-61.123,0.0400000015894572,                   ,                      ,                   ,                   ,                       ,                   ,                     ,           ,          ,                       ,2CXO J114400.3-610736 ,176.001327551285,-61.1267774050199,0.7205194179590401,                   ,2MASS J11440030-6107364,176.001261,-61.126801,1.66666662941376E-05,5.33502166427492E+018,176.001171818024,-61.1267957891054,6.56438422285848E-09,Simbad
1E 1145.1-6141,176.86894042634,-61.95371922583,7.5419684872031165e-06,                   ,B2Iae        ,1982MNRAS.201..171D,sg          ,1.7,0.3,1987PASP...99..420H           ,14,4,1987PASP...99..420H           ,14.365,0.002,2002ApJ...581.1293R,         ,        ,                   ,0.2,0.03,2002ApJ...581.1293R,298,4,1980ApJ...239..651L,-13,3,1987PASP...99..420H,8097,-566,603,  ,2.60394740104675,1,    ,Y,              ,      ,     ,    ,                   ,          ,         ,        ,                     ,          ,                   ,                   ,                    ,3A 1145-616,176.8796,-61.928,0.0450158131401677,1E 1145.1-6141    ,176.869,-61.954,0.00483333319425583,1WGA J1147.4-6156,176.8658,-61.9492,0.0138888888888889,                      ,                      ,          ,         ,                      ,                 ,         ,        ,         ,1E 1145.1-6141       ,176.847,-61.961,0.026666667064031,                   ,2SXPS J114727.9-615715,176.86661,-61.95432,0.000777777764532301,                   ,4XMM J114728.5-615713,176.869022,-61.953732,5.81058333333333E-05,                      ,,,,                   ,2MASS J11472856-6157134,176.86902,-61.953732,1.66666662941376E-05,5.33485145048164E+018,176.868940426336,-61.9537192258319,2.09499124644531E-09,Simbad
2E 1145.5-6155,177.00003001549,-62.20691022592,1.404924225062134e-05,                   ,B1III-Ve     ,1982IAUS...98..151P,Be          ,      ,     ,                              ,12.5,     ,1996MNRAS.280L..31P           ,187.5,        ,2018MNRAS.481.2779S,         ,        ,                   ,0.5,       ,2018MNRAS.481.2779S,292.274,0.001,1987MNRAS.225..369C,-17,7.4,2007AN....328..889K,2063,-87,80,Y ,4.85628747940064,    ,1,Y,              ,      ,     ,    ,                   ,          ,         ,        ,                     ,          ,                   ,                   ,                    ,3A 1145-619,177.0407,-62.228,0.0636619781853955,2E 1145.5-6155    ,177,-62.207,0.0146666665871938,1WGA J1148.0-6212,177.0008,-62.2064,0.0138888888888889,                      ,1RXS  J114800.3-621227,177.00125,-62.2075,0.00277777777777778,                 ,         ,        ,         ,2E 1145.5-6155       ,176.993,-62.196,0.0333333333333333,                   ,2SXPS J114759.1-621224,176.99626,-62.20684,0.000777777764532301,                   ,                     ,           ,          ,                       ,2CXO J114800.0-621224 ,177.000126115071,-62.2068664081222,0.7108040217078,                   ,2MASS J11480002-6212249,177.000114,-62.206936,1.66666662941376E-05,5.3348238596085E+018,177.000030015492,-62.2069102259231,3.90256729183926E-09,Simbad
EXMS B1210-645,183.3115687929,-64.87513252304,1.2357387691736222e-05,                   ,B2V          ,2009A&A...495..121M,Be          ,      ,     ,                              ,9.6,     ,1996MNRAS.280L..31P           ,6.7,0.0005,2014ApJ...793...77C,         ,        ,                   ,          ,       ,                   ,               ,        ,                   ,        ,       ,                   ,3352,-161,180,  ,1.77944457530975,    ,    , ,              ,      ,     ,    ,                   ,          ,         ,        ,                     ,4U 1210-64,183.939166666667,-65.1961111111111,0.0444495572556651,           ,         ,        ,                     ,EXMS B1210-645    ,183.272,-64.897,0.0418333331743876,                 ,                  ,                   ,                      ,                      ,                      ,          ,         ,                      ,                 ,         ,        ,         ,EXMS B1210-645       ,183.308,-64.887,0.0299999992052714,                   ,2SXPS J121314.9-645230,183.31228,-64.87512,0.00058333330684238,                   ,                     ,           ,          ,                       ,                      ,,,,                   ,2MASS J12131479-6452304,183.311635,-64.87513,1.66666662941376E-05,6.05307656630043E+018,183.311568792902,-64.8751325230375,3.43260769214895E-09,Simbad
GX 301-2,186.65645139154,-62.77035949368,1.2048251926898952e-05,                   ,B1.5Iaeq     ,1982PASP...94..541H,sg          ,      ,     ,                              ,43,10,2006A&A...457..595K           ,41.498,0.002,2006A&A...457..595K,         ,        ,                   ,0.462,0.01,2006A&A...457..595K,680,        ,1976ApJ...209L.119W,4.1,2.4,2006A&A...457..595K,3604,-195,204,  ,2.04362940788269,    ,0, ,              ,      ,     ,    ,                   ,          ,         ,        ,                     ,          ,                   ,                   ,                    ,3A 1223-624,186.6598,-62.7668,0,GX 301-2          ,186.657,-62.771,0.00300000011920929,                 ,                  ,                   ,                      ,                      ,                      ,          ,         ,                      ,                 ,         ,        ,         ,GX 301-2             ,186.707,-62.776,0.026666667064031,                   ,2SXPS J122637.2-624613,186.65506,-62.7705,0.000750000013245477,                   ,                     ,           ,          ,                       ,2CXO J122637.5-624613 ,186.656634207034,-62.7702958917981,0.72075538220328,                   ,2MASS J12263756-6246132,186.656502,-62.770348,1.66666662941376E-05,6.05456956561446E+018,186.656451391543,-62.7703594936826,3.34673664636082E-09,Simbad
IGR J12341-6143,188.467,-61.796,238.8000011444093,                   ,             ,2020MNRAS.491.4543S,SFXT?       ,      ,     ,                              ,      ,     ,                              ,              ,        ,                   ,         ,        ,                   ,          ,       ,                   ,               ,        ,                   ,        ,       ,                   ,        ,       ,       ,Y ,                     ,    ,    ,Y,              ,      ,     ,    ,                   ,          ,         ,        ,                     ,          ,                   ,                   ,                    ,           ,         ,        ,                     ,IGR J12341-6143   ,188.467,-61.796,0.0663333336512248,                 ,                  ,                   ,                      ,                      ,                      ,          ,         ,                      ,                 ,         ,        ,         ,                     ,                   ,                   ,                     ,                   ,                      ,                   ,                   ,                       ,                   ,                     ,           ,          ,                       ,                      ,,,,                   ,                       ,           ,          ,                       ,                   ,                    ,                    ,                       ,Simbad
1H 1238-599,190.42741,-60.27217,4.30000019073468,                   ,             ,                   ,            ,      ,     ,                              ,      ,     ,                              ,              ,        ,                   ,         ,        ,                   ,          ,       ,                   ,191,        ,1985MNRAS.212..219B,        ,       ,                   ,        ,       ,       ,  ,1.39272725582123,    ,    , ,              ,      ,     ,    ,                   ,1H1238-599,190.2538,-60.2343,0.40813237586629,          ,                   ,                   ,                    ,3A 1239-599,190.5058,-60.2041,0,                  ,        ,                   ,                      ,1WGA J1242.3-5955,190.5971,-59.9231,0.0138888888888889,                      ,                      ,          ,         ,                      ,                 ,         ,        ,         ,                     ,                   ,                   ,                     ,                   ,2SXPS J124142.5-601619,190.42741,-60.27217,0.00119444449742635,                   ,                     ,           ,          ,                       ,                      ,,,,                   ,                       ,           ,          ,                       ,                   ,                    ,                    ,                       ,Simbad
1H 1249-637,190.70931703329,-63.05864217079,5.288095399737348e-05,                   ,B0.5IVpe     ,2006MNRAS.371..252L,Be          ,      ,     ,                              ,9.6,     ,2005A&A...441..235Z           ,226,6,2012ApJ...755...64S,         ,        ,                   ,          ,       ,                   ,14200,1400,2001A&A...377..148T,22,7,2007AN....328..889K,439,-15,15,  ,1.79206001758575,1,    ,Y,              ,      ,     ,    ,                   ,          ,         ,        ,                     ,          ,                   ,                   ,                    ,           ,         ,        ,                     ,1H 1249-637       ,190.709,-63.059,0.0576666673024495,                 ,                  ,                   ,                      ,                      ,                      ,          ,         ,                      ,                 ,         ,        ,         ,1H 1249-637          ,190.673,-63.049,0.0366666674613953,                   ,2SXPS J124249.0-630342,190.70452,-63.06178,0.00116666661368476,                   ,4XMM J124250.3-630330,190.709612,-63.058576,5.54522222222222E-05,                      ,,,,                   ,2MASS J12425028-6303310,190.709517,-63.058636,8.05555532375971E-05,6.05510392824631E+018,190.709317033288,-63.0586421707873,1.46891538881593E-08,Simbad
1A 1244-604,190.824821,-60.201519,0.07000000029802332,                   ,             ,                   ,            ,      ,     ,                              ,      ,     ,                              ,              ,        ,                   ,         ,        ,                   ,          ,       ,                   ,               ,        ,                   ,        ,       ,                   ,        ,       ,       ,  ,3.93708944320679,    ,    , ,              ,      ,     ,    ,                   ,1H1238-599,190.2538,-60.2343,0.40813237586629,          ,                   ,                   ,                    ,3A 1239-599,190.5058,-60.2041,0,                  ,        ,                   ,                      ,                 ,                  ,                   ,                      ,                      ,                      ,          ,         ,                      ,                 ,         ,        ,         ,                     ,                   ,                   ,                     ,                   ,2SXPS J124318.1-601204,190.82572,-60.20124,0.00172222216924032,                   ,                     ,           ,          ,                       ,                      ,,,,                   ,2MASS J12431795-6012054,190.824821,-60.201519,1.94444445272287E-05,                   ,                    ,                    ,                       ,Simbad
GX 304-1,195.32119649506,-61.60184481323,8.986628614366044e-06,                   ,B2Vne        ,1980MNRAS.190..537P,Be          ,      ,     ,                              ,9.6,     ,1996MNRAS.280L..31P           ,132.5,        ,2015A&ARv..23....2W,         ,        ,                   ,          ,       ,                   ,272,        ,1977ApJ...216L..15M,        ,       ,                   ,1856,-45,36,Y ,9.80281734466553,    ,    ,Y,              ,      ,     ,    ,                   ,          ,         ,        ,                     ,          ,                   ,                   ,                    ,3A 1258-613,195.3226,-61.5991,0,GX 304-1          ,195.322,-61.602,0.0221666673819224,                 ,                  ,                   ,                      ,                      ,                      ,          ,         ,                      ,                 ,         ,        ,         ,                     ,                   ,                   ,                     ,                   ,2SXPS J130117.0-613604,195.32092,-61.60133,0.000638888875643412,                   ,                     ,           ,          ,                       ,                      ,,,,                   ,2MASS J13011709-6136065,195.321234,-61.601833,1.66666662941376E-05,5.86353319984307E+018,195.321196495064,-61.6018448132282,2.49628572621279E-09,Simbad
IGR J13020-6359,195.4946052393,-63.96912167623,5.994626507163036e-05,                   ,B0-6Ve       ,2018A&A...618A.150F,Be          ,      ,     ,                              ,17.5,     ,1996MNRAS.280L..31P           ,              ,        ,                   ,         ,        ,                   ,          ,       ,                   ,700,        ,2005MNRAS.364..455C,        ,       ,                   ,5952,-1339,2377,  ,5.38194465637207,1,    ,Y,              ,      ,     ,    ,                   ,          ,         ,        ,                     ,          ,                   ,                   ,                    ,           ,         ,        ,                     ,IGR J13020-6359   ,195.497,-63.968,0.0243333339691162,1WGA J1301.9-6358,195.4908,-63.9693,0.00361111111111111,                      ,                      ,          ,         ,                      ,                 ,         ,        ,         ,IGR J13020-6359      ,195.473,-63.974,0.0433333317438761,                   ,2SXPS J130158.6-635808,195.49441,-63.96903,0.00091666665342119,                   ,4XMM J130158.7-635808,195.494631,-63.969006,7.36597222222222E-05,                      ,,,,                   ,2MASS J13015871-6358089,195.494639,-63.969162,2.22222217255168E-05,5.86228570083509E+018,195.4946052393,-63.969121676234,1.66517402976751E-08,Simbad
PSR B1259-63,195.69848851536,-63.83573123377,8.934320881962794e-06,                   ,O9.5Ve       ,2011ApJ...732L..11N,"$\gamma$\,Be",      ,     ,                              ,22.5,7.5,2018MNRAS.479.4849M           ,1236.724526,0.000006,2018MNRAS.479.4849M,         ,        ,                   ,0.8698797,0.00000006,2018MNRAS.479.4849M,0.04776,        ,1992ApJ...387L..37J,0,1,1994MNRAS.268..430J,2170,-58,62,  ,2.9515335559845,0,0, ,              ,      ,     ,    ,                   ,          ,         ,        ,                     ,          ,                   ,                   ,                    ,           ,         ,        ,                     ,PSR B1259-63      ,195.75,-63.833,0.0448333342870077,1WGA J1302.8-6350,195.7004,-63.8342,0.00361111111111111,                      ,                      ,          ,         ,                      ,4FGL J1302.9-6349,195.7274,-63.8304,0.026458,                     ,                   ,                   ,                     ,                   ,2SXPS J130247.6-635008,195.69848,-63.8358,0.00091666665342119,                   ,4XMM J130247.6-635008,195.698624,-63.835718,4.95683333333333E-05,2CXO J130247.6-635008 ,195.698512799834,-63.8357089153753,0.70991300118744,                   ,2MASS J13024765-6350085,195.698571,-63.835712,1.66666662941376E-05,5.86229996012797E+018,195.698488515363,-63.835731233767,2.48175580054522E-09,Simbad
IGR J13186-6257,199.60661593678,-62.97081244662,5.606720969080932e-05,                   ,B0-6Ve       ,2018A&A...618A.150F,Be          ,      ,     ,                              ,17.5,     ,1996MNRAS.280L..31P           ,              ,        ,                   ,         ,        ,                   ,          ,       ,                   ,               ,        ,                   ,        ,       ,                   ,3469,-901,1102,  ,5.99132966995239,    ,0,Y,              ,      ,     ,    ,                   ,          ,         ,        ,                     ,          ,                   ,                   ,                    ,           ,         ,        ,                     ,IGR J13186-6257   ,199.605,-62.971,0.0543333331743876,                 ,                  ,                   ,                      ,                      ,                      ,          ,         ,                      ,                 ,         ,        ,         ,                     ,                   ,                   ,                     ,                   ,2SXPS J131825.4-625814,199.6062,-62.97072,0.000750000013245477,                   ,                     ,           ,          ,                       ,2CXO J131825.0-625815 ,199.604435912168,-62.9709761956135,0.74443728980088,                   ,2MASS J13182505-6258156,199.604394,-62.97102,3.05555553899871E-05,5.86226030466985E+018,199.606615936785,-62.9708124466201,1.55742249141137E-08,Simbad
SAX J1324.4-6200,201.111047,-62.02198,0.10999999940395357,                   ,Be?          ,2008A&A...483..249M,Be?         ,      ,     ,                              ,      ,     ,                              ,1.129167,0,2002MNRAS.337.1245L,         ,        ,                   ,          ,       ,                   ,172.84,        ,2008A&A...483..249M,        ,       ,                   ,        ,       ,       ,  ,0.999562442302704,1,0,Y,              ,      ,     ,    ,                   ,          ,         ,        ,                     ,          ,                   ,                   ,                    ,           ,         ,        ,                     ,                  ,        ,                   ,                      ,                 ,                  ,                   ,                      ,                      ,                      ,          ,         ,                      ,                 ,         ,        ,         ,4U 1323-62           ,201.109583333333,-62.0147222222222,0.025,1998A&A...339L..41A,2SXPS J132426.7-620118,201.11136,-62.02179,0.000555555555555556,                   ,4XMM J132426.5-620118,201.110494,-62.021692,0.0005300675,2CXO J132426.6-620119 ,201.111198037493,-62.0220906282533,0.72718191851976,                   ,2MASS J13242665-6201191,201.111047,-62.02198,3.05555553899871E-05,                   ,                    ,                    ,                       ,Simbad
HD 119682,206.63566597037,-62.92338696174,1.6893604770302775e-05,                   ,B0Ve         ,2006MNRAS.371..252L,Be          ,      ,     ,                              ,17.5,     ,1996MNRAS.280L..31P           ,90,        ,2022MNRAS.510.2286N,         ,        ,                   ,          ,       ,                   ,1500,100,2007ApJ...659..407S,        ,       ,                   ,1597,-65,80,  ,0.999520719051361,1,0,Y,              ,      ,     ,    ,                   ,          ,         ,        ,                     ,          ,                   ,                   ,                    ,           ,         ,        ,                     ,                  ,        ,                   ,                      ,1WGA J1346.5-6255,206.6346,-62.925,0.00361111111111111,                      ,1RXS  J134633.6-625528,206.64,-62.92445,0.00722222222222222,4FGL J1345.3-6253,206.3306,-62.885,0.054272,                     ,                   ,                   ,                     ,                   ,2SXPS J134632.5-625521,206.63566,-62.92261,0.00108333335982429,                   ,4XMM J134632.5-625524,206.635626,-62.92339,6.48711111111111E-05,2CXO J134632.5-625523 ,206.63574158724,-62.9233285933803,0.71033870265444,                   ,2MASS J13463256-6255241,206.635687,-62.923386,1.66666662941376E-05,5.86466497528054E+018,206.63566597037,-62.9233869617435,4.69266799175077E-09,Simbad
IGR J14059-6116,211.310065,-61.307838,0.07999999821186048,                   ,O6 III       ,2019ApJ...884...93C,$\gamma$    ,      ,     ,                              ,34.53,     ,2005A&A...436.1049M           ,13.7135,0.0019,2019ApJ...884...93C,         ,        ,                   ,          ,       ,                   ,               ,        ,                   ,        ,       ,                   ,        ,       ,       ,Y ,                     ,0,0,Y,              ,      ,     ,    ,                   ,          ,         ,        ,                     ,          ,                   ,                   ,                    ,           ,         ,        ,                     ,IGR J14059-6116   ,211.485,-61.275,0.068833335240682,                 ,                  ,                   ,                      ,                      ,                      ,          ,         ,                      ,4FGL J1405.1-6119,211.2982,-61.3321,0.016343,                     ,                   ,                   ,                     ,                   ,                      ,                   ,                   ,                       ,                   ,4XMM J140514.3-611828,211.309872,-61.30788,0.0001099425,2CXO J140514.4-611827 ,211.31012286976,-61.3077189815703,0.9736630612596,                   ,2MASS J14051441-6118282,211.310065,-61.307838,2.22222217255168E-05,                   ,                    ,                    ,                       ,Simbad
MAXI J1409-619,212.01132,-61.983891,0.07000000029802332,                   ,             ,                   ,            ,      ,     ,                              ,      ,     ,                              ,14.7,0.4,2020MNRAS.496.1768D,         ,        ,                   ,          ,       ,                   ,503,10,2010ATel.3060....1K,        ,       ,                   ,        ,       ,       ,  ,                     ,    ,    , ,              ,      ,     ,    ,                   ,          ,         ,        ,                     ,          ,                   ,                   ,                    ,           ,         ,        ,                     ,                  ,        ,                   ,                      ,                 ,                  ,                   ,                      ,                      ,                      ,          ,         ,                      ,                 ,         ,        ,         ,                     ,                   ,                   ,                     ,                   ,2SXPS J140802.4-615854,212.01068,-61.9834,0.000527777777777778,2010ATel.2962....1K,                     ,           ,          ,                       ,                      ,,,,                   ,2MASS J14080271-6159020,212.01132,-61.983891,1.94444445272287E-05,                   ,                    ,                    ,                       ,Simbad
H 1417-624,215.30060802582,-62.69892176003,2.1726837381720532e-05,                   ,B1e          ,1984ApJ...276..621G,Be          ,      ,     ,                              ,12.5,0,1996MNRAS.280L..31P           ,42.12,        ,1996A&AS..120C.209F,         ,        ,                   ,0.446,       ,1996A&AS..120C.209F,17.64,        ,1981ApJ...243..251K,        ,       ,                   ,7428,-1811,3095,Y ,3.64054036140442,    ,1,Y,              ,      ,     ,    ,                   ,          ,         ,        ,                     ,          ,                   ,                   ,                    ,3A 1417-624,215.3073,-62.6986,0,H 1417-624        ,215.303,-62.698,0.023333332935969,                 ,                  ,                   ,                      ,                      ,                      ,          ,         ,                      ,                 ,         ,        ,         ,H 1417-624           ,215.302,-62.706,0.0316666662693024,                   ,2SXPS J142112.2-624155,215.3011,-62.6987,0.000722222195731269,                   ,                     ,           ,          ,                       ,2CXO J142112.1-624156 ,215.300589441485,-62.6989986717492,0.71687839618188,                   ,2MASS J14211216-6241560,215.300697,-62.69891,1.66666662941376E-05,5.8541751877108E+018,215.300608025819,-62.6989217600301,6.03523260603348E-09,Simbad
IGR J14331-6112,218.28465330129,-61.26107376019,6.3722923398018e-05,                   ,BV-IIIe      ,2008A&A...482..113M,Be          ,      ,     ,                              ,      ,     ,                              ,              ,        ,                   ,         ,        ,                   ,          ,       ,                   ,               ,        ,                   ,        ,       ,                   ,2551,-565,609,  ,1.00022268295288,    ,0, ,              ,      ,     ,    ,                   ,          ,         ,        ,                     ,          ,                   ,                   ,                    ,           ,         ,        ,                     ,IGR J14331-6112   ,218.285,-61.261,0.0576666673024495,                 ,                  ,                   ,                      ,                      ,                      ,          ,         ,                      ,                 ,         ,        ,         ,                     ,                   ,                   ,                     ,                   ,2SXPS J143307.9-611540,218.2831,-61.26127,0.000999999973509047,                   ,                     ,           ,          ,                       ,2CXO J143308.3-611540 ,218.284719383147,-61.2611195102423,0.7260182800398,                   ,2MASS J14330833-6115397,218.284748,-61.261055,1.66666662941376E-05,5.87837773638136E+018,218.284653301288,-61.2610737601922,1.7700812055005E-08,Simbad
IGR J14488-5942,222.180092,-59.703815,0.07000000029802332,                   ,O-BVe        ,2013A&A...560A.108C,Be          ,      ,     ,                              ,      ,     ,                              ,49.63,0.05,2017ApJ...846..161C,         ,        ,                   ,          ,       ,                   ,33.419,0.001,2017ApJ...846..161C,        ,       ,                   ,        ,       ,       ,Y ,                     ,    ,    ,Y,              ,      ,     ,    ,                   ,          ,         ,        ,                     ,          ,                   ,                   ,                    ,           ,         ,        ,                     ,IGR J14488-5942   ,222.205,-59.701,0.053166667620341,                 ,                  ,                   ,                      ,                      ,                      ,          ,         ,                      ,                 ,         ,        ,         ,                     ,                   ,                   ,                     ,                   ,2SXPS J144843.2-594213,222.180541666667,-59.7045277777778,0.00102777777777778,2009ATel.2355....1L,                     ,           ,          ,                       ,                      ,,,,                   ,2MASS J14484322-5942137,222.180092,-59.703815,1.94444445272287E-05,                   ,                    ,                    ,                       ,Simbad
Cir X-1,230.17017640757,-57.16674216654,0.00010015206784009919,                   ,B5-A0 I      ,2007MNRAS.374..999J,sg          ,      ,     ,                              ,      ,     ,                              ,16.68,0.15,2007MNRAS.374..999J,         ,        ,                   ,0.45,0.07,2007MNRAS.374..999J,               ,        ,                   ,26,3,2007MNRAS.374..999J,7469,-2103,2320,Y ,12.2279796600342,1,1,Y,              ,      ,     ,    ,                   ,1H1516-569,230.1687,-57.1702,0,          ,                   ,                   ,                    ,3A 1516-569,230.1687,-57.1702,0,Cir X-1           ,230.17,-57.167,0.00699999978144964,                 ,                  ,                   ,                      ,                      ,                      ,          ,         ,                      ,                 ,         ,        ,         ,Cir X-1              ,230.152,-57.171,0.026666667064031,                   ,2SXPS J152040.6-571002,230.16932,-57.16725,0.00033333334657881,                   ,4XMM J152040.8-571000,230.170212,-57.166711,3.64841666666667E-05,2CXO J152040.8-571000 ,230.170199941301,-57.1666752408961,0.7098996939033599,                   ,2MASS J15204084-5710001,230.1702,-57.166706,1.66666662941376E-05,5.88321816451706E+018,230.170176407573,-57.1667421665391,2.7820018844472E-08,Simbad
4U 1538-522,235.59729827777,-52.38601199162,1.0904525406658657e-05,                   ,B0.2Ia       ,1978MNRAS.184P..73P,sg          ,1.18,0.29,2004ARep...48...89A           ,20,     ,2004ARep...48...89A           ,3.72831,0.00002,2019ApJ...873...62H,14.913,0.0026,2021ApJ...906...13C,0.18,0.01,2015A&A...577A.130F,526.42,0.07,2019ApJ...873...62H,-158,11,2004ARep...48...89A,5614,-434,489,  ,0.997794091701508,1,1,Y,              ,      ,     ,    ,                   ,1H1538-522,235.5964,-52.3892,0,          ,                   ,                   ,                    ,3A 1538-522,235.5964,-52.3892,0,4U 1538-522       ,235.597,-52.386,0.00466666668653488,                 ,                  ,                   ,                      ,                      ,                      ,          ,         ,                      ,                 ,         ,        ,         ,4U 1538-522          ,235.601,-52.367,0.0283333341280619,                   ,2SXPS J154223.2-522311,235.59698,-52.38642,0.000972222222222222,                   ,4XMM J154223.3-522309,235.597399,-52.386009,6.77188888888889E-05,2CXO J154223.3-522309 ,235.597324265867,-52.3860520858588,0.7101657922100401,                   ,2MASS J15422335-5223095,235.597322,-52.385994,1.66666662941376E-05,5.88608555774648E+018,235.597298277769,-52.3860119916207,3.02903483518296E-09,Simbad
XTE J1543-568,236.02205987233,-56.76167443177,8.521351963281648e-05,                   ,Be?          ,2001ApJ...553L.165I,Be?         ,      ,     ,                              ,      ,     ,                              ,75.56,0.25,2001ApJ...553L.165I,         ,        ,                   ,0.03,0,2001ApJ...553L.165I,27.12156,0.00059,2001ApJ...553L.165I,        ,       ,                   ,5388,-1925,2675,Y ,1.00190484523773,    ,    ,Y,              ,      ,     ,    ,                   ,          ,         ,        ,                     ,          ,                   ,                   ,                    ,           ,         ,        ,                     ,XTE J1543-568     ,236.008,-56.712,0.0220000008742015,                 ,                  ,                   ,                      ,                      ,                      ,          ,         ,                      ,                 ,         ,        ,         ,XTE J1543-568        ,235.982,-56.776,0.0349999984105428,                   ,2SXPS J154405.2-564541,236.02203,-56.76145,0.000972222222222222,2012ATel.4008....1K,                     ,           ,          ,                       ,                      ,,,,                   ,2MASS J15440515-5645425,236.021468,-56.761826,1.66666662941376E-05,5.88254382030331E+018,236.02205987233,-56.761674431771,2.36704221202268E-08,Simbad
1H 1555-552,238.59067450083,-55.3289895306,1.2693593278527265e-05,                   ,B2IIIn       ,2003AJ....126.2971V,            ,      ,     ,                              ,19.4,5,2015MNRAS.453..976F           ,              ,        ,                   ,         ,        ,                   ,          ,       ,                   ,               ,        ,                   ,        ,       ,                   ,1327,-35,27,  ,                     ,    ,    , ,              ,      ,     ,    ,                   ,          ,         ,        ,                     ,          ,                   ,                   ,                    ,           ,         ,        ,                     ,                  ,        ,                   ,                      ,1WGA J1554.3-5519,238.5925,-55.3261,0.00361111111111111,                      ,                      ,          ,         ,                      ,                 ,         ,        ,         ,                     ,                   ,                   ,                     ,                   ,                      ,                   ,                   ,                       ,                   ,                     ,           ,          ,                       ,                      ,,,,                   ,2MASS J15542182-5519443,238.590917,-55.328995,1.66666662941376E-05,5.88454493147126E+018,238.590674500828,-55.3289895305954,3.52599813292424E-09,Simbad
H 1553-542,239.45139166912,-54.41509807289,0.0022286396026611325,                   ,B1-2 V       ,2016MNRAS.462.3823L,Be          ,      ,     ,                              ,10.8,     ,1996MNRAS.280L..31P           ,30.6,2.2,1983ApJ...274..765K,         ,        ,                   ,          ,       ,                   ,9.282155,0.000003,2022ApJ...927..194M,        ,       ,                   ,        ,       ,       ,Y ,1.14699697494507,    ,0,Y,              ,      ,     ,    ,                   ,          ,         ,        ,                     ,          ,                   ,                   ,                    ,           ,         ,        ,                     ,H 1553-542        ,239.452,-54.435,0.0368333339691162,                 ,                  ,                   ,                      ,                      ,                      ,          ,         ,                      ,                 ,         ,        ,         ,                     ,                   ,                   ,                     ,                   ,2SXPS J155747.9-542452,239.44972,-54.41466,0.000972222222222222,                   ,                     ,           ,          ,                       ,2CXO J155748.3-542453 ,239.4512683583,-54.4147321012406,0.82812559313376,                   ,2MASS J15574819-5424541,239.45082,-54.415031,1.94444445272287E-05,5.88471161054452E+018,239.451391669118,-54.4150980728914,6.19066556294759E-07,Simbad
IGR J16195-4945,244.88409544759,-49.74182617003,4.21879179775716e-05,                   ,ON9.7Iab     ,2013A&A...560A.108C,SFXT?       ,      ,     ,                              ,27.8,     ,2005A&A...436.1049M           ,16,        ,2015A&ARv..23....2W,         ,        ,                   ,          ,       ,                   ,               ,        ,                   ,        ,       ,                   ,2642,-258,275,  ,3.97641038894653,    ,1,Y,              ,      ,     ,    ,                   ,          ,         ,        ,                     ,          ,                   ,                   ,                    ,           ,         ,        ,                     ,AX J161929-4945   ,244.884,-49.742,0.0198333342870076,                 ,                  ,                   ,                      ,                      ,                      ,          ,         ,                      ,                 ,         ,        ,         ,                     ,                   ,                   ,                     ,                   ,2SXPS J161932.3-494431,244.88493,-49.742,0.00033333334657881,                   ,                     ,           ,          ,                       ,2CXO J161932.2-494430 ,244.884177500002,-49.7418237291554,0.72043418965536,                   ,2MASS J16193220-4944305,244.884172,-49.741814,1.66666662941376E-05,5.93550939565973E+018,244.884095447588,-49.7418261700298,1.1718866104881E-08,Simbad
IGR J16207-5129,245.19273371547,-51.50170602014,3.752019628882416e-05,                   ,B1Ia         ,2008A&A...486..911N,sg          ,      ,     ,                              ,      ,     ,                              ,9.726,        ,2011ATel.3785....1J,         ,        ,                   ,          ,       ,                   ,               ,        ,                   ,        ,       ,                   ,8582,-1718,2016,  ,1.26603055000305,1,0,Y,              ,      ,     ,    ,                   ,          ,         ,        ,                     ,          ,                   ,                   ,                    ,           ,         ,        ,                     ,IGR J16207-5129   ,245.193,-51.502,0.0133333335320155,                 ,                  ,                   ,                      ,                      ,                      ,          ,         ,                      ,                 ,         ,        ,         ,                     ,                   ,                   ,                     ,                   ,2SXPS J162046.2-513006,245.19263,-51.50173,0.000833333333333333,                   ,4XMM J162046.2-513005,245.192628,-51.501542,0.000203427222222222,2CXO J162046.2-513006 ,245.192797213069,-51.5017061989274,0.71245013496192,                   ,2MASS J16204627-5130060,245.192798,-51.501675,1.66666662941376E-05,5.93477615887722E+018,245.192733715468,-51.5017060201424,1.04222767468956E-08,Simbad
SWIFT J1626.6-5156,246.652188,-51.941818,0.05999999865889536,                   ,B0Ve         ,2011A&A...533A..23R,Be          ,      ,     ,                              ,17.5,0,1996MNRAS.280L..31P           ,132.89,0.03,2010ApJ...711.1306B,         ,        ,                   ,0.08,0.01,2010ApJ...711.1306B,15.346577,0.000001,2010ApJ...711.1306B,        ,       ,                   ,        ,       ,       ,Y ,19.1773300170898,    ,1,Y,              ,      ,     ,    ,                   ,          ,         ,        ,                     ,          ,                   ,                   ,                    ,           ,         ,        ,                     ,SWIFT J1626.6-5156,246.651,-51.943,0.0270000000794729,                 ,                  ,                   ,                      ,                      ,                      ,          ,         ,                      ,                 ,         ,        ,         ,                     ,                   ,                   ,                     ,                   ,2SXPS J162636.4-515629,246.65188,-51.94155,0.000305555562178294,                   ,                     ,           ,          ,                       ,2CXO J162636.5-515630 ,246.652125845421,-51.9418252272375,0.70995292154352,                   ,2MASS J16263652-5156305,246.652188,-51.941818,1.66666662941376E-05,                   ,                    ,                    ,                       ,Simbad
IGR J16283-4838,247.045134,-48.648914,0.10999999940395357,                   ,OBI          ,2011A&A...526A..15P,sg          ,      ,     ,                              ,      ,     ,                              ,287.6,1.7,2013ApJ...775L..25C,         ,        ,                   ,          ,       ,                   ,               ,        ,                   ,        ,       ,                   ,        ,       ,       ,Y ,6.2091212272644,0,    ,Y,              ,      ,     ,    ,                   ,          ,         ,        ,                     ,          ,                   ,                   ,                    ,           ,         ,        ,                     ,IGR J16283-4838   ,247.045,-48.649,0.0220000008742015,                 ,                  ,                   ,                      ,                      ,                      ,          ,         ,                      ,                 ,         ,        ,         ,                     ,                   ,                   ,                     ,                   ,2SXPS J162810.7-483854,247.04488,-48.6486,0.000694444444444444,                   ,4XMM J162810.8-483856,247.045058,-48.648904,0.000229983888888889,                      ,,,,                   ,2MASS J16281083-4838560,247.045134,-48.648914,3.05555553899871E-05,                   ,                    ,                    ,                       ,Simbad
IGR J16318-4848,247.95125817288,-48.81687706741,0.00013132824003696456,                   ,sgB[e]       ,2004ApJ...616..469F,sgB[e]      ,      ,     ,                              ,      ,     ,                              ,80.09,0.012,2017MNRAS.471..355I,         ,        ,                   ,          ,       ,                   ,               ,        ,                   ,        ,       ,                   ,6663,-2034,4052,  ,1.27628457546234,1,    ,Y,              ,      ,     ,    ,                   ,          ,         ,        ,                     ,          ,                   ,                   ,                    ,           ,         ,        ,                     ,IGR J16318-4848   ,247.952,-48.817,0.00416666666666667,                 ,                  ,                   ,                      ,                      ,                      ,          ,         ,                      ,                 ,         ,        ,         ,                     ,                   ,                   ,                     ,                   ,2SXPS J163148.2-484900,247.95118,-48.81694,0.000444444451067183,                   ,4XMM J163148.3-484900,247.951312,-48.816834,3.10730555555556E-05,                      ,,,,                   ,2MASS J16314831-4849005,247.951306,-48.816818,1.66666662941376E-05,5.94077787743514E+018,247.951258172883,-48.8168770674089,3.64800666769346E-08,Simbad
AX J1631.9-4752,248.007333,-47.874722,0.07999999821186048,                   ,O8I          ,2008A&A...484..801R,sg          ,      ,     ,                              ,33.7,0,2005A&A...436.1049M           ,8.96,0.01,2005ATel..649....1C,         ,        ,                   ,0.2,0.01,2018A&A...618A..61G,1309,40,2005A&A...433L..41L,        ,       ,                   ,        ,       ,       ,  ,1.03822386264801,1,1,Y,              ,      ,     ,    ,                   ,          ,         ,        ,                     ,          ,                   ,                   ,                    ,           ,         ,        ,                     ,AX J1631.9-4752   ,248.008,-47.874,0.00483333319425583,                 ,                  ,                   ,                      ,                      ,                      ,          ,         ,                      ,                 ,         ,        ,         ,AX J1631.9-4752      ,248.004,-47.883,0.0483333349227905,                   ,2SXPS J163201.6-475229,248.00669,-47.87482,0.000305555562178294,                   ,4XMM J163201.7-475228,248.007343,-47.874716,2.77516666666667E-05,2CXO J163201.8-475228 ,248.007796283856,-47.8744502986956,1.56487504994784,                   ,2MASS J16320175-4752289,248.007333,-47.874722,2.22222217255168E-05,                   ,                    ,                    ,                       ,Simbad
IGR J16328-4726,248.15828734749,-47.39454755452,0.0005172222852706896,                   ,O8Iafpe      ,2013A&A...560A.108C,SFXT        ,      ,     ,                              ,33.7,0,2005A&A...436.1049M           ,10.068,0.002,2013ApJ...762...19F,         ,        ,                   ,          ,       ,                   ,               ,        ,                   ,        ,       ,                   ,2131,-1012,1769,  ,8.43364906311035,1,    ,Y,              ,      ,     ,    ,                   ,          ,         ,        ,                     ,          ,                   ,                   ,                    ,           ,         ,        ,                     ,IGR J16328-4726   ,248.158,-47.395,0.0206666668256124,                 ,                  ,                   ,                      ,                      ,                      ,          ,         ,                      ,                 ,         ,        ,         ,                     ,                   ,                   ,                     ,                   ,2SXPS J163237.9-472340,248.15793,-47.39469,0.000249999993377262,                   ,4XMM J163237.8-472341,248.157591,-47.394838,7.01044444444444E-05,                      ,,,,                   ,2MASS J16323791-4723409,248.157967,-47.394699,3.05555553899871E-05,5.94132433469412E+018,248.158287347492,-47.394547554522,1.43672857019636E-07,Simbad
IGR J16327-4940,248.16638484576,-49.70382899144,4.111666232347476e-05,                   ,OB III       ,2010A&A...519A..96M,            ,      ,     ,                              ,      ,     ,                              ,              ,        ,                   ,         ,        ,                   ,          ,       ,                   ,               ,        ,                   ,        ,       ,                   ,13138,-3256,4426,Y ,                     ,    ,    ,Y,              ,      ,     ,    ,                   ,          ,         ,        ,                     ,          ,                   ,                   ,                    ,           ,         ,        ,                     ,IGR J16327-4940   ,248.172,-49.666,0.0839999993642171,                 ,                  ,                   ,                      ,                      ,                      ,          ,         ,                      ,                 ,         ,        ,         ,                     ,                   ,                   ,                     ,                   ,                      ,                   ,                   ,                       ,                   ,                     ,           ,          ,                       ,                      ,,,,                   ,2MASS J16323995-4942137,248.166467,-49.703823,1.66666662941376E-05,5.94057697171647E+018,248.166384845765,-49.7038289914443,1.14212950898541E-08,Simbad
IGR J16374-5043,249.30623574098,-50.72459536144,0.0004927367866039272,                   ,             ,2020MNRAS.491.4543S,SFXT?       ,      ,     ,                              ,      ,     ,                              ,              ,        ,                   ,         ,        ,                   ,          ,       ,                   ,               ,        ,                   ,        ,       ,                   ,4224,-1799,3433,Y ,2.23375797271729,    ,    ,Y,              ,      ,     ,    ,                   ,          ,         ,        ,                     ,          ,                   ,                   ,                    ,           ,         ,        ,                     ,IGR J16374-5043   ,249.306,-50.725,0.0398333350817362,                 ,                  ,                   ,                      ,                      ,                      ,          ,         ,                      ,                 ,         ,        ,         ,                     ,                   ,                   ,                     ,                   ,2SXPS J163713.4-504330,249.30615,-50.72527,0.00111111111111111,                   ,                     ,           ,          ,                       ,                      ,,,,                   ,                       ,           ,          ,                       ,5.94028509005055E+018,249.306235740984,-50.7245953614413,1.36871329612202E-07,Simbad
AX J163904-4642,249.772846,-46.703545,0.52751299999968,                   ,BIV-V        ,2008A&A...484..783C,Be          ,      ,     ,                              ,      ,     ,                              ,4.23785,0.000012,2015MNRAS.446.4148I,14.99,0.01,2013ApJ...778...45C,          ,       ,                   ,908.79,0.01,2015MNRAS.446.4148I,        ,       ,                   ,        ,       ,       ,  ,4.19402980804443,1,1,Y,              ,      ,     ,    ,                   ,          ,         ,        ,                     ,          ,                   ,                   ,                    ,           ,         ,        ,                     ,AX J163904-4642   ,249.773,-46.704,0.00866666634877523,                 ,                  ,                   ,                      ,                      ,                      ,          ,         ,                      ,                 ,         ,        ,         ,                     ,                   ,                   ,                     ,                   ,2SXPS J163905.4-464212,249.77267,-46.70339,0.000277777777777778,                   ,4XMM J163905.4-464212,249.772846,-46.703545,0.000146531388888889,2CXO J163905.4-464212 ,249.772776269511,-46.7034976789989,0.71173374716268,                   ,                       ,           ,          ,                       ,                   ,                    ,                    ,                       ,Simbad
IGR J16418-4532,250.461623,-45.540375,0.05999999865889536,                   ,BN0.5Ia      ,2013A&A...560A.108C,SFXT?       ,      ,     ,                              ,      ,     ,                              ,3.753,0.004,2006ATel..779....1C,14.73,0.006,2013ApJ...778...45C,          ,       ,                   ,1246,        ,2006A&A...453..133W,        ,       ,                   ,        ,       ,       ,  ,12.1799306869507,1,    ,Y,              ,      ,     ,    ,                   ,          ,         ,        ,                     ,          ,                   ,                   ,                    ,           ,         ,        ,                     ,IGR J16418-4532   ,250.462,-45.541,0.0110000004371007,                 ,                  ,                   ,                      ,                      ,                      ,          ,         ,                      ,                 ,         ,        ,         ,                     ,                   ,                   ,                     ,                   ,2SXPS J164150.7-453225,250.46139,-45.54048,0.000388888882266151,                   ,4XMM J164150.7-453225,250.461503,-45.540385,0.000236767777777778,                      ,,,,                   ,2MASS J16415078-4532253,250.461623,-45.540375,1.66666662941376E-05,                   ,                    ,                    ,                       ,Simbad
IGR J16465-4507,251.64690161253,-45.11796081034,1.558840926736595e-05,                   ,O9.5Ia       ,2008A&A...486..911N,SFXT        ,      ,     ,                              ,27.8,     ,2005A&A...436.1049M           ,30.24,        ,2018MNRAS.481.2779S,         ,        ,                   ,          ,       ,                   ,228,        ,2006A&A...453..133W,        ,       ,                   ,2912,-148,224,  ,5.21698093414307,0,    ,Y,              ,      ,     ,    ,                   ,          ,         ,        ,                     ,          ,                   ,                   ,                    ,           ,         ,        ,                     ,IGR J16465-4507   ,251.648,-45.118,0.02650000055631,                 ,                  ,                   ,                      ,                      ,                      ,          ,         ,                      ,                 ,         ,        ,         ,                     ,                   ,                   ,                     ,                   ,2SXPS J164635.5-450706,251.64805,-45.11841,0.000305555562178294,                   ,4XMM J164635.2-450706,251.646915,-45.11842,0.000331351388888889,                      ,,,,                   ,2MASS J16463526-4507045,251.64692,-45.117943,1.66666662941376E-05,5.94324634543093E+018,251.646901612526,-45.1179608103413,4.33011368537943E-09,Simbad
IGR J16479-4514,252.027341,-45.201893,0.05999999865889536,                   ,O9.5Iab      ,2008A&A...486..911N,SFXT        ,      ,     ,                              ,27.8,0,2005A&A...436.1049M           ,3.3194,0.001,2009MNRAS.397L..11J,11.88,0.002,2013ApJ...778...45C,          ,       ,                   ,               ,        ,                   ,        ,       ,                   ,        ,       ,       ,  ,18.7029705047607,1,0,Y,              ,      ,     ,    ,                   ,          ,         ,        ,                     ,          ,                   ,                   ,                    ,           ,         ,        ,                     ,IGR J16479-4514   ,252.027,-45.202,0.0118333329757055,                 ,                  ,                   ,                      ,                      ,                      ,          ,         ,                      ,                 ,         ,        ,         ,                     ,                   ,                   ,                     ,                   ,2SXPS J164806.7-451206,252.02804,-45.20177,0.000305555562178294,                   ,4XMM J164806.7-451208,252.028078,-45.20227,0.000137782222222222,2CXO J164806.5-451206 ,252.027449666989,-45.2018950158911,0.72711046371312,                   ,2MASS J16480656-4512068,252.027341,-45.201893,1.66666662941376E-05,                   ,                    ,                    ,                       ,Simbad
IGR J16493-4348,252.362308,-43.81918,0.05999999865889536,                   ,B0.5Ib       ,2008ATel.1396....1N,sg          ,      ,     ,                              ,      ,     ,                              ,6.7828,0.0004,2019ApJ...873...86P,20.058,0.007,2019ApJ...879...34C,0,       ,2019ApJ...873...86P,1093.1036,0.0004,2019ApJ...873...86P,        ,       ,                   ,        ,       ,       ,  ,2.39851474761963,    ,1,Y,              ,      ,     ,    ,                   ,          ,         ,        ,                     ,          ,                   ,                   ,                    ,           ,         ,        ,                     ,IGR J16493-4348   ,252.362,-43.819,0.0186666667461395,                 ,                  ,                   ,                      ,                      ,                      ,          ,         ,                      ,                 ,         ,        ,         ,                     ,                   ,                   ,                     ,                   ,2SXPS J164926.9-434908,252.3623,-43.81916,0.000416666666666667,                   ,                     ,           ,          ,                       ,2CXO J164926.9-434909 ,252.362214376114,-43.8192156504603,0.7120522307217599,                   ,2MASS J16492695-4349090,252.362308,-43.81918,1.66666662941376E-05,                   ,                    ,                    ,                       ,Simbad
AX J1700-419,255.01813049348,-41.9682172644,0.0002962470352649688,                   ,Be?          ,                   ,            ,      ,     ,                              ,      ,     ,                              ,              ,        ,                   ,         ,        ,                   ,          ,       ,                   ,714.5,0.3,1999ApJ...523L..65T,        ,       ,                   ,3282,-1153,1564,  ,1.13230776786804,1,1,Y,              ,      ,     ,    ,                   ,          ,         ,        ,                     ,          ,                   ,                   ,                    ,           ,         ,        ,                     ,                  ,        ,                   ,                      ,                 ,                  ,                   ,                      ,                      ,                      ,          ,         ,                      ,                 ,         ,        ,         ,                     ,                   ,                   ,                     ,                   ,2SXPS J170004.4-415806,255.01858,-41.96838,0.000750000013245477,                   ,4XMM J170004.5-415809,255.019005,-41.96921,0.000271683611111111,2CXO J170004.3-415805 ,255.018129664567,-41.9681987139936,0.7291927656910799,                   ,                       ,           ,          ,                       ,5.96635853081916E+018,255.018130493483,-41.9682172643993,8.2290843129158E-08,Simbad
AX J1700.2-4220,255.08037320535,-42.33863811657,0.72740273445324,                   ,B0.5IVe      ,2007A&A...461..631N,Be          ,      ,     ,                              ,14.6,     ,1996MNRAS.280L..31P           ,44.03,0.03,2017ApJ...846..161C,         ,        ,                   ,          ,       ,                   ,54.22,0.03,2010ATel.2564....1M,        ,       ,                   ,        ,       ,       ,  ,3.16758227348328,0,0, ,              ,      ,     ,    ,                   ,          ,         ,        ,                     ,          ,                   ,                   ,                    ,           ,         ,        ,                     ,AX J1700.2-4220   ,255.075,-42.34,0.0206666668256124,                 ,                  ,                   ,                      ,                      ,                      ,          ,         ,                      ,                 ,         ,        ,         ,                     ,                   ,                   ,                     ,                   ,2SXPS J170019.3-422020,255.08074,-42.33914,0.000777777764532301,                   ,4XMM J170019.3-422019,255.080446,-42.338873,0.000530734166666667,2CXO J170019.2-422019 ,255.080373205353,-42.3386381165704,0.72740273445324,                   ,                       ,           ,          ,                       ,                   ,                    ,                    ,                       ,Simbad
OAO 1657-415,255.203682,-41.65596,0.05999999865889536,                   ,Ofpe/WN9     ,2009A&A...505..281M,WR          ,1.42,0.26,2012MNRAS.422..199M           ,14.3,0.8,2012MNRAS.422..199M           ,10.44812,0.00013,2008A&A...486..293B,         ,        ,                   ,0.107,0.001,2011AIPC.1379..212J,37.03322,0.00014,2022MNRAS.509.5747S,-57.2,3,2012MNRAS.422..199M,        ,       ,       ,  ,41.2440185546875,    ,    ,Y,              ,      ,     ,    ,                   ,          ,         ,        ,                     ,          ,                   ,                   ,                    ,           ,         ,        ,                     ,OAO 1657-415      ,255.204,-41.656,0.00333333338300387,                 ,                  ,                   ,                      ,                      ,                      ,          ,         ,                      ,                 ,         ,        ,         ,OAO 1657-415         ,255.186,-41.673,0.0316666662693024,                   ,2SXPS J170048.8-413920,255.20346,-41.65578,0.000944444470935398,                   ,                     ,           ,          ,                       ,                      ,,,,                   ,2MASS J17004888-4139214,255.203682,-41.65596,1.66666662941376E-05,                   ,                    ,                    ,                       ,Simbad
4U 1700-377,255.98656593018,-37.84412027228,2.1049443632364268e-05,                   ,O6Iafcp      ,2014ApJS..211...10S,sg          ,1.96,0.19,2015A&A...577A.130F           ,46,5,2015A&A...577A.130F           ,3.41166,0.000004,2016MNRAS.461..816I,         ,        ,                   ,0.03,0.02,2016MNRAS.461..816I,               ,        ,                   ,-60,10,1986ApJS...61..419G,1499,-57,50,  ,1.42561459541321,1,    ,Y,              ,      ,     ,    ,                   ,          ,         ,        ,                     ,          ,                   ,                   ,                    ,           ,         ,        ,                     ,4U 1700-377       ,255.987,-37.844,0.00283333336313566,                 ,                  ,                   ,                      ,                      ,                      ,          ,         ,                      ,                 ,         ,        ,         ,4U 1700-377          ,255.998,-37.859,0.026666667064031,                   ,2SXPS J170356.8-375038,255.98673,-37.84404,0.000972222222222222,                   ,4XMM J170356.7-375038,255.986597,-37.844118,3.35091666666667E-05,                      ,,,,                   ,2MASS J17035678-3750389,255.986612,-37.844158,1.66666662941376E-05,5.97638291581354E+018,255.986565930179,-37.8441202722809,5.84706767565674E-09,Simbad
AX J1714.1-3912,258.4329687698,-39.201565709,0.0017848939895629885,                   ,             ,2022MNRAS.512.2929S,sgB[e]/SFXT?,      ,     ,                              ,      ,     ,                              ,              ,        ,                   ,         ,        ,                   ,          ,       ,                   ,               ,        ,                   ,        ,       ,                   ,        ,       ,       ,  ,                     ,1,    ,Y,              ,      ,     ,    ,                   ,          ,         ,        ,                     ,          ,                   ,                   ,                    ,           ,         ,        ,                     ,                  ,        ,                   ,                      ,                 ,                  ,                   ,                      ,                      ,                      ,          ,         ,                      ,                 ,         ,        ,         ,                     ,                   ,                   ,                     ,                   ,                      ,                   ,                   ,                       ,                   ,4XMM J171343.9-391206,258.432982,-39.201804,0.000121433055555556,CXOU J171343.9-391205 ,258.432916666667,-39.2013888888889,0.5999999999997601,2018A&A...612A..32M,2MASS J17134391-3912055,258.432998,-39.201542,1.66666662941376E-05,5.97229884861359E+018,258.432968769801,-39.2015657089988,4.95803885989719E-07,Simbad
XTE J1716-389,258.985248,-38.864929,0.07999999821186048,                   ,sg?          ,2010MNRAS.408.1866R,sg?         ,      ,     ,                              ,      ,     ,                              ,99.1,0.4,2006ApJS..163..372W,         ,        ,                   ,          ,       ,                   ,               ,        ,                   ,        ,       ,                   ,        ,       ,       ,Y ,                     ,    ,0,Y,              ,      ,     ,    ,                   ,          ,         ,        ,                     ,          ,                   ,                   ,                    ,           ,         ,        ,                     ,XTE J1716-389     ,258.983,-38.865,0.0443333347638448,                 ,                  ,                   ,                      ,                      ,                      ,          ,         ,                      ,                 ,         ,        ,         ,XTE J1716-389        ,258.983,-38.859,0.0283333341280619,                   ,                      ,                   ,                   ,                       ,                   ,                     ,           ,          ,                       ,2CXO J171556.4-385154 ,258.985102412754,-38.8650399226969,0.93461856134328,                   ,2MASS J17155645-3851537,258.985248,-38.864929,2.22222217255168E-05,                   ,                    ,                    ,                       ,Simbad
EXO 1722-363,261.297465,-36.282646,0.05999999865889536,                   ,B0-1Ia       ,2009A&A...505..281M,sg          ,1.91,0.45,2015A&A...577A.130F           ,18,2,2015A&A...577A.130F           ,9.7403,0.0004,2007ApJ...661..447T,         ,        ,                   ,0.19,-1,2007ApJ...661..447T,414.8,0.5,2006A&A...448..261Z,-6.5,3.8,2010A&A...509A..79M,        ,       ,       ,  ,2.74655175209045,1,    ,Y,              ,      ,     ,    ,                   ,          ,         ,        ,                     ,          ,                   ,                   ,                    ,           ,         ,        ,                     ,EXO 1722-363      ,261.297,-36.283,0.00649999976158142,                 ,                  ,                   ,                      ,                      ,                      ,          ,         ,                      ,                 ,         ,        ,         ,                     ,                   ,                   ,                     ,                   ,2SXPS J172511.2-361658,261.29682,-36.28297,0.000999999973509047,                   ,4XMM J172511.3-361657,261.297493,-36.282647,3.94702777777778E-05,                      ,,,,                   ,2MASS J17251139-3616575,261.297465,-36.282646,1.66666662941376E-05,                   ,                    ,                    ,                       ,Simbad
IGR J17354-3255,263.86499688215,-32.93182312091,0.0003286957144737244,                   ,O9Iab        ,2013A&A...560A.108C,SFXT        ,      ,     ,                              ,29.6,0,2005A&A...436.1049M           ,8.447,0.002,2011MNRAS.417..573S,         ,        ,                   ,          ,       ,                   ,               ,        ,                   ,        ,       ,                   ,3826,-1769,1523,  ,2.63427567481995,1,1,Y,              ,      ,     ,    ,                   ,          ,         ,        ,                     ,          ,                   ,                   ,                    ,           ,         ,        ,                     ,IGR J17354-3255   ,263.865,-32.932,0.0256666660308838,                 ,                  ,                   ,                      ,                      ,                      ,          ,         ,                      ,                 ,         ,        ,         ,                     ,                   ,                   ,                     ,                   ,2SXPS J173527.7-325548,263.86551,-32.93008,0.000888888902134365,                   ,4XMM J173527.4-325554,263.86453,-32.931855,0.000304787777777778,2CXO J173527.5-325554 ,263.864952090007,-32.9317685447762,0.7178002538914801,                   ,2MASS J17352760-3255544,263.865018,-32.931797,1.66666662941376E-05,4.05455928475342E+018,263.864996882149,-32.9318231209059,9.13043651315901E-08,Simbad
IGR J17375-3022,264.39208,-30.38806,0.8999999761579199,                   ,             ,2020MNRAS.491.4543S,SFXT?       ,      ,     ,                              ,      ,     ,                              ,              ,        ,                   ,         ,        ,                   ,          ,       ,                   ,               ,        ,                   ,        ,       ,                   ,        ,       ,       ,Y ,1.57108008861542,    ,    ,Y,              ,      ,     ,    ,                   ,          ,         ,        ,                     ,          ,                   ,                   ,                    ,           ,         ,        ,                     ,IGR J17375-3022   ,264.391,-30.388,0.0428333322207133,                 ,                  ,                   ,                      ,                      ,                      ,          ,         ,                      ,                 ,         ,        ,         ,                     ,                   ,                   ,                     ,                   ,2SXPS J173734.0-302317,264.39208,-30.38806,0.000249999993377262,                   ,                     ,           ,          ,                       ,                      ,,,,                   ,                       ,           ,          ,                       ,                   ,                    ,                    ,                       ,Simbad
XTE J1739-302,264.79812927251,-30.34381326585,4.0432728826999805e-05,                   ,O8Iab(f)     ,2006ApJ...638..982N,SFXT        ,      ,     ,                              ,33.7,     ,2005A&A...436.1049M           ,51.47,        ,2018MNRAS.481.2779S,         ,        ,                   ,          ,       ,                   ,               ,        ,                   ,        ,       ,                   ,1929,-165,201,Y ,55.3223114013672,1,1,Y,              ,      ,     ,    ,                   ,          ,         ,        ,                     ,          ,                   ,                   ,                    ,           ,         ,        ,                     ,XTE J1739-302     ,264.798,-30.344,0.0126666665077209,                 ,                  ,                   ,                      ,                      ,                      ,          ,         ,                      ,                 ,         ,        ,         ,                     ,                   ,                   ,                     ,                   ,2SXPS J173911.6-302035,264.79835,-30.34331,0.000222222225533591,                   ,4XMM J173911.5-302037,264.798139,-30.343867,6.91236111111111E-05,2CXO J173911.5-302037 ,264.798147341791,-30.3437742852803,0.71451566502984,                   ,2MASS J17391155-3020380,264.798155,-30.343893,2.22222217255168E-05,4.05692210518569E+018,264.798129272514,-30.3438132658494,1.12313135630555E-08,Simbad
GRS 1736-297,264.88796736281,-29.72458420595,0.0005910012722015388,                   ,             ,                   ,            ,      ,     ,                              ,      ,     ,                              ,              ,        ,                   ,         ,        ,                   ,          ,       ,                   ,               ,        ,                   ,        ,       ,                   ,2271,-995,1723,Y ,5.57782125473022,0,    ,Y,              ,      ,     ,    ,                   ,          ,         ,        ,                     ,          ,                   ,                   ,                    ,           ,         ,        ,                     ,GRS 1736-297      ,264.888,-29.724,0.0313333332538605,GRS 1736-297     ,264.875416666667,-29.7022222222222,0.00527777777777778,?                     ,                      ,          ,         ,                      ,                 ,         ,        ,         ,                     ,                   ,                   ,                     ,                   ,2SXPS J173929.9-294208,264.87489,-29.70224,0.00066666669315762,                   ,4XMM J173929.9-294209,264.874958,-29.702723,0.000134416666666667,                      ,,,,                   ,                       ,           ,          ,                       ,4.05702370263278E+018,264.887967362809,-29.7245842059488,1.64167020055983E-07,Simbad
XTE J1743-363,265.755567,-36.372829,0.05999999865889536,                   ,O9I/GIII-I   ,2010MNRAS.408.1866R,sg          ,      ,     ,                              ,29.63,     ,2005A&A...436.1049M           ,              ,        ,                   ,         ,        ,                   ,          ,       ,                   ,               ,        ,                   ,        ,       ,                   ,        ,       ,       ,Y ,4.30468702316284,1,0,Y,              ,      ,     ,    ,                   ,          ,         ,        ,                     ,          ,                   ,                   ,                    ,           ,         ,        ,                     ,XTE J1743-363     ,265.755,-36.373,0.0120000004768372,                 ,                  ,                   ,                      ,                      ,                      ,          ,         ,                      ,                 ,         ,        ,         ,                     ,                   ,                   ,                     ,                   ,2SXPS J174301.0-362218,265.75421,-36.37185,0.000388888882266151,                   ,4XMM J174301.2-362222,265.755295,-36.372783,7.84244444444445E-05,2CXO J174301.2-362222 ,265.755394137419,-36.3728028156518,0.78983483107428,                   ,2MASS J17430133-3622221,265.755567,-36.372829,1.66666662941376E-05,                   ,                    ,                    ,                       ,Simbad
1E 1740.7-2942,265.978478,-29.745278,0.2181390000000001,                   ,             ,                   ,            ,5,1.1,2020MNRAS.493.2694S           ,      ,     ,                              ,12.61,0.06,2017ApJ...843L..10S,         ,        ,                   ,          ,       ,                   ,               ,        ,                   ,        ,       ,                   ,        ,       ,       ,  ,34.7117614746094,1,1,Y,              ,      ,     ,    ,                   ,          ,         ,        ,                     ,          ,                   ,                   ,                    ,           ,         ,        ,                     ,1E 1740.7-2942    ,265.978,-29.745,0.00333333338300387,1WGA J1743.9-2944,265.9758,-29.7471,0.00361111111111111,                      ,                      ,          ,         ,                      ,                 ,         ,        ,         ,1E 1740.7-2942       ,265.956,-29.728,0.026666667064031,                   ,2SXPS J174354.8-294444,265.97853,-29.74559,0.000249999993377262,                   ,4XMM J174354.8-294443,265.978478,-29.745278,6.05941666666667E-05,2CXO J174354.8-294443 ,265.978510673772,-29.7452874220903,0.70991300118744,                   ,                       ,           ,          ,                       ,                   ,                    ,                    ,                       ,Simbad
RX J1744.7-2713,266.19068598154,-27.2290321368,1.986184902489185e-05,                   ,B0.5V-IIIe   ,2006A&A...454..265L,Be          ,      ,     ,                              ,14.6,     ,1996MNRAS.280L..31P           ,              ,        ,                   ,         ,        ,                   ,          ,       ,                   ,3245,350,2006A&A...454..265L,        ,       ,                   ,1207,-29,33,  ,                     ,1,1,Y,              ,      ,     ,    ,                   ,          ,         ,        ,                     ,          ,                   ,                   ,                    ,           ,         ,        ,                     ,                  ,        ,                   ,                      ,1WGA J1744.7-2713,266.1892,-27.2306,0.00361111111111111,                      ,1RXS  J174444.7-271326,266.18625,-27.22389,0.00388888888888889,                 ,         ,        ,         ,                     ,                   ,                   ,                     ,                   ,                      ,                   ,                   ,                       ,                   ,4XMM J174445.6-271344,266.190354,-27.22916,0.000373636388888889,2CXO J174445.7-271344 ,266.190723408614,-27.2290256550901,0.7247354680314,                   ,2MASS J17444577-2713444,266.190711,-27.229004,1.66666662941376E-05,4.06078434595955E+018,266.190685981538,-27.2290321367955,5.51718028469218E-09,Simbad
AX J1749.1-2733,267.27870137362,-27.54251319626,0.71758306553616,                   ,B1-3V        ,2010MNRAS.409L..69K,Be          ,      ,     ,                              ,9.6,     ,1996MNRAS.280L..31P           ,185.5,1.1,2008A&A...489..657Z,         ,        ,                   ,          ,       ,                   ,66.09,0.07,2008A&A...489..657Z,        ,       ,                   ,        ,       ,       ,Y ,                     ,1,0,Y,              ,      ,     ,    ,                   ,          ,         ,        ,                     ,          ,                   ,                   ,                    ,           ,         ,        ,                     ,AX J1749.1-2733   ,267.288,-27.553,0.0155000001192093,                 ,                  ,                   ,                      ,                      ,                      ,          ,         ,                      ,                 ,         ,        ,         ,                     ,                   ,                   ,                     ,                   ,                      ,                   ,                   ,                       ,                   ,4XMM J174906.8-273233,267.278484,-27.542625,0.000251583888888889,2CXO J174906.8-273233 ,267.278701373619,-27.5425131962559,0.71758306553616,                   ,                       ,           ,          ,                       ,                   ,                    ,                    ,                       ,Simbad
AX J1749.2-2725,267.30166693798,-27.42728618715,0.7288817716961999,                   ,B3V          ,2010MNRAS.409L..69K,Be          ,      ,     ,                              ,7.7,     ,1996MNRAS.280L..31P           ,              ,        ,                   ,         ,        ,                   ,          ,       ,                   ,220.38,0.2,1998ApJ...508..854T,        ,       ,                   ,        ,       ,       ,  ,                     ,0,1,Y,              ,      ,     ,    ,                   ,          ,         ,        ,                     ,          ,                   ,                   ,                    ,           ,         ,        ,                     ,                  ,        ,                   ,                      ,                 ,                  ,                   ,                      ,                      ,                      ,          ,         ,                      ,                 ,         ,        ,         ,                     ,                   ,                   ,                     ,                   ,2SXPS J174912.3-272538,267.30154,-27.42732,0.00113888886239794,                   ,4XMM J174912.4-272538,267.30179,-27.427365,0.000217568333333333,2CXO J174912.4-272538 ,267.301666937982,-27.4272861871505,0.7288817716961999,                   ,                       ,           ,          ,                       ,                   ,                    ,                    ,                       ,Simbad
GRO J1750-27,267.304,-26.64405555556,0.9,2019A&A...630A.105R,Be?          ,1997ApJS..113..367B,Be?         ,      ,     ,                              ,      ,     ,                              ,29.806,0.001,2009MNRAS.393..419S,         ,        ,                   ,0.36,0.002,2009MNRAS.393..419S,4.45349,0.00002,2009MNRAS.393..419S,        ,       ,                   ,        ,       ,       ,YY,                     ,    ,    ,Y,              ,      ,     ,    ,                   ,          ,         ,        ,                     ,          ,                   ,                   ,                    ,           ,         ,        ,                     ,GRO J1750-27      ,267.3,-26.647,0.00366666664679845,GRO J1750-27     ,267.302916666667,-26.6433333333333,0.00111111111111111,Trumper1997_(in_press),                      ,          ,         ,                      ,                 ,         ,        ,         ,                     ,                   ,                   ,                     ,                   ,2SXPS J174912.3-263842,267.304583333333,-26.6436944444444,0.00138888888888889,2008GCN..7274....1B,                     ,           ,          ,                       ,GRO J1750-27          ,267.304,-26.6440555555556,0.9,2019A&A...630A.105R,                       ,           ,          ,                       ,                   ,                    ,                    ,                       ,Simbad
IGR J17503-2636,267.575261,-26.604673,0.05999999865889536,                   ,sg?          ,2018ATel11992....1M,SFXT?       ,      ,     ,                              ,      ,     ,                              ,              ,        ,                   ,         ,        ,                   ,          ,       ,                   ,               ,        ,                   ,        ,       ,                   ,        ,       ,       ,  ,                     ,    ,    , ,              ,      ,     ,    ,                   ,          ,         ,        ,                     ,          ,                   ,                   ,                    ,           ,         ,        ,                     ,                  ,        ,                   ,                      ,                 ,                  ,                   ,                      ,                      ,                      ,          ,         ,                      ,                 ,         ,        ,         ,                     ,                   ,                   ,                     ,                   ,IGR J17503-2636       ,267.57527,-26.60458,0.000611111111111111,2018ATel11952....1C,                     ,           ,          ,                       ,                      ,,,,                   ,2MASS J17501806-2636168,267.575261,-26.604673,1.66666662941376E-05,                   ,                    ,                    ,                       ,Simbad
IGR J17544-2619,268.60529870303,-26.33127433695,2.2245995700359353e-05,                   ,O9Ib         ,2006A&A...455..653P,SFXT        ,1.4,     ,2017AstL...43..664B           ,23,2,2017AstL...43..664B           ,12.172,0.007,2013BCrAO.109...27N,         ,        ,                   ,0.44,0.1,2013BCrAO.109...27N,71.49,0.02,2012A&A...539A..21D,-46.8,4,2013BCrAO.109...27N,2425,-134,156,Y ,81.8861236572266,1,1,Y,              ,      ,     ,    ,                   ,          ,         ,        ,                     ,          ,                   ,                   ,                    ,           ,         ,        ,                     ,IGR J17544-2619   ,268.605,-26.331,0.0153333336114883,                 ,                  ,                   ,                      ,                      ,                      ,          ,         ,                      ,                 ,         ,        ,         ,                     ,                   ,                   ,                     ,                   ,2SXPS J175425.1-261952,268.60495,-26.33125,0.000222222225533591,                   ,4XMM J175425.2-261952,268.605307,-26.33128,3.64486111111111E-05,2CXO J175425.2-261952 ,268.605067923386,-26.3313837177248,1.2266885774476801,                   ,2MASS J17542527-2619526,268.605314,-26.33128,1.66666662941376E-05,4.06390881007642E+018,268.605298703025,-26.3312743369477,6.17944325009982E-09,Simbad
GRS 1758-258,270.30197072334,-25.74327909233,0.000919099509716034,                   ,AV           ,2016A&A...596A..46M,IMXB?       ,      ,     ,                              ,      ,     ,                              ,18.45,0.1,2002ApJ...578L.129S,         ,        ,                   ,          ,       ,                   ,               ,        ,                   ,        ,       ,                   ,4630,-1998,2554,  ,1.1595174074173,1,0,Y,              ,      ,     ,    ,                   ,          ,         ,        ,                     ,          ,                   ,                   ,                    ,           ,         ,        ,                     ,GRS 1758-258      ,270.303,-25.741,0.00316666662693024,1WGA J1801.2-2544,270.3025,-25.7413,0.00361111111111111,                      ,                      ,          ,         ,                      ,                 ,         ,        ,         ,GRS 1758-258         ,270.308,-25.731,0.026666667064031,                   ,2SXPS J180112.5-254431,270.30238,-25.74218,0.000499999986754523,                   ,4XMM J180112.3-254436,270.301584,-25.743352,0.000304715,2CXO J180112.3-254436 ,270.301629328076,-25.7433794750351,0.70990634757672,                   ,                       ,           ,          ,                       ,4.06417867579747E+018,270.301970723339,-25.7432790923302,2.55305419365565E-07,Simbad
IGR J18027-2016,270.67473685833,-20.288166797,0.0001046788021922112,                   ,B1Ib         ,2010A&A...510A..61T,sg          ,1.5,0.4,2011A&A...532A.124M           ,20,3,2011A&A...532A.124M           ,4.5696,0.0009,2011A&A...532A.124M,         ,        ,                   ,0.2,-1,2011A&A...532A.124M,139.612,0.006,2005A&A...439..255H,51.7,2.4,2011A&A...532A.124M,8526,-2438,4119,  ,15.2716627120972,1,    ,Y,              ,      ,     ,    ,                   ,          ,         ,        ,                     ,          ,                   ,                   ,                    ,           ,         ,        ,                     ,SAX J1802.7-201   ,270.675,-20.288,0.00833333333333333,                 ,                  ,                   ,                      ,                      ,                      ,          ,         ,                      ,                 ,         ,        ,         ,                     ,                   ,                   ,                     ,                   ,2SXPS J180242.0-201717,270.67527,-20.28824,0.000722222195731269,                   ,4XMM J180241.9-201717,270.674766,-20.288133,2.87811111111111E-05,                      ,,,,                   ,2MASS J18024194-2017172,270.674767,-20.288132,1.66666662941376E-05,4.07096877856114E+018,270.674736858334,-20.2881667969959,2.9077445053392E-08,Simbad
2MASS J18081689-1919395,272.070386,-19.327656,0.10999999940395357,                   ,             ,                   ,            ,      ,     ,                              ,      ,     ,                              ,              ,        ,                   ,         ,        ,                   ,          ,       ,                   ,               ,        ,                   ,        ,       ,                   ,        ,       ,       ,  ,                     ,0,    , ,              ,      ,     ,    ,                   ,          ,         ,        ,                     ,          ,                   ,                   ,                    ,           ,         ,        ,                     ,                  ,        ,                   ,                      ,                 ,                  ,                   ,                      ,                      ,                      ,          ,         ,                      ,                 ,         ,        ,         ,                     ,                   ,                   ,                     ,                   ,                      ,                   ,                   ,                       ,                   ,4XMM J180816.8-191939,272.070034,-19.327592,0.000275285277777778,                      ,,,,                   ,2MASS J18081689-1919395,272.070386,-19.327656,3.05555553899871E-05,                   ,                    ,                    ,                       ,Simbad
SWIFT J1816.7-1613,274.17800348911,-16.22283425276,0.7656386282488801,                   ,B0-2e        ,2019A&A...622A.198N,Be          ,      ,     ,                              ,12.5,     ,1996MNRAS.280L..31P           ,151.1,0.5,2017ApJ...846..161C,         ,        ,                   ,          ,       ,                   ,143.6863,0.0002,2019A&A...622A.198N,        ,       ,                   ,        ,       ,       ,Y ,4.10043478012085,0,0,Y,              ,      ,     ,    ,                   ,          ,         ,        ,                     ,          ,                   ,                   ,                    ,           ,         ,        ,                     ,SWIFT J1816.7-1613,274.178,-16.223,0.0173333326975505,                 ,                  ,                   ,                      ,                      ,                      ,          ,         ,                      ,                 ,         ,        ,         ,                     ,                   ,                   ,                     ,                   ,2SXPS J181642.5-161322,274.17723,-16.22304,0.000444444451067183,                   ,4XMM J181642.7-161321,274.178316,-16.222541,0.000460871388888889,2CXO J181642.7-161322 ,274.178003489109,-16.2228342527636,0.7656386282488801,                   ,                       ,           ,          ,                       ,                   ,                    ,                    ,                       ,Simbad
SAX J1818.6-1703,274.6579027264,-17.04667815885,0.00015139789879322051,                   ,B0Iab        ,2010A&A...510A..61T,SFXT        ,      ,     ,                              ,      ,     ,                              ,30,        ,2018MNRAS.481.2779S,         ,        ,                   ,          ,       ,                   ,               ,        ,                   ,        ,       ,                   ,2791,-762,1145,Y ,7.87762212753296,1,1,Y,              ,      ,     ,    ,                   ,          ,         ,        ,                     ,          ,                   ,                   ,                    ,           ,         ,        ,                     ,SAX J1818.6-1703  ,274.658,-17.047,0.0111666669448217,                 ,                  ,                   ,                      ,                      ,                      ,          ,         ,                      ,                 ,         ,        ,         ,                     ,                   ,                   ,                     ,                   ,2SXPS J181837.8-170248,274.65772,-17.0467,0.000305555562178294,                   ,4XMM J181837.7-170247,274.65746,-17.046545,0.000355240555555556,2CXO J181837.9-170248 ,274.658042778544,-17.046757333613,0.8009812354842,                   ,2MASS J18183790-1702479,274.657944,-17.046656,1.66666662941376E-05,4.09736523522683E+018,274.6579027264,-17.0466781588456,4.20549718870057E-08,Simbad
SAX J1819.3-2525,274.84013919092,-25.40717851926,2.0422503352165215e-05,                   ,B9III        ,2001ApJ...555..489O,            ,10.2,1.5,2001ApJ...555..489O           ,6.8,1.4,2001ApJ...555..489O           ,2.817,0.002,2005MNRAS.363..882L,         ,        ,                   ,          ,       ,                   ,               ,        ,                   ,72.7,3.3,2005MNRAS.363..882L,4738,-601,765,  ,14.5372676849365,    ,1,Y,              ,      ,     ,    ,                   ,          ,         ,        ,                     ,          ,                   ,                   ,                    ,           ,         ,        ,                     ,                  ,        ,                   ,                      ,                 ,                  ,                   ,                      ,                      ,                      ,          ,         ,                      ,                 ,         ,        ,         ,                     ,                   ,                   ,                     ,                   ,2SXPS J181921.5-252429,274.83959,-25.40813,0.000472222235467699,                   ,                     ,           ,          ,                       ,2CXO J181921.6-252425 ,274.840069140245,-25.4071846108161,0.71120926578132,                   ,2MASS J18192163-2524258,274.840143,-25.407167,1.66666662941376E-05,4.05309638891908E+018,274.840139190916,-25.4071785192588,5.67291759782367E-09,Simbad
AX J1820.5-1434,275.125402,-14.573023,0.07999999821186048,                   ,B0-2 IV-Ve   ,2001A&A...371.1018I,Be          ,      ,     ,                              ,12.5,     ,1996MNRAS.280L..31P           ,54,0.4,2013A&A...558A..99S,         ,        ,                   ,          ,       ,                   ,152.26,0.04,1998ApJ...495..435K,        ,       ,                   ,        ,       ,       ,Y ,2.14177203178406,0,0,Y,              ,      ,     ,    ,                   ,          ,         ,        ,                     ,          ,                   ,                   ,                    ,           ,         ,        ,                     ,AX J1820.5-1434   ,275.123,-14.573,0.0158333331346512,                 ,                  ,                   ,                      ,                      ,                      ,          ,         ,                      ,                 ,         ,        ,         ,                     ,                   ,                   ,                     ,                   ,2SXPS J182030.1-143421,275.12552,-14.57255,0.000944444470935398,                   ,4XMM J182030.0-143422,275.125219,-14.573033,0.000530413888888889,2CXO J182030.0-143423 ,275.125383651352,-14.5732045302939,0.7324824739413599,                   ,2MASS J18203009-1434228,275.125402,-14.573023,2.22222217255168E-05,                   ,                    ,                    ,                       ,Simbad
IGR J18214-1318,275.33234250045,-13.31089095675,0.00022986879944801328,                   ,B0V-O9I      ,2009ApJ...698..502B,Be/sg       ,      ,     ,                              ,      ,     ,                              ,5.4246,0.0004,2020MNRAS.498.2750C,         ,        ,                   ,0.17,0,2020MNRAS.498.2750C,               ,        ,                   ,        ,       ,                   ,4209,-1286,1709,  ,1.18514287471771,1,0,Y,              ,      ,     ,    ,                   ,          ,         ,        ,                     ,          ,                   ,                   ,                    ,           ,         ,        ,                     ,IGR J18214-1318   ,275.332,-13.311,0.0236666659514109,                 ,                  ,                   ,                      ,                      ,                      ,          ,         ,                      ,                 ,         ,        ,         ,1RXS J182129.0-131641,275.331,-13.308,0.0400000015894572,                   ,2SXPS J182119.7-131838,275.33235,-13.31073,0.000888888902134365,                   ,4XMM J182119.7-131840,275.33234,-13.311182,0.000527881944444444,2CXO J182119.7-131838 ,275.332335054347,-13.3108322349988,0.71121590720316,                   ,2MASS J18211975-1318388,275.332326,-13.310795,2.22222217255168E-05,4.15264311359558E+018,275.332342500449,-13.3108909567507,6.38524442911148E-08,Simbad
IGR J18219-1347,275.47837109829,-13.79073744848,0.7450651810908,                   ,Be?          ,2012AstL...38..629K,Be?         ,      ,     ,                              ,      ,     ,                              ,72.44,0.3,2013ApJ...775L..24L,         ,        ,                   ,          ,       ,                   ,56.468,0.0003,2022ApJ...927..139O,        ,       ,                   ,        ,       ,       ,Y ,5.76681613922119,    ,0,Y,              ,      ,     ,    ,                   ,          ,         ,        ,                     ,          ,                   ,                   ,                    ,           ,         ,        ,                     ,IGR J18219-1347   ,275.478,-13.791,0.0421666661898295,                 ,                  ,                   ,                      ,                      ,                      ,          ,         ,                      ,                 ,         ,        ,         ,                     ,                   ,                   ,                     ,                   ,2SXPS J182154.6-134722,275.47772,-13.78955,0.00066666669315762,                   ,                     ,           ,          ,                       ,2CXO J182154.8-134726 ,275.478371098287,-13.7907374484833,0.7450651810908,                   ,                       ,           ,          ,                       ,                   ,                    ,                    ,                       ,Simbad
IGR J18246-1425,276.09842,-14.41551,3.5999999046324005,                   ,             ,                   ,            ,      ,     ,                              ,      ,     ,                              ,              ,        ,                   ,         ,        ,                   ,          ,       ,                   ,120,        ,2008ATel.1679....1M,        ,       ,                   ,        ,       ,       ,  ,2.19101119041443,    ,    , ,              ,      ,     ,    ,                   ,          ,         ,        ,                     ,          ,                   ,                   ,                    ,           ,         ,        ,                     ,IGR J18246-1425   ,276.099,-14.415,0.0306666672229767,                 ,                  ,                   ,                      ,                      ,                      ,          ,         ,                      ,                 ,         ,        ,         ,                     ,                   ,                   ,                     ,                   ,2SXPS J182423.6-142455,276.09842,-14.41551,0.000999999973509047,                   ,                     ,           ,          ,                       ,                      ,,,,                   ,                       ,           ,          ,                       ,                   ,                    ,                    ,                       ,Simbad
IGR J18256-1035,276.43262358837,-10.5838937782,0.0010122025012969968,                   ,             ,                   ,            ,      ,     ,                              ,      ,     ,                              ,              ,        ,                   ,         ,        ,                   ,          ,       ,                   ,               ,        ,                   ,        ,       ,                   ,3775,-2274,2759,  ,1.00509560108185,    ,    , ,              ,      ,     ,    ,                   ,          ,         ,        ,                     ,          ,                   ,                   ,                    ,           ,         ,        ,                     ,IGR J18256-1035   ,276.433,-10.584,0.0401666680971781,                 ,                  ,                   ,                      ,                      ,                      ,          ,         ,                      ,                 ,         ,        ,         ,                     ,                   ,                   ,                     ,                   ,2SXPS J182543.8-103502,276.43263,-10.58396,0.000999999973509047,                   ,                     ,           ,          ,                       ,                      ,,,,                   ,                       ,           ,          ,                       ,4.15426417169606E+018,276.43262358837,-10.5838937781993,2.81167361471388E-07,Simbad
LS 5039,276.56276812017,-14.84843824831,1.274837087839842e-05,                   ,ON6.5V(f)    ,2011MNRAS.416.1556T,"$\gamma$\,Be",      ,     ,                              ,23,     ,2005MNRAS.364..899C           ,3.90607,0.00008,2011ASSP...21..559C,         ,        ,                   ,0.35,0.03,2011ASSP...21..559C,               ,        ,                   ,17.3,0.5,2011ASSP...21..559C,1898,-54,59,  ,1.55555558204651,1,1,Y,              ,      ,     ,    ,                   ,          ,         ,        ,                     ,          ,                   ,                   ,                    ,           ,         ,        ,                     ,LS5039            ,276.563,-14.848,0.0328333338101705,1WGA J1826.2-1450,276.57,-14.8335,0.0138888888888889,                      ,                      ,          ,         ,                      ,4FGL J1826.2-1450,276.5637,-14.8496,0.008634,                     ,                   ,                   ,                     ,                   ,2SXPS J182615.1-145054,276.56298,-14.84839,0.000361111097865634,                   ,4XMM J182615.0-145054,276.562647,-14.848455,0.000108341111111111,2CXO J182615.0-145055 ,276.562735575577,-14.8487035895858,0.71112292165368,                   ,2MASS J18261505-1450542,276.562732,-14.848396,1.66666662941376E-05,4.10419642794363E+018,276.562768120167,-14.8484382483141,3.54121413288845E-09,Simbad
XTE J1829-098,277.43329223777,-9.85645360706,0.73821858492528,                   ,             ,2020MNRAS.491.4543S,SFXT?       ,      ,     ,                              ,      ,     ,                              ,244.2,0.2,2022ATel15614....1C,         ,        ,                   ,          ,       ,                   ,7.847089,0.000015,2022ATel15556....1W,        ,       ,                   ,        ,       ,       ,Y ,                     ,0,0,Y,              ,      ,     ,    ,                   ,          ,         ,        ,                     ,          ,                   ,                   ,                    ,           ,         ,        ,                     ,XTE J1829-098     ,277.439,-9.897,0.0424999992052714,                 ,                  ,                   ,                      ,                      ,                      ,          ,         ,                      ,                 ,         ,        ,         ,                     ,                   ,                   ,                     ,                   ,2SXPS J182942.2-095140,277.4332,-9.857,0.000972222222222222,2022ATel15555....1C,4XMM J182944.0-095124,277.433351,-9.856801,0.000542622777777778,2CXO J182943.9-095123 ,277.433292237768,-9.85645360705569,0.73821858492528,                   ,                       ,           ,          ,                       ,                   ,                    ,                    ,                       ,Simbad
ATO J278.3657-10.5901,278.36569954826,-10.59012479485,0.00015352620184421533,                   ,B0.5Ve       ,2003AN....324...61M,Be          ,      ,     ,                              ,14.6,     ,1996MNRAS.280L..31P           ,              ,        ,                   ,         ,        ,                   ,          ,       ,                   ,               ,        ,                   ,        ,       ,                   ,1021,-144,255,  ,12.5263156890869,0,1,Y,              ,      ,     ,    ,                   ,          ,         ,        ,                     ,          ,                   ,                   ,                    ,           ,         ,        ,                     ,SNR 021.5-00.9    ,278.396,-10.558,0.0136666665474574,1WGA J1833.4-1035,278.3637,-10.5851,0.00361111111111111,                      ,                      ,          ,         ,                      ,4FGL J1833.5-1033,278.3832,-10.5568,0.014555,SNR 021.5-00.9       ,278.382,-10.559,0.0433333317438761,                   ,2SXPS J183327.7-103524,278.36574,-10.59012,0.000305555562178294,                   ,4XMM J183327.7-103524,278.365671,-10.590103,7.44972222222222E-05,2CXO J183327.7-103524 ,278.365709180968,-10.5900965252813,0.71009927698176,                   ,2MASS J18332777-1035243,278.365715,-10.590102,2.22222217255168E-05,4.15500084448117E+018,278.365699548264,-10.5901247948528,4.26461671789487E-08,Simbad
SNR 021.5-00.9,278.36791853438,-10.40243295086,2.396053820848464e-05,                   ,B0 Ve        ,2011BASI...39..517M,Be          ,      ,     ,                              ,17.5,     ,1996MNRAS.280L..31P           ,              ,        ,                   ,         ,        ,                   ,          ,       ,                   ,               ,        ,                   ,        ,       ,                   ,1996,-115,112,  ,2.11408615112305,1,1,Y,              ,      ,     ,    ,                   ,          ,         ,        ,                     ,          ,                   ,                   ,                    ,           ,         ,        ,                     ,SNR 021.5-00.9    ,278.396,-10.558,0.0136666665474574,1WGA J1833.4-1024,278.3671,-10.4046,0.0138888888888889,                      ,                      ,          ,         ,                      ,4FGL J1833.5-1033,278.3832,-10.5568,0.014555,                     ,                   ,                   ,                     ,                   ,2SXPS J183328.3-102408,278.36817,-10.40234,0.000277777777777778,                   ,4XMM J183328.3-102408,278.367925,-10.402381,0.000104421666666667,2CXO J183328.3-102408 ,278.367929245898,-10.40242826916,0.71548017911064,                   ,2MASS J18332830-1024087,278.367917,-10.402436,1.94444445272287E-05,4.15502379679098E+018,278.36791853438,-10.4024329508603,6.6557050579124E-09,Simbad
AX J1838.0-0655,279.51927780095,-6.90242990402,0.008635719299316408,                   ,             ,                   ,            ,      ,     ,                              ,      ,     ,                              ,              ,        ,                   ,         ,        ,                   ,          ,       ,                   ,0.07049821,0.00003,2008ATel.1392....1G,        ,       ,                   ,        ,       ,       ,  ,1.63067483901978,0,    , ,              ,      ,     ,    ,                   ,          ,         ,        ,                     ,          ,                   ,                   ,                    ,           ,         ,        ,                     ,AX J1838.0-0655   ,279.508,-6.904,0.0181666672229767,                 ,                  ,                   ,                      ,                      ,                      ,          ,         ,                      ,                 ,         ,        ,         ,                     ,                   ,                   ,                     ,                   ,2SXPS J183804.5-065414,279.51908,-6.90408,0.000833333333333333,                   ,4XMM J183804.7-065408,279.519768,-6.902232,0.000500002222222222,                      ,,,,                   ,2MASS J18380462-0654086,279.519259,-6.902393,2.22222217255168E-05,4.25296931908096E+018,279.519277800951,-6.90242990402384,2.39881091647678E-06,Simbad
AX J1841.0-0536,280.28016644801,-5.58165403928,1.6356997191905968e-05,                   ,B1Ib         ,2008A&A...486..911N,SFXT        ,      ,     ,                              ,      ,     ,                              ,6.453,0.0016,2015arXiv150301087G,         ,        ,                   ,0.16,0.1,2015arXiv150301087G,4.7394,0.0008,2001PASJ...53.1179B,74.4,2.1,2015arXiv150301087G,2828,-129,143,Y ,0.999424159526825,0,0,Y,              ,      ,     ,    ,                   ,          ,         ,        ,                     ,          ,                   ,                   ,                    ,           ,         ,        ,                     ,AX J1841.0-0536   ,280.28,-5.57,0.026666667064031,                 ,                  ,                   ,                      ,                      ,                      ,          ,         ,                      ,                 ,         ,        ,         ,                     ,                   ,                   ,                     ,                   ,2SXPS J184107.0-053451,280.27956,-5.5811,0.000750000013245477,                   ,4XMM J184107.2-053454,280.280179,-5.581776,0.000319400277777778,2CXO J184107.4-053450 ,280.280834158256,-5.58055803343094,12.16793502375516,                   ,2MASS J18410724-0534540,280.280168,-5.58167,1.66666662941376E-05,4.25650208859668E+018,280.280166448015,-5.58165403928149,4.54361033108499E-09,Simbad
GS 1839-06,280.39706,-5.84236,23.999999999999762,                   ,             ,                   ,            ,      ,     ,                              ,      ,     ,                              ,              ,        ,                   ,         ,        ,                   ,          ,       ,                   ,               ,        ,                   ,        ,       ,                   ,        ,       ,       ,  ,                     ,    ,    , ,              ,      ,     ,    ,                   ,          ,         ,        ,                     ,          ,                   ,                   ,                    ,           ,         ,        ,                     ,                  ,        ,                   ,                      ,                 ,                  ,                   ,                      ,                      ,1RXS  J184135.3-055032,280.39706,-5.84236,0.00666666666666667,                 ,         ,        ,         ,                     ,                   ,                   ,                     ,                   ,                      ,                   ,                   ,                       ,                   ,                     ,           ,          ,                       ,                      ,,,,                   ,                       ,           ,          ,                       ,                   ,                    ,                    ,                       ,Simbad
IGR J18450-0435,281.25661916606,-4.56575904237,1.8891027197241803e-05,                   ,O9.5I        ,1996MNRAS.281..333C,SFXT        ,      ,     ,                              ,29.6,     ,2005A&A...436.1049M           ,4.73983,0.00028,2015arXiv150301087G,         ,        ,                   ,0.34,0.1,2015arXiv150301087G,               ,        ,                   ,61,1.4,2015arXiv150301087G,5436,-641,645,  ,28.1963634490967,1,1,Y,              ,      ,     ,    ,                   ,          ,         ,        ,                     ,          ,                   ,                   ,                    ,           ,         ,        ,                     ,IGR J18450-0435   ,281.256,-4.566,0.0278333326180776,                 ,                  ,                   ,                      ,                      ,                      ,          ,         ,                      ,                 ,         ,        ,         ,                     ,                   ,                   ,                     ,                   ,2SXPS J184501.6-043355,281.25672,-4.56539,0.00033333334657881,                   ,4XMM J184501.5-043356,281.256564,-4.56566,5.98808333333333E-05,2CXO J184501.5-043356 ,281.256593223742,-4.56566770098988,0.71150142969396,                   ,2MASS J18450159-0433565,281.256632,-4.565711,1.94444445272287E-05,4.25816056014816E+018,281.256619166061,-4.56575904237435,5.24750755478939E-09,Simbad
GS 1843+009,281.4034733687,0.86315946802,0.0001680659204721451,                   ,B0-2IV-Ve    ,2001A&A...371.1018I,Be          ,      ,     ,                              ,13.5,0,1996MNRAS.280L..31P           ,              ,        ,                   ,         ,        ,                   ,          ,       ,                   ,29.4764,0.0008,1999NuPhS..69..220P,        ,       ,                   ,5097,-1904,4192,Y ,0.998496234416962,    ,0,Y,              ,      ,     ,    ,                   ,          ,         ,        ,                     ,          ,                   ,                   ,                    ,           ,         ,        ,                     ,GS 1843+009       ,281.404,0.865,0.00633333325386047,                 ,                  ,                   ,                      ,                      ,                      ,          ,         ,                      ,                 ,         ,        ,         ,                     ,                   ,                   ,                     ,                   ,2SXPS J184536.6+005146,281.40265,0.86294,0.000972222222222222,                   ,                     ,           ,          ,                       ,2CXO J184536.8+005147 ,281.403466526672,0.863275517004951,0.79068955395204,                   ,2MASS J18453684+0051474,281.403505,0.863184,1.66666662941376E-05,4.2785360224388E+018,281.403473368695,0.863159468020407,4.66849779089292E-08,Simbad
IGR J18462-0223,281.55376940451,-2.37469119601,0.00023561213910579685,                   ,OBI?         ,2013A&A...556A..27S,SFXT        ,      ,     ,                              ,      ,     ,                              ,2.1378,        ,2013A&A...556A..27S,         ,        ,                   ,          ,       ,                   ,997,1,2012ApJ...753....3B,        ,       ,                   ,6784,-2839,4048,Y ,3.59604501724243,1,    ,Y,              ,      ,     ,    ,                   ,          ,         ,        ,                     ,          ,                   ,                   ,                    ,           ,         ,        ,                     ,IGR J18462-0223   ,281.569,-2.393,0.0519999980926514,                 ,                  ,                   ,                      ,                      ,                      ,          ,         ,                      ,                 ,         ,        ,         ,                     ,                   ,                   ,                     ,                   ,2SXPS J184612.8-022228,281.55348,-2.37455,0.000305555562178294,                   ,4XMM J184612.7-022228,281.553247,-2.374572,0.000102583611111111,                      ,,,,                   ,                       ,           ,          ,                       ,4.25908899464773E+018,281.553769404506,-2.37469119600836,6.54478164182769E-08,Simbad
IGR J18482+0049,282.064171,0.792571,0.11999999731779108,                   ,             ,                   ,            ,      ,     ,                              ,      ,     ,                              ,              ,        ,                   ,         ,        ,                   ,          ,       ,                   ,               ,        ,                   ,        ,       ,                   ,        ,       ,       ,  ,1.23340034484863,0,    , ,              ,      ,     ,    ,                   ,          ,         ,        ,                     ,          ,                   ,                   ,                    ,           ,         ,        ,                     ,IGR J18482+0049   ,282.06,0.797,0.0651666680971781,                 ,                  ,                   ,                      ,                      ,                      ,          ,         ,                      ,                 ,         ,        ,         ,                     ,                   ,                   ,                     ,                   ,2SXPS J184815.2+004733,282.06374,0.79253,0.00119444449742635,                   ,4XMM J184815.3+004733,282.06415,0.792646,0.000146395277777778,                      ,,,,                   ,2MASS J18481540+0047332,282.064171,0.792571,3.33333325882753E-05,                   ,                    ,                    ,                       ,Simbad
3A 1845-024,282.070354,-2.423608,0.42585899999976,                   ,OBI?         ,2022A&A...657A..58N,sg?         ,      ,     ,                              ,      ,     ,                              ,242.18,0.01,1999ApJ...517..449F,         ,        ,                   ,0.88,0.01,1999ApJ...517..449F,94.7171,0.0003,2022A&A...657A..58N,        ,       ,                   ,        ,       ,       ,Y ,5.80508470535278,0,1,Y,              ,      ,     ,    ,                   ,1H1845-024,282.0724,-2.4233,0,          ,                   ,                   ,                    ,3A 1845-024,282.0724,-2.4233,0,3A 1845-024       ,282.074,-2.42,0.0318333327770233,                 ,                  ,                   ,                      ,                      ,                      ,          ,         ,                      ,                 ,         ,        ,         ,3A 1845-024          ,282.088,-2.461,0.0383333325386047,                   ,2SXPS J184816.9-022525,282.07063,-2.42387,0.000555555555555556,                   ,4XMM J184816.8-022524,282.070354,-2.423608,0.000118294166666667,2CXO J184816.8-022525 ,282.070195866792,-2.4236966614932,0.7273313013402,                   ,                       ,           ,          ,                       ,                   ,                    ,                    ,                       ,Simbad
IGR J18483-0311,282.07168612166,-3.17136768374,0.0001365312337875367,                   ,B0.5Ia       ,2008A&A...492..163R,SFXT        ,      ,     ,                              ,      ,     ,                              ,18.545,0.003,2011ApJS..196....6L,         ,        ,                   ,0.4,0,2010MNRAS.401.1564R,21.0526,0.0005,2007A&A...467..249S,        ,       ,                   ,2722,-761,1473,  ,9.02103233337402,1,1,Y,              ,      ,     ,    ,                   ,          ,         ,        ,                     ,          ,                   ,                   ,                    ,           ,         ,        ,                     ,IGR J18483-0311   ,282.072,-3.171,0.0103333334128062,                 ,                  ,                   ,                      ,                      ,                      ,          ,         ,                      ,                 ,         ,        ,         ,IGR J18483-0311      ,282.073,-3.211,0.0450000007947286,                   ,2SXPS J184817.1-031017,282.07156,-3.17151,0.000499999986754523,                   ,4XMM J184817.2-031016,282.071681,-3.171367,5.25716666666667E-05,2CXO J184817.1-031016 ,282.071619435486,-3.17133112331784,0.71194608536544,                   ,2MASS J18481720-0310168,282.071674,-3.171344,1.94444445272287E-05,4.25842850169317E+018,282.071686121664,-3.17136768373851,3.79253427187602E-08,Simbad
XTE J1855-026,283.87668002005,-2.6046794194,1.4235791750252246e-05,                   ,B0Iaep       ,2008ATel.1876....1N,sg          ,      ,     ,                              ,      ,     ,                              ,6.067,0.004,1999ApJ...517..956C,         ,        ,                   ,          ,       ,                   ,361.1,0.4,1999ApJ...517..956C,        ,       ,                   ,7731,-735,1090,  ,2.65235614776611,    ,    , ,              ,      ,     ,    ,                   ,          ,         ,        ,                     ,          ,                   ,                   ,                    ,           ,         ,        ,                     ,XTE J1855-026     ,283.88,-2.607,0.00600000023841858,                 ,                  ,                   ,                      ,                      ,                      ,          ,         ,                      ,                 ,         ,        ,         ,XTE J1855-026        ,283.909,-2.622,0.0533333341280619,                   ,2SXPS J185530.4-023617,283.87677,-2.60489,0.000972222222222222,                   ,                     ,           ,          ,                       ,                      ,,,,                   ,2MASS J18553040-0236167,283.876688,-2.604655,1.66666662941376E-05,4.25589192406262E+018,283.87668002005,-2.60467941939779,3.95438659729229E-09,Simbad
XTE J1858+034,284.681906,3.434746,0.07999999821186048,                   ,K-M?         ,2021ApJ...909..154T,            ,      ,     ,                              ,      ,     ,                              ,81,        ,2021ApJ...909..153M,         ,        ,                   ,          ,       ,                   ,218.393,0.002,2021ApJ...909..153M,        ,       ,                   ,        ,       ,       ,Y ,0.94434779882431,0,0,Y,              ,      ,     ,    ,                   ,          ,         ,        ,                     ,          ,                   ,                   ,                    ,           ,         ,        ,                     ,XTE J1858+034     ,284.679,3.439,0.00416666666666667,                 ,                  ,                   ,                      ,                      ,                      ,          ,         ,                      ,                 ,         ,        ,         ,                     ,                   ,                   ,                     ,                   ,2SXPS J185843.6+032605,284.68171,3.43498,0.00130555550257365,                   ,4XMM J185843.5+032604,284.681655,3.434575,0.000564464166666667,2CXO J185843.6+032606 ,284.681787900907,3.43503604325627,0.7402568799906,                   ,2MASS J18584365+0326050,284.681906,3.434746,2.22222217255168E-05,                   ,                    ,                    ,                       ,Simbad
XTE J1859+083,284.756814,8.245672,0.05999999865889536,                   ,B0-2Ve       ,2022MNRAS.509.5955S,Be          ,      ,     ,                              ,12.5,     ,1996MNRAS.280L..31P           ,37.97,0.09,2016PhDT.......406B,         ,        ,                   ,0.127,0.009,2016PhDT.......406B,9.79156,0.00001,2022MNRAS.509.5955S,        ,       ,                   ,        ,       ,       ,  ,                     ,    ,    , ,              ,      ,     ,    ,                   ,          ,         ,        ,                     ,          ,                   ,                   ,                    ,           ,         ,        ,                     ,                  ,        ,                   ,                      ,                 ,                  ,                   ,                      ,                      ,                      ,          ,         ,                      ,                 ,         ,        ,         ,XTE J1859+083        ,284.76,8.2325,0.0166666666666667,2009ApJ...695...30C,2SXPS J185901.8+081447,284.756875,8.24566666666667,0.000611111111111111,2022MNRAS.509.5955S,                     ,           ,          ,                       ,                      ,,,,                   ,2MASS J18590163+0814444,284.756814,8.245672,1.66666662941376E-05,                   ,                    ,                    ,                       ,Simbad
4U 1901+03,285.91412803533,3.20435796814,0.00019355013966560364,                   ,B8-9 IV      ,2019ATel12560....1M,Be          ,      ,     ,                              ,      ,     ,                              ,22.5827,0.0002,2005ApJ...635.1217G,         ,        ,                   ,0.0363,0.0003,2005ApJ...635.1217G,2.761,0.001,2019ATel12556....1H,        ,       ,                   ,5575,-1787,2302,Y ,                     ,    ,    ,Y,              ,      ,     ,    ,                   ,          ,         ,        ,                     ,          ,                   ,                   ,                    ,           ,         ,        ,                     ,4U 1901+03        ,285.905,3.192,0.00349999989072482,                 ,                  ,                   ,                      ,                      ,                      ,          ,         ,                      ,                 ,         ,        ,         ,                     ,                   ,                   ,                     ,                   ,4U 1901+03            ,285.91413,3.20451,0.000638888888888889,2019ATel12514....1M,                     ,           ,          ,                       ,4U 1901+03            ,285.914166666667,3.20441944444444,1.41999999999984,2019ATel12556....1H,2MASS J19033940+0312158,285.914172,3.204391,2.50000009934107E-05,4.26877469564777E+018,285.914128035329,3.20435796814353,5.37639276848899E-08,Simbad
XTE J1906+090,286.19776875399,9.0449110404,0.000559350609779358,                   ,Be?          ,2005ApJ...632.1069G,Be?         ,      ,     ,                              ,      ,     ,                              ,81.4,0.1,2017ApJ...846..161C,         ,        ,                   ,          ,       ,                   ,89.17,0.02,1998ApJ...502L.129M,        ,       ,                   ,6370,-1965,3471,Y ,1.15179860591888,    ,1,Y,              ,      ,     ,    ,                   ,          ,         ,        ,                     ,          ,                   ,                   ,                    ,           ,         ,        ,                     ,XTE J1906+090     ,286.19,9.039,0.0418333331743876,                 ,                  ,                   ,                      ,                      ,                      ,          ,         ,                      ,                 ,         ,        ,         ,                     ,                   ,                   ,                     ,                   ,2SXPS J190447.5+090237,286.19819,9.04368,0.000499999986754523,                   ,                     ,           ,          ,                       ,2CXO J190447.4+090241 ,286.197786729465,9.04483997058212,0.78295139294904,                   ,2MASS J19044747+0902419,286.197812,9.044974,1.94444445272287E-05,4.31064915364282E+018,286.197768753988,9.04491104040267,1.55375169383155E-07,Simbad
4U 1907+097,287.40853278192,9.82977678034,2.5822991505265238e-05,                   ,O9.5Iab      ,2008A&A...486..911N,sg          ,      ,     ,                              ,27.8,     ,2005A&A...436.1049M           ,8.3753,0.0003,1998ApJ...496..386I,         ,        ,                   ,0.28,0.1,1998ApJ...496..386I,437.5,0,1984PASJ...36..679M,        ,       ,                   ,5351,-858,866,  ,14.3221473693848,1,    ,Y,              ,      ,     ,    ,                   ,          ,         ,        ,                     ,          ,                   ,                   ,                    ,3A 1907+097,287.3448,9.8416,0.0636619781853955,4U 1907+097       ,287.408,9.83,0.00483333319425583,                 ,                  ,                   ,                      ,                      ,                      ,          ,         ,                      ,                 ,         ,        ,         ,4U 1907+097          ,287.413,9.83,0.0283333341280619,                   ,2SXPS J190938.0+094952,287.40874,9.83123,0.000972222222222222,                   ,4XMM J190938.0+094947,287.408419,9.829954,0.000527815277777778,                      ,,,,                   ,2MASS J19093804+0949473,287.408531,9.829809,1.94444445272287E-05,4.30922521733673E+018,287.408532781921,9.82977678034131,7.17305319590701E-09,Simbad
AX J1910.7+0917,287.681682,9.274764,0.07000000029802332,                   ,BI           ,2013A&A...555A.115R,sg          ,      ,     ,                              ,      ,     ,                              ,              ,        ,                   ,         ,        ,                   ,          ,       ,                   ,36200,110,2017MNRAS.469.3056S,        ,       ,                   ,        ,       ,       ,Y ,                     ,1,1,Y,              ,      ,     ,    ,                   ,          ,         ,        ,                     ,          ,                   ,                   ,                    ,           ,         ,        ,                     ,AX J1910.7+0917   ,287.696,9.285,0.0570000012715658,                 ,                  ,                   ,                      ,                      ,                      ,          ,         ,                      ,                 ,         ,        ,         ,                     ,                   ,                   ,                     ,                   ,                      ,                   ,                   ,                       ,                   ,4XMM J191043.5+091628,287.681611,9.274684,5.05133333333333E-05,2CXO J191043.6+091629 ,287.68195126093,9.27483135572911,1.0270521621748798,                   ,2MASS J19104360+0916291,287.681682,9.274764,1.94444445272287E-05,                   ,                    ,                    ,                       ,Simbad
4U 1909+07,287.70087185633,7.59765630241,0.0006632866859436036,                   ,O7.5-9.5If   ,2005MNRAS.356..665M,sg          ,      ,     ,                              ,32,0,2005A&A...436.1049M           ,4.4007,0.0009,2004ApJ...617.1284L,15.18,0.003,2013ApJ...778...45C,0.021,0.04,2004ApJ...617.1284L,603.6,0.1,2020MNRAS.498.4830J,        ,       ,                   ,4965,-2092,3850,  ,0.998765468597412,    ,    , ,              ,      ,     ,    ,                   ,          ,         ,        ,                     ,          ,                   ,                   ,                    ,           ,         ,        ,                     ,4U 1909+07        ,287.7,7.596,0.00500000019868215,                 ,                  ,                   ,                      ,                      ,                      ,          ,         ,                      ,                 ,         ,        ,         ,4U 1909+07           ,287.723,7.608,0.0316666662693024,                   ,2SXPS J191048.4+073550,287.70172,7.59732,0.000972222222222222,                   ,                     ,           ,          ,                       ,                      ,,,,                   ,2MASS J19104821+0735516,287.700889,7.597679,1.94444445272287E-05,4.30641998091625E+018,287.700871856334,7.59765630241121,1.84246301651001E-07,Simbad
IGR J19113+1533,287.82130827581,15.55376902853,0.0005730558633804312,                   ,sgB[e]       ,2010A&A...519A..96M,sgB[e]      ,      ,     ,                              ,      ,     ,                              ,              ,        ,                   ,         ,        ,                   ,          ,       ,                   ,               ,        ,                   ,        ,       ,                   ,3582,-1600,2138,Y ,                     ,    ,    ,Y,              ,      ,     ,    ,                   ,          ,         ,        ,                     ,          ,                   ,                   ,                    ,           ,         ,        ,                     ,IGR J19113+1533   ,287.821,15.553,0.068833335240682,                 ,                  ,                   ,                      ,                      ,                      ,          ,         ,                      ,                 ,         ,        ,         ,                     ,                   ,                   ,                     ,                   ,                      ,                   ,                   ,                       ,                   ,                     ,           ,          ,                       ,                      ,,,,                   ,2MASS J19111744+1533116,287.82269,15.553224,1.66666662941376E-05,4.51278838779411E+018,287.821308275807,15.5537690285269,1.59182184272342E-07,Simbad
SS 433,287.95650636991,4.98270852726,1.839637942612171e-05,                   ,A7Ib         ,2004ApJ...615..422H,sg          ,4.2,0.4,2020A&A...640A..96P           ,11.3,0.6,2020A&A...640A..96P           ,13.08,0,2007A&A...474..903B,23.228,0.005,1997Ap&SS.252..439F,0.05,0.01,2021MNRAS.507L..19C,               ,        ,                   ,69,4.7,2020A&A...640A..96P,7290,-857,1186,  ,1.78699541091919,1,1,Y,              ,      ,     ,    ,                   ,          ,         ,        ,                     ,          ,                   ,                   ,                    ,           ,         ,        ,                     ,SS 433            ,287.957,4.983,0.00616666674613953,1WGA J1911.8+0459,287.9575,4.9839,0.0138888888888889,                      ,                      ,          ,         ,                      ,                 ,         ,        ,         ,SS 433               ,287.961,4.988,0.0333333333333333,                   ,2SXPS J191149.4+045857,287.95602,4.9826,0.000694444444444444,                   ,4XMM J191149.5+045857,287.956549,4.982742,5.71836111111111E-05,2CXO J191149.5+045857 ,287.956495259953,4.98273329881503,0.70990634757672,                   ,2MASS J19114957+0458578,287.956555,4.982737,1.94444445272287E-05,4.29340661228398E+018,287.956506369912,4.98270852725688,5.11010539614492E-09,Simbad
IGR J19140+0951,288.51760590601,9.88286437365,0.00030388292670249935,                   ,B1Iab        ,2008A&A...486..911N,sg          ,      ,     ,                              ,      ,     ,                              ,13.558,0.004,2004ATel..269....1C,         ,        ,                   ,          ,       ,                   ,5937,0,2016MNRAS.460.3637S,        ,       ,                   ,4020,-1681,1826,  ,8.57526874542236,1,    ,Y,              ,      ,     ,    ,                   ,          ,         ,        ,                     ,          ,                   ,                   ,                    ,           ,         ,        ,                     ,IGR J19140+0951   ,288.518,9.883,0.00633333325386047,                 ,                  ,                   ,                      ,                      ,                      ,          ,         ,                      ,                 ,         ,        ,         ,IGR J19140+0951      ,288.51,9.864,0.0433333317438761,                   ,2SXPS J191404.2+095259,288.51774,9.88308,0.000638888875643412,                   ,4XMM J191404.2+095258,288.517719,9.882929,0.000528148888888889,2CXO J191404.2+095258X,288.517780882519,9.88279825559576,1.45062667729332,                   ,2MASS J19140422+0952577,288.51762,9.882703,1.94444445272287E-05,4.30925339232565E+018,288.51760590601,9.8828643736502,8.44119240840276E-08,Simbad
IGR J19149+1036,288.73635095845,10.61015373713,0.0015137683153152478,                   ,             ,                   ,            ,      ,     ,                              ,      ,     ,                              ,22.25,0.05,2015MNRAS.446.1041C,         ,        ,                   ,          ,       ,                   ,               ,        ,                   ,        ,       ,                   ,1101,-242,270,  ,1.82230222225189,    ,    , ,              ,      ,     ,    ,                   ,          ,         ,        ,                     ,          ,                   ,                   ,                    ,           ,         ,        ,                     ,IGR J19149+1036   ,288.736,10.611,0.0211666663487752,                 ,                  ,                   ,                      ,                      ,                      ,          ,         ,                      ,                 ,         ,        ,         ,                     ,                   ,                   ,                     ,                   ,2SXPS J191456.7+103638,288.73646,10.61066,0.000861111084620158,                   ,                     ,           ,          ,                       ,                      ,,,,                   ,2MASS J19145680+1036387,288.736696,10.610755,1.94444445272287E-05,4.3097360779238E+018,288.736350958454,10.6101537371324,4.2049119869868E-07,Simbad
IGR J19294+1816,292.48292610722,18.31060597633,0.0006488323807716359,                   ,B1Ve         ,2018MNRAS.476.2110R,Be          ,      ,     ,                              ,12.5,0,1996MNRAS.280L..31P           ,117.2,0.2,2009ATel.2008....1C,         ,        ,                   ,          ,       ,                   ,12.44,        ,2009ATel.2002....1S,        ,       ,                   ,3189,-1241,1980,Y ,14.2066659927368,    ,    ,Y,              ,      ,     ,    ,                   ,          ,         ,        ,                     ,          ,                   ,                   ,                    ,           ,         ,        ,                     ,IGR J19294+1816   ,292.483,18.311,0.0211666663487752,                 ,                  ,                   ,                      ,                      ,                      ,          ,         ,                      ,                 ,         ,        ,         ,                     ,                   ,                   ,                     ,                   ,2SXPS J192955.8+181838,292.48275,18.31073,0.000277777777777778,                   ,                     ,           ,          ,                       ,                      ,,,,                   ,2MASS J19295591+1818382,292.482972,18.310635,1.94444445272287E-05,4.3233166227795E+018,292.482926107224,18.3106059763334,1.8023121688101E-07,Simbad
1RXS J194211.9+255552,295.54652236458,25.93489035046,3.2075334340333956e-05,                   ,OB           ,2012ATel.4209....1M,            ,      ,     ,                              ,      ,     ,                              ,166.5,0.5,2015MNRAS.451.2835D,         ,        ,                   ,          ,       ,                   ,               ,        ,                   ,        ,       ,                   ,9057,-2317,3895,  ,1.04514646530151,    ,    , ,              ,      ,     ,    ,                   ,          ,         ,        ,                     ,          ,                   ,                   ,                    ,           ,         ,        ,                     ,                  ,        ,                   ,                      ,                 ,                  ,                   ,                      ,                      ,1RXS  J194211.9+255552,295.54959,25.93125,0.005,                 ,         ,        ,         ,                     ,                   ,                   ,                     ,                   ,2SXPS J194211.1+255604,295.5464,25.93456,0.000972222222222222,                   ,                     ,           ,          ,                       ,                      ,,,,                   ,2MASS J19421116+2556056,295.546521,25.934912,3.05555553899871E-05,2.02178542145531E+018,295.546522364578,25.9348903504625,8.90981509453721E-09,Simbad
XTE J1946+274,296.41397487956,27.36539915248,1.7021954059600828e-05,                   ,B0-1IV-Ve    ,2002A&A...393..983V,Be          ,      ,     ,                              ,15,0,1996MNRAS.280L..31P           ,172.7,0.6,2015ApJ...815...44M,         ,        ,                   ,0.246,0.009,2015ApJ...815...44M,15.78801,0.00004,2001A&A...370..529P,        ,       ,                   ,13139,-2332,3380,Y ,1.03471732139587,    ,1,Y,              ,      ,     ,    ,                   ,          ,         ,        ,                     ,          ,                   ,                   ,                    ,           ,         ,        ,                     ,XTE J1946+274     ,296.414,27.365,0.00716666678587596,                 ,                  ,                   ,                      ,                      ,                      ,          ,         ,                      ,                 ,         ,        ,         ,                     ,                   ,                   ,                     ,                   ,2SXPS J194539.2+272151,296.41371,27.36425,0.000972222222222222,                   ,                     ,           ,          ,                       ,2CXO J194539.3+272155 ,296.413911000015,27.3653712717613,0.71426441350728,                   ,2MASS J19453935+2721555,296.413989,27.365421,1.66666662941376E-05,2.02808954010367E+018,296.413974879557,27.3653991524759,4.72832057211134E-09,Simbad
KS 1947+300,297.39783883472,30.2088084874,8.815532550215724e-06,                   ,B0Ve         ,2003A&A...397..739N,Be          ,      ,     ,                              ,17.5,     ,1996MNRAS.280L..31P           ,40.415,0.007,2004ApJ...613.1164G,         ,        ,                   ,0.034,0.007,2004ApJ...613.1164G,18.7,        ,1995ApJ...446..826C,        ,       ,                   ,15126,-2634,3148,Y ,16.3710994720459,    ,1,Y,              ,      ,     ,    ,                   ,          ,         ,        ,                     ,          ,                   ,                   ,                    ,           ,         ,        ,                     ,KS 1947+300       ,297.398,30.209,0.00799999982118607,                 ,                  ,                   ,                      ,                      ,                      ,          ,         ,                      ,                 ,         ,        ,         ,KS 1947+300          ,297.39,30.172,0.0299999992052714,                   ,2SXPS J194935.5+301230,297.39822,30.2084,0.000527777771155039,                   ,                     ,           ,          ,                       ,2CXO J194935.4+301231 ,297.397761870803,30.2088340584546,0.7105780476543601,                   ,2MASS J19493548+3012317,297.397861,30.208832,1.94444445272287E-05,2.0319395488021E+018,297.397838834721,30.2088084874013,2.44875904172659E-09,Simbad
IGR J19498+2534,297.48094936995,25.56659484642,1.2892829254269588e-05,                   ,BIa          ,2019ApJ...878...15H,SFXT        ,      ,     ,                              ,      ,     ,                              ,              ,        ,                   ,         ,        ,                   ,          ,       ,                   ,               ,        ,                   ,        ,       ,                   ,5991,-874,1125,  ,1.62077927589417,1,    ,Y,              ,      ,     ,    ,                   ,          ,         ,        ,                     ,          ,                   ,                   ,                    ,           ,         ,        ,                     ,                  ,        ,                   ,                      ,                 ,                  ,                   ,                      ,                      ,                      ,          ,         ,                      ,                 ,         ,        ,         ,                     ,                   ,                   ,                     ,                   ,2SXPS J194955.3+253359,297.48079,25.5665,0.000833333333333333,                   ,4XMM J194955.4+253359,297.480956,25.56662,0.000181502222222222,                      ,,,,                   ,2MASS J19495543+2533599,297.480989,25.566639,1.66666662941376E-05,2.02691484934654E+018,297.480949369952,25.5665948464224,3.58134145951933E-09,Simbad
4U 1954+319,298.92639832143,32.09693031874,1.6134034842252718e-05,                   ,MI           ,2020ApJ...904..143H,sg          ,      ,     ,                              ,9,4,2020ApJ...904..143H           ,1296.6375,        ,2020ApJ...904..143H,         ,        ,                   ,          ,       ,                   ,18612,        ,2006A&A...460L...1M,        ,       ,                   ,3432,-249,261,Y ,1.34347832202911,    ,0,Y,              ,      ,     ,    ,                   ,          ,         ,        ,                     ,          ,                   ,                   ,                    ,3A 1954+319,298.9981,32.0939,0,4U 1954+319       ,298.926,32.097,0.00600000023841858,                 ,                  ,                   ,                      ,                      ,                      ,          ,         ,                      ,                 ,         ,        ,         ,4U 1954+319          ,298.947,32.096,0.0283333341280619,                   ,2SXPS J195542.2+320547,298.92623,32.09639,0.000972222222222222,                   ,                     ,           ,          ,                       ,2CXO J195542.3+320549 ,298.926370238987,32.0969582401945,0.74897284600404,                   ,2MASS J19554232+3205492,298.926352,32.097004,3.33333325882753E-05,2.03403143838377E+018,298.926398321426,32.0969303187364,4.4816763450702E-09,Simbad
Cyg X-1,299.59029482904,35.20157876511,1.0937962681055065e-05,                   ,O9.7Iabpvar  ,2011ApJS..193...24S,sg          ,21.2,2.2,2021Sci...371.1046M           ,40.6,7.7,2021Sci...371.1046M           ,5.5998,0.0001,1998MNRAS.301..285L,         ,        ,                   ,0,       ,1998MNRAS.301..285L,               ,        ,                   ,-7,5,2003ApJ...583..424G,2146,-53,64,  ,1.00177776813507,    ,    , ,              ,      ,     ,    ,                   ,          ,         ,        ,                     ,          ,                   ,                   ,                    ,3A 1956+350,299.59,35.2065,0,Cyg X-1           ,299.59,35.202,0.00266666660706202,                 ,                  ,                   ,                      ,                      ,                      ,          ,         ,                      ,4FGL J1958.5+3512,299.6343,35.2024,0.037497,Cyg X-1              ,299.578,35.22,0.026666667064031,                   ,2SXPS J195821.8+351201,299.59111,35.20053,0.000694444444444444,                   ,                     ,           ,          ,                       ,                      ,,,,                   ,2MASS J19582166+3512057,299.59028,35.201599,1.66666662941376E-05,2.05938366823681E+018,299.590294829042,35.2015787651137,3.03832296695974E-09,Simbad
IGR J20006+3210,300.09104899634,32.18973933161,1.4430977404117598e-05,                   ,BV-III       ,2008A&A...482..113M,Be          ,      ,     ,                              ,      ,     ,                              ,              ,        ,                   ,         ,        ,                   ,          ,       ,                   ,889.7,4.7,2013MNRAS.436..945P,        ,       ,                   ,8356,-1199,1766,  ,0.999784529209137,    ,    , ,              ,      ,     ,    ,                   ,          ,         ,        ,                     ,          ,                   ,                   ,                    ,           ,         ,        ,                     ,IGR J20006+3210   ,300.091,32.189,0.0200000007947286,                 ,                  ,                   ,                      ,                      ,                      ,          ,         ,                      ,                 ,         ,        ,         ,                     ,                   ,                   ,                     ,                   ,2SXPS J200021.9+321122,300.09139,32.18959,0.000972222222222222,                   ,                     ,           ,          ,                       ,                      ,,,,                   ,2MASS J20002185+3211232,300.091068,32.189781,1.66666662941376E-05,2.0339897900479E+018,300.091048996336,32.1897393316121,4.00860483447711E-09,Simbad
W63 X-1,304.79994307775,45.66718469428,0.00019552108645439138,                   ,Be?          ,2004HEAD....8.1730R,Be?         ,      ,     ,                              ,      ,     ,                              ,              ,        ,                   ,         ,        ,                   ,          ,       ,                   ,36,        ,2004HEAD....8.1730R,        ,       ,                   ,767,-107,157,  ,1.00037169456482,    ,    , ,              ,      ,     ,    ,                   ,          ,         ,        ,                     ,          ,                   ,                   ,                    ,           ,         ,        ,                     ,                  ,        ,                   ,                      ,                 ,                  ,                   ,                      ,                      ,                      ,          ,         ,                      ,                 ,         ,        ,         ,                     ,                   ,                   ,                     ,                   ,2SXPS J201912.5+454000,304.80239,45.66675,0.0015555555290646,                   ,                     ,           ,          ,                       ,                      ,,,,                   ,2MASS J20191203+4540017,304.800141,45.667164,6.38888900478681E-05,2.08169065890078E+018,304.799943077751,45.6671846942778,5.43114129039976E-08,Simbad
RX J2030.5+4751,307.62850374937,47.86406792934,1.4208544977009303e-05,                   ,B0.5V-IIIe   ,1997A&A...323..853M,Be          ,      ,     ,                              ,14.6,     ,1996MNRAS.280L..31P           ,46.02,        ,2018MNRAS.481.2779S,         ,        ,                   ,0.41,       ,2018MNRAS.481.2779S,               ,        ,                   ,        ,       ,                   ,2293,-85,95,  ,                     ,0,    , ,              ,      ,     ,    ,                   ,          ,         ,        ,                     ,          ,                   ,                   ,                    ,           ,         ,        ,                     ,                  ,        ,                   ,                      ,1WGA J2030.5+4751,307.6271,47.8642,0.00361111111111111,                      ,1RXS  J203032.8+475200,307.63666,47.86666,0.00472222222222222,                 ,         ,        ,         ,                     ,                   ,                   ,                     ,                   ,                      ,                   ,                   ,                       ,                   ,4XMM J203030.7+475150,307.62816,47.864102,0.000261693611111111,                      ,,,,                   ,2MASS J20303085+4751506,307.628543,47.864079,2.22222217255168E-05,2.08364439229406E+018,307.628503749371,47.8640679293417,3.94681804916925E-09,Simbad
EXO 2030+375,308.06362685512,37.63743239547,6.144415959715848e-05,                   ,B0Ve         ,1987A&A...182L..55M,Be          ,      ,     ,                              ,17.5,     ,1996MNRAS.280L..31P           ,46.0214,0.0005,2002ApJ...570..287W,         ,        ,                   ,0.419,0.002,2002ApJ...570..287W,41.306,0.003,2021JApA...42...33J,        ,       ,                   ,2410,-391,497,Y ,32.5493812561035,1,    ,Y,              ,      ,     ,    ,                   ,          ,         ,        ,                     ,          ,                   ,                   ,                    ,           ,         ,        ,                     ,EXO 2030+375      ,308.063,37.638,0.00300000011920929,                 ,                  ,                   ,                      ,                      ,                      ,          ,         ,                      ,                 ,         ,        ,         ,EXO 2030+375         ,308.061,37.627,0.0349999984105428,                   ,2SXPS J203215.3+373814,308.06416,37.63743,0.000611111124356588,                   ,4XMM J203215.2+373815,308.063631,37.637519,6.96722222222222E-05,                      ,,,,                   ,2MASS J20321527+3738148,308.063646,37.637463,1.66666662941376E-05,2.06379136981532E+018,308.063626855121,37.6374323954656,1.70678221103218E-08,Simbad
Cyg X-3,308.107422,40.957756,0.05999999865889536,                   ,WN4/5-6/7    ,1996A&A...314..521V,WR          ,7.2,0,2022ApJ...926..123A           ,      ,     ,                              ,0.199685,0.00000003,2017ApJ...849..141B,         ,        ,                   ,          ,       ,                   ,               ,        ,                   ,        ,       ,                   ,        ,       ,       ,  ,1.57568311691284,1,1,Y,              ,      ,     ,    ,                   ,          ,         ,        ,                     ,          ,                   ,                   ,                    ,3A 2030+407,308.1106,40.9609,0,Cyg X-3           ,308.107,40.958,0.00300000011920929,1WGA J2032.4+4057,308.1054,40.9619,0.0138888888888889,                      ,                      ,          ,         ,                      ,4FGL J2032.6+4053,308.1526,40.8939,0.165345,Cyg X-3              ,308.136,40.948,0.026666667064031,                   ,2SXPS J203225.7+405727,308.10713,40.95763,0.000222222225533591,                   ,4XMM J203225.7+405730,308.107403,40.958401,0.000101351666666667,2CXO J203225.7+405728 ,308.107394116402,40.9578444135096,0.7098863863698001,                   ,2MASS J20322578+4057279,308.107422,40.957756,1.66666662941376E-05,                   ,                    ,                    ,                       ,Simbad
GRO J2058+42,314.69805829882,41.77697968527,1.103315502405168e-05,                   ,O9.5-B0IV-Ve ,2005A&A...440..637R,Be          ,      ,     ,                              ,18,     ,2005A&A...441..235Z           ,55,        ,1998ApJ...499..820W,         ,        ,                   ,          ,       ,                   ,195.25,0.02,2020MNRAS.497.1059K,        ,       ,                   ,8861,-927,1065,  ,0.998159468173981,    ,    , ,              ,      ,     ,    ,                   ,          ,         ,        ,                     ,          ,                   ,                   ,                    ,           ,         ,        ,                     ,                  ,        ,                   ,                      ,                 ,                  ,                   ,                      ,                      ,                      ,          ,         ,                      ,                 ,         ,        ,         ,GRO J2058+42         ,314.734,41.782,0.0450000007947286,                   ,2SXPS J205847.2+414637,314.69706,41.77704,0.000972222222222222,                   ,                     ,           ,          ,                       ,                      ,,,,                   ,2MASS J20584753+4146372,314.698057,41.777,1.94444445272287E-05,2.06565359891639E+018,314.698058298815,41.7769796852705,3.0647652844588E-09,Simbad
SAX J2103.5+4545,315.89876969225,45.75153283211,1.0842504911124697e-05,                   ,B0Ve         ,2004A&A...421..673R,Be          ,      ,     ,                              ,17.5,     ,1996MNRAS.280L..31P           ,12.66536,0.00088,2007MNRAS.374.1108B,         ,        ,                   ,0.4055,0.003,2007MNRAS.374.1108B,358.61,0.03,1998A&A...337L..25H,        ,       ,                   ,6218,-448,576,Y ,9.56057739257813,    ,1,Y,              ,      ,     ,    ,                   ,          ,         ,        ,                     ,          ,                   ,                   ,                    ,           ,         ,        ,                     ,SAX J2103.5+4545  ,315.899,45.752,0.00583333323399226,                 ,                  ,                   ,                      ,                      ,                      ,          ,         ,                      ,                 ,         ,        ,         ,SAX J2103.5+4545     ,315.92,45.736,0.0299999992052714,                   ,2SXPS J210335.6+454506,315.8987,45.7518,0.000361111097865634,                   ,                     ,           ,          ,                       ,2CXO J210335.6+454505 ,315.898719484267,45.7515403509989,0.7103785990878,                   ,2MASS J21033570+4545055,315.898784,45.751537,3.33333325882753E-05,2.16280589661457E+018,315.898769692253,45.7515328321077,3.01180691975686E-09,Simbad
IGR J21347+4737,323.58486828065,47.63337917571,1.123417820781468e-05,                   ,B3V          ,2009A&A...495..121M,Be          ,      ,     ,                              ,12.5,     ,1996MNRAS.280L..31P           ,              ,        ,                   ,         ,        ,                   ,          ,       ,                   ,322.7,0.6,2020ATel14291....1P,        ,       ,                   ,8300,-805,851,Y ,                     ,1,    ,Y,              ,      ,     ,    ,                   ,1H2131+473,323.3388,47.5526,0.0922549666916606,4U 2129+47,323.317083333333,47.5486111111111,0.0270094897813754,           ,         ,        ,                     ,IGR J21347+4737   ,323.585,47.634,0.0514999985694885,                 ,                  ,                   ,                      ,                      ,1RXS  J213419.6+473810,323.58167,47.63625,0.00444444444444444,                 ,         ,        ,         ,                     ,                   ,                   ,                     ,                   ,                      ,                   ,                   ,                       ,                   ,4XMM J213420.3+473800,323.584905,47.633382,6.72238888888889E-05,                      ,,,,                   ,2MASS J21342037+4738002,323.584907,47.633389,1.66666662941376E-05,1.97836512314352E+018,323.58486828065,47.6333791757063,3.1206050577263E-09,Simbad
Cep X-4,324.87785209105,56.98621852916,1.1529864743351941e-05,                   ,B1-B2Ve      ,1998A&A...332L...9B,Be          ,      ,     ,                              ,10.8,     ,1996MNRAS.280L..31P           ,20.85,0.05,2007A&A...470.1065M,         ,        ,                   ,          ,       ,                   ,65.3508,0.00014,2021ApJ...920..139M,        ,       ,                   ,7446,-492,576,  ,2.91729331016541,    ,0, ,              ,      ,     ,    ,                   ,          ,         ,        ,                     ,          ,                   ,                   ,                    ,           ,         ,        ,                     ,                  ,        ,                   ,                      ,1WGA J2139.4+5659,324.8742,56.9854,0.00361111111111111,                      ,                      ,          ,         ,                      ,                 ,         ,        ,         ,                     ,                   ,                   ,                     ,                   ,2SXPS J213930.6+565908,324.87771,56.98567,0.000972222222222222,                   ,                     ,           ,          ,                       ,2CXO J213930.6+565910 ,324.877865153605,56.9862494887393,0.71243024502816,                   ,2MASS J21393068+5659104,324.877848,56.986237,1.66666662941376E-05,2.17817840918817E+018,324.87785209105,56.986218529162,3.20274020648665E-09,Simbad
1H 2202+501,330.40919197022,50.16795238314,1.1207035742700096e-05,                   ,Be           ,1964LS....C03....0H,Be          ,      ,     ,                              ,      ,     ,                              ,              ,        ,                   ,         ,        ,                   ,          ,       ,                   ,               ,        ,                   ,-16.8,2.5,2017AJ....153..174C,1116,-16,14,  ,                     ,    ,    , ,              ,      ,     ,    ,                   ,1H2202+501,331.1879,50.4233,0.190985939299373,          ,                   ,                   ,                    ,           ,         ,        ,                     ,                  ,        ,                   ,                      ,                 ,                  ,                   ,                      ,                      ,                      ,          ,         ,                      ,                 ,         ,        ,         ,                     ,                   ,                   ,                     ,                   ,                      ,                   ,                   ,                       ,                   ,                     ,           ,          ,                       ,                      ,,,,                   ,2MASS J22013820+5010046,330.409184,50.167953,1.66666662941376E-05,1.97991100213404E+018,330.409191970223,50.1679523831388,3.11306548408336E-09,Simbad
4U 2206+543,331.98428755193,54.5184321708,1.2050482444465177e-05,                   ,O9.5Vep      ,2006A&A...446.1095B,Be          ,      ,     ,                              ,18,     ,2005A&A...441..235Z           ,9.558,0.04,2014AN....335.1060S,         ,        ,                   ,0.3,0.02,2014AN....335.1060S,392,        ,1992ApJ...401..678S,-54.5,1,2014AN....335.1060S,3104,-135,133,  ,1.08380746841431,1,    ,Y,              ,      ,     ,    ,                   ,          ,         ,        ,                     ,          ,                   ,                   ,                    ,3A 2206+543,331.9763,54.5852,0.0551328885526413,4U 2206+543       ,331.984,54.518,0.00816666682561239,                 ,                  ,                   ,                      ,                      ,                      ,          ,         ,                      ,                 ,         ,        ,         ,4U 2206+543          ,332.019,54.512,0.0283333341280619,                   ,2SXPS J220756.2+543107,331.98429,54.51883,0.000972222222222222,                   ,4XMM J220756.2+543106,331.984189,54.518425,0.000527779722222222,                      ,,,,                   ,2MASS J22075623+5431064,331.984313,54.518459,1.94444445272287E-05,2.00565352428021E+018,331.98428755193,54.5184321708028,3.34735623457366E-09,Simbad
SAX J2239.3+6116,339.83682979593,61.27405311885,1.245749089866876e-05,                   ,B0Ve         ,2017A&A...598A..16R,Be          ,      ,     ,                              ,17.5,     ,1996MNRAS.280L..31P           ,262,5,2000A&A...361...85I,         ,        ,                   ,          ,       ,                   ,1247.2,0.7,2001A&A...380L..26I,        ,       ,                   ,7387,-675,855,  ,                     ,    ,0, ,              ,      ,     ,    ,                   ,          ,         ,        ,                     ,          ,                   ,                   ,                    ,           ,         ,        ,                     ,                  ,        ,                   ,                      ,                 ,                  ,                   ,                      ,                      ,                      ,          ,         ,                      ,                 ,         ,        ,         ,4U 2238+60           ,339.812,61.261,0.05,                   ,                      ,                   ,                   ,                       ,                   ,                     ,           ,          ,                       ,2CXO J223920.8+611626 ,339.836836124828,61.2739926545302,0.7151698268244,                   ,2MASS J22392085+6116266,339.836886,61.274059,1.94444445272287E-05,2.20109157866714E+018,339.836829795925,61.2740531188547,3.4604141385191E-09,Simbad
MWC 656,340.73874140526,44.72172459979,1.3241217471659175e-05,                   ,B1.5-B2IIIe  ,2014Natur.505..378C,Be          ,      ,     ,                              ,7.8,2,2010ApJ...723L..93W           ,60.37,0.04,2010ApJ...723L..93W,         ,        ,                   ,0.1,0,2014Natur.505..378C,               ,        ,                   ,-14.1,2.1,2014Natur.505..378C,1984,-76,80,  ,                     ,    ,    , ,AGL J2241+4454,340.3,44.9,0.1,2010ATel.2761....1L,          ,         ,        ,                     ,          ,                   ,                   ,                    ,           ,         ,        ,                     ,                  ,        ,                   ,                      ,                 ,                  ,                   ,                      ,                      ,                      ,          ,         ,                      ,                 ,         ,        ,         ,                     ,                   ,                   ,                     ,                   ,                      ,                   ,                   ,                       ,                   ,                     ,           ,          ,                       ,                      ,,,,                   ,2MASS J22425730+4443183,340.738777,44.72176,1.66666662941376E-05,1.98235958015563E+018,340.738741405261,44.7217245997929,3.67811596434977E-09,Simbad
2MASS J22535512+6243368,343.47967087768,62.72688234992,1.5130958519876005e-05,                   ,BIII         ,2013A&A...556A.120M,            ,      ,     ,                              ,      ,     ,                              ,              ,        ,                   ,         ,        ,                   ,          ,       ,                   ,46.753,0.003,2021A&A...649A.118L,        ,       ,                   ,9748,-1166,1676,  ,1.05140554904938,1,1,Y,              ,      ,     ,    ,                   ,1H2252+621,343.6493,62.4367,0.202320922818225,          ,                   ,                   ,                    ,           ,         ,        ,                     ,                  ,        ,                   ,                      ,1WGA J2253.9+6242,343.4771,62.7259,0.00361111111111111,                      ,1RXS  J225352.8+624354,343.47,62.73167,0.00722222222222222,                 ,         ,        ,         ,                     ,                   ,                   ,                     ,                   ,2SXPS J225355.1+624337,343.47967,62.72704,0.000249999993377262,                   ,4XMM J225355.0+624336,343.479539,62.726874,9.80527777777778E-05,2CXO J225355.0+624337 ,343.4793607131,62.7269904252261,0.7172143529756401,                   ,2MASS J22535512+6243368,343.479704,62.726913,1.66666662941376E-05,2.20727787775796E+018,343.479670877685,62.726882349923,4.20304403329889E-09,Simbad
